data_pregao,1/N Portfolio (Equal Weights),Goal-Based: Aposentadoria Confortável,Markowitz MVO (Lookback: 120d),Naive Risk Parity (Lookback: 120d),SELIC,IPCA,IBOVESPA
2014-01-03,1.0015048848483152,,,,1.0,1.0,1.0
2014-01-06,1.00225738532093,,,,1.0003844168905276,1.000261163594957,0.999853475082624
2014-01-07,0.9940608446511764,,,,1.000768981557401,1.0005223953963371,0.9891906979627152
2014-01-08,0.9951795232925431,,,,1.0011536940574277,1.0007836954219538,0.9920666662874411
2014-01-09,0.9699818495183647,,,,1.0015385544474376,1.0010450636896246,0.967450480168235
2014-01-10,0.9770506065090403,,,,1.0019235627842815,1.0013065002171717,0.9748016372345119
2014-01-13,0.9727916923980201,,,,1.0023087191248334,1.0015680050224223,0.9695143826858157
2014-01-14,0.9785482482223175,,,,1.002694023525988,1.0018295781232078,0.9749320777566741
2014-01-15,0.9844215380867829,,,,1.0030794760446626,1.0020912195373648,0.9828226505161034
2014-01-16,0.9763180186813152,,,,1.0034650767377957,1.002352929282734,0.9747983026647725
2014-01-17,0.9695695419060364,,,,1.0038508256623482,1.002614707377161,0.9647078946330887
2014-01-20,0.9613763646738543,,,,1.004236722875303,1.0028765538384965,0.9554211179086209
2014-01-21,0.9576152047137099,,,,1.0046227684336644,1.003138468684595,0.9521583394941145
2014-01-22,0.9712566082535123,,,,1.005008962394459,1.0034004519333164,0.9670185553113911
2014-01-23,0.9543526314958768,,,,1.0053953048147348,1.0036625036025246,0.9478149643328537
2014-01-24,0.9430738161377628,,,,1.005781795751563,1.003924623710089,0.9373550075135703
2014-01-27,0.9420397476572718,,,,1.006168435262035,1.0041868122738828,0.935661634539395
2014-01-28,0.9450599990822544,,,,1.0065552234032653,1.0044490693117847,0.9384053969815083
2014-01-29,0.9394407756087171,,,,1.0069421602323902,1.0047113948416773,0.9328317617375383
2014-01-30,0.9338928207033439,,,,1.0073292458065681,1.0049737888814483,0.9267016456493967
2014-01-31,0.9400874968624332,,,,1.0077164801829785,1.0052362514489903,0.9344443204333213
2014-02-03,0.9151400944958993,,,,1.0081132932692944,1.0055654511504497,0.9051889632018458
2014-02-04,0.9282239719125257,,,,1.008510262610498,1.005894758659843,0.9212086285326577
2014-02-05,0.9219067165553143,,,,1.0089073882681185,1.006224174012476,0.9145428236234256
2014-02-06,0.9416159549791872,,,,1.0093046703037092,1.0065536972436653,0.9363881784402803
2014-02-07,0.9460642653653883,,,,1.0097021087788483,1.0068833283887397,0.9429692460478972
2014-02-10,0.9387977690868737,,,,1.010099703755137,1.0072130674830397,0.9358532742238347
2014-02-11,0.9497794778200754,,,,1.0104974552942017,1.0075429145619164,0.9506032530885471
2014-02-12,0.950270711360303,,,,1.0108953634576932,1.0078728696607335,0.9457798960359616
2014-02-13,0.9400395622313119,,,,1.0112934283072856,1.0082029328148658,0.9378542122186874
2014-02-14,0.9478190566981896,,,,1.0116916499046786,1.0085331040596999,0.9454703695036728
2014-02-17,0.9364755394704779,,,,1.0120900283115948,1.0088633834306335,0.9332152372575792
2014-02-18,0.9218594927405332,,,,1.0124885635897822,1.0091937709630767,0.9140597033135227
2014-02-19,0.9276867056184133,,,,1.0128872558010127,1.0095242666924509,0.9248690053508075
2014-02-20,0.9317259268423763,,,,1.0132861050070825,1.0098548706541883,0.9275715760490801
2014-02-21,0.933901972959381,,,,1.013685111269812,1.0101855828837338,0.9293689091386629
2014-02-24,0.93375069188591,,,,1.0140842746510463,1.0105164034165437,0.9296290055783428
2014-02-25,0.9217642424680983,,,,1.0144835952126547,1.010847332288085,0.9163379990502363
2014-02-26,0.9213562697422093,,,,1.0148830730165306,1.0111783695338377,0.9140489149996598
2014-02-27,0.940190725798294,,,,1.015282708124592,1.011509515189292,0.9338119290897862
2014-02-28,0.9355109442827888,,,,1.015682500598782,1.0118407692899514,0.9237621243484595
2014-03-05,0.9266995186164221,,,,1.0160904752875983,1.012282144609079,0.9138486446641294
2014-03-06,0.9353128595572263,,,,1.0164986138498169,1.0127237124606467,0.9237372131509939
2014-03-07,0.9201358511858724,,,,1.0169069163512614,1.0131654729286395,0.9070828026627128
2014-03-10,0.9065065572494299,,,,1.0173153828577821,1.013607426097078,0.8931390050703114
2014-03-11,0.9101965724979928,,,,1.0177240134352559,1.0140495720500204,0.8963641224618776
2014-03-12,0.9123531458033367,,,,1.018132808149586,1.0144919108715613,0.8995847283767373
2014-03-13,0.9066890228523684,,,,1.018541767066702,1.0149344426458322,0.8913860021431478
2014-03-14,0.8978639738292843,,,,1.0189508902525604,1.0153771674570007,0.8820066420706189
2014-03-17,0.9006268954325565,,,,1.019360177773144,1.0158200853892716,0.8849908858362976
2014-03-18,0.91869841250004,,,,1.0197696296944616,1.0162631965268862,0.9052564392012805
2014-03-19,0.9245293406631876,,,,1.0201792460825492,1.016706500954123,0.9134216235863143
2014-03-20,0.9319013948884151,,,,1.0205890270034692,1.0171499987552965,0.9273728749228392
2014-03-21,0.9424393498341948,,,,1.0209989725233102,1.0175936900147586,0.9293826397199433
2014-03-24,0.9505409950599135,,,,1.0214090827081876,1.0180375748168977,0.9413965060378269
2014-03-25,0.9556943787075562,,,,1.0218193576242431,1.0184816532461392,0.9450590405187491
2014-03-26,0.9527043771664699,,,,1.0222297973376453,1.0189259253869452,0.9408510096586793
2014-03-27,0.975326309845551,,,,1.0226404019145894,1.0193703913238146,0.9738275505682598
2014-03-28,0.9804549416133793,,,,1.0230511714212969,1.0198150511412833,0.9762062756994799
2014-03-31,0.9928933885152321,,,,1.023462105924016,1.020259904923924,0.9888945097093843
2014-04-01,0.9889898891191381,0.9969873824843541,0.9987108655616943,0.9969357817827168,1.023881275743418,1.02058439296236,0.9860591446750158
2014-04-02,1.0147205919688873,1.0220558799889605,1.0259668508287294,1.0218132985499873,1.0243006172382894,1.0209089842024275,1.0141220989978834
2014-04-03,1.0091266588374812,1.0163696236205675,1.017863720073665,1.0161455960900037,1.024720130478942,1.0212336786769496,1.0083780083948772
2014-04-04,1.0067753288712042,1.0119217485870942,1.0243093922651936,1.0115204345947852,1.0251398155357156,1.0215584764187593,1.001975046041581
2014-04-07,1.0168472667120183,1.025413757420187,1.030386740331492,1.0248208688252427,1.0255596724789797,1.0218833774607003,1.0230318731906278
2014-04-08,1.0080171623302165,1.016726030564198,1.0128913443830572,1.0163734840685625,1.025979701379132,1.022208381835627,1.0127102029399526
2014-04-09,0.9997670086601176,1.0115858239160485,1.0174953959484347,1.0112136270538072,1.0263999023065997,1.022533489576403,1.0040075643733781
2014-04-10,0.9995454038829279,1.0103069040792039,1.010865561694291,1.01003606330265,1.026820275331838,1.0228587007159045,1.0028714568480193
2014-04-11,1.0087072152239571,1.0215291869567489,1.0324125230202579,1.0209682703422294,1.0272408205253316,1.0231840152870155,1.0173829159007777
2014-04-14,1.0075901766858169,1.0187468766850083,1.0265193370165746,1.018260916881133,1.0276615379575937,1.0235094333226327,1.012072319363905
2014-04-15,0.9881079991088945,1.0005407409911544,1.009208103130755,1.0002176752773841,1.0280824276991667,1.0238349548556622,0.9896679337377836
2014-04-16,0.99975138868197,1.0143689749877274,1.025230202578269,1.0139220562936027,1.0285034898206213,1.0241605799190208,1.0043049295336757
2014-04-17,1.017970564369897,1.0304301292436029,1.0403314917127073,1.0298779482614375,1.0289247243925583,1.0244863085456357,1.0221799886977696
2014-04-22,1.0176916895922088,1.030508680283252,1.041804788213628,1.0299759763845913,1.029346131485606,1.024812140768445,1.0195321441734568
2014-04-23,1.0097096726930337,1.0212534914887037,1.0329650092081033,1.0207345282393319,1.0297677111704224,1.0251380766203961,1.0115454573450662
2014-04-24,1.0107586723543838,1.0225060484582678,1.0335174953959485,1.022045410152772,1.0301894635176945,1.0254641161344484,1.016405298513625
2014-04-25,1.004006925363962,1.0153750515991518,1.0325966850828732,1.0148257192995376,1.0306113885981376,1.0257902593435706,1.0082042184661013
2014-04-28,1.000742525131776,1.0122755800481598,1.0313075506445675,1.0116187856509584,1.0310334864824968,1.0261165062807427,1.0078968495965852
2014-04-29,1.0111565240086196,1.0225644347408056,1.0460405156537755,1.0217714908185047,1.0314557572415457,1.0264428569789545,1.0168203543706102
2014-04-30,1.0085961331765803,1.021357841958853,1.0313075506445675,1.0209253794711732,1.031878200946087,1.026769311471207,1.0126635189635995
2014-05-02,1.0298244636574427,1.0407198361208416,1.0552486187845305,1.0400289580890774,1.032301925959518,1.0269936981595371,1.0392149324386741
2014-05-05,1.0344273784452884,1.046832685228297,1.0583793738489873,1.0461235881447044,1.0327258249691507,1.0272181338845743,1.048352830431832
2014-05-06,1.0394411270661486,1.0507191998296626,1.0589318600368325,1.0498915405662232,1.0331498980464333,1.0274426186570347,1.0548958447141863
2014-05-07,1.0431574103800503,1.0556057680075608,1.0624309392265194,1.0547342652534302,1.0335741452628442,1.027667152487637,1.0602507714134781
2014-05-08,1.0365159295363229,1.048978963004338,1.0734806629834255,1.0480793109143447,1.033998566689891,1.0278917353871024,1.047885990668304
2014-05-09,1.0277820852462092,1.0392297714636236,1.0497237569060773,1.0385359215229801,1.0344231623991103,1.0281163673661542,1.041569334825912
2014-05-12,1.0452531114970516,1.0550401564775238,1.0618784530386738,1.0543191532733993,1.0348479324620687,1.028341048435518,1.0602539098320565
2014-05-13,1.0441857616265118,1.0538515166766047,1.0611418047882135,1.0530845898252836,1.035272876950362,1.0285657786059217,1.0574010873443458
2014-05-14,1.048795302906189,1.060274246377883,1.063351749539595,1.0594643679486864,1.035697995935615,1.0287905578880958,1.0673082901915192
2014-05-15,1.0376843307308132,1.046992401498227,1.0519337016574586,1.0461228856261482,1.0361232894894825,1.0290153862927733,1.0563826705156745
2014-05-16,1.0393726810583688,1.049317684425108,1.05451197053407,1.0484070640562495,1.0365487576836485,1.0292402638306888,1.0587407997749745
2014-05-19,1.0277236361095914,1.039043315446277,1.0443830570902395,1.0382243693141948,1.0369744005898258,1.0294651905125798,1.046527251575044
2014-05-20,1.017681128952091,1.0262704860883312,1.050828729281768,1.0253168324393687,1.0374002182797577,1.0296901663491864,1.0271688973303625
2014-05-21,1.0113410626529424,1.020631424083318,1.0333333333333332,1.019908876832819,1.0378262108252165,1.0299151913512505,1.0239751641245798
2014-05-22,1.0181759091566969,1.0306255607223018,1.0320441988950275,1.0299800887830064,1.0382523782980038,1.0301402655295164,1.0358001368742797
2014-05-23,1.0157604931449868,1.027490803869814,1.0235727440147329,1.0269999569882853,1.0386787207699508,1.030365388894731,1.0322731428457095
2014-05-26,1.0199201774622169,1.0331894522448468,1.0325966850828727,1.0325874218188915,1.0391052383129182,1.0305905614576436,1.0382851759348413
2014-05-27,1.0088042416669725,1.020512374948057,1.0180478821362797,1.0200615502168093,1.0395319309987965,1.0308157832290057,1.023398675861971
2014-05-28,1.0168640622382021,1.029670851499946,1.0316758747697974,1.0291159032434218,1.0399587988995052,1.031041054219571,1.0325348084946786
2014-05-29,1.0112197800791334,1.0246851151468181,1.020073664825046,1.0243872986282219,1.0403858420869936,1.0312663744400956,1.0246807198512229
2014-05-30,0.9967878156341031,1.0082702771113115,1.007366482504604,1.0081044103169334,1.0408130606332406,1.0314917439013382,1.0050656037366008
2014-06-02,1.0035790114893828,1.0142688656309278,1.0149171270718231,1.0140315173857644,1.0412404546102547,1.0316878427709302,1.0122543476414487
2014-06-03,1.0098232998961174,1.0227085881826716,1.0195211786372007,1.0225638211566532,1.041668024090074,1.0318839789212535,1.0206211754201406
2014-06-04,1.007638285519383,1.0208000427780797,1.0165745856353592,1.0207834751376736,1.0420957691447654,1.0320801523593957,1.016709921266885
2014-06-05,1.0031345478400768,1.0178398458202595,1.0128913443830572,1.017945832409335,1.0425236898464265,1.0322763630924456,1.011331652579417
2014-06-06,1.0302499687196387,1.0427207314965745,1.037937384898711,1.0424430126069926,1.042951786267184,1.0324726111274938,1.0421248349142789
2014-06-09,1.054237858025435,1.063717068643905,1.0602209944751384,1.0633676136495243,1.0433800584791943,1.032668896471631,1.0645743353074637
2014-06-10,1.0600707632818485,1.0708964634251597,1.0624309392265197,1.0706367471524563,1.0438085065546434,1.0328652191319512,1.0710704694623043
2014-06-11,1.0689575563392448,1.0791473688665516,1.0727440147329654,1.0787193907119301,1.0442371305657467,1.0330615791155477,1.0808407587989979
2014-06-13,1.0630301775261386,1.0713444231494091,1.0637200736648253,1.0708625600503918,1.0446659305847499,1.0332579764295167,1.0750386074522926
2014-06-16,1.0600010203595267,1.0677069205816352,1.0627992633517498,1.0672147141050896,1.0450949066839275,1.033454411080955,1.0715649665395544
2014-06-17,1.0549486779927568,1.0641708861243206,1.0570902394106816,1.063906480133742,1.0455240589355845,1.0336508830769606,1.0650998242681746
2014-06-18,1.0689539210547583,1.0817292522021584,1.0681399631675876,1.0815295161629501,1.045953387412055,1.0338473924246336,1.0828042319220714
2014-06-20,1.0605136476424424,1.0701927499980588,1.0637200736648251,1.0698486370236546,1.0463828921857032,1.0340439391310747,1.0717344411427845
2014-06-23,1.0533678407262412,1.0638487262598693,1.056353591160221,1.0636464364739215,1.0468125733289226,1.0342405232033864,1.0633364253294701
2014-06-24,1.0544868289457772,1.0641070811325066,1.0581952117863722,1.063931282468407,1.047242430914137,1.0344371446486722,1.0647238024922572
2014-06-25,1.0380623049042905,1.0517360163904919,1.0445672191528548,1.0517765851003507,1.0476724650137994,1.0346338034740372,1.047952093609611
2014-06-26,1.0435357148886575,1.0526285836585851,1.0464088397790057,1.0525829444667445,1.0481026757003926,1.0348304996865882,1.0495411141660564
2014-06-27,1.0372406454239702,1.0456372994957992,1.0390423572744016,1.0455954086285613,1.0485330630464296,1.0350272332934325,1.0426866118398017
2014-06-30,1.0360623419728627,1.044666278228468,1.03609576427256,1.0446251395028125,1.048963627124453,1.0352240043016792,1.0429008089077734
2014-07-01,1.0318994950947216,1.044666278228468,1.0360821895400887,1.0406953889067787,1.0493943680070348,1.0352289856078039,1.042964950337468
2014-07-02,1.032724865251476,1.0315802250616992,1.0248781716344237,1.0389448888777981,1.0498252857667771,1.0352339669378976,1.0401656771167505
2014-07-03,1.0405331167939134,1.0335764026634098,1.0245970433677398,1.0485398923178348,1.050256380476312,1.0352389482919606,1.056756142326498
2014-07-04,1.0432005309954842,1.0313584275503982,1.0227784100360227,1.0517056303050183,1.050687652208301,1.0352439296699931,1.0603127551804012
2014-07-07,1.0436178970209204,1.0442226832058654,1.0348735308090897,1.051703882578358,1.0511191010354357,1.035248911071995,1.0553291426291591
2014-07-08,1.0427929663805762,1.0384559479120352,1.0295467885424023,1.0499803524511644,1.0515507270304378,1.0352538924979664,1.0520506721217613
2014-07-10,1.0520319392365705,1.0690640044715953,1.0549991998401833,1.0608191385781425,1.0519825302660581,1.0352588739479074,1.070843130266536
2014-07-11,1.054295574590259,1.075496132299329,1.0607631780699815,1.0646274817854213,1.0524145108150784,1.0352638554218183,1.0746323783975589
2014-07-14,1.0676846759355987,1.094570718271229,1.0776970164505681,1.0791189538338692,1.0528466687503093,1.0352688369196994,1.0934246403911727
2014-07-15,1.0710368737515548,1.0981194784520474,1.0803005216074366,1.0822210584065366,1.0532790041445919,1.0352738184415502,1.097928859504573
2014-07-16,1.0675077076921813,1.0743871447428233,1.0616003873773219,1.0775740676857184,1.0537115170707967,1.0352787999873714,1.0929024860002012
2014-07-17,1.0630896260112488,1.0748307397654255,1.0608537823087179,1.0728499556408313,1.054144207601825,1.0352837815571627,1.0913362189784486
2014-07-18,1.0818718188088332,1.1065477838814917,1.0903872411451452,1.0940254940109313,1.054577075810607,1.0352887631509244,1.1183146535313386
2014-07-21,1.0886377935022045,1.1169722669126463,1.0990355653874342,1.1026883805845655,1.0550101217701036,1.0352937447686568,1.1304960329408411
2014-07-22,1.090944467292162,1.1309455101246195,1.1069666917598489,1.1063163023502658,1.0554433455533052,1.0352987264103597,1.1373495545112902
2014-07-23,1.085763527384702,1.124513382296886,1.0996738747214898,1.1006940953688735,1.0558767472332329,1.0353037080760334,1.1262991826969566
2014-07-24,1.0975511159010167,1.1418135881783764,1.118534518148341,1.1123687279583951,1.0563103268829368,1.035308689765678,1.1372365714424697
2014-07-25,1.0939440698545453,1.136934042929751,1.1145378249927749,1.1080567753764654,1.0567440845754978,1.0353136714792934,1.1341671980728538
2014-07-28,1.0929146115851411,1.1333852827489326,1.111643859016362,1.1069780172758021,1.0571780203840262,1.0353186532168799,1.1317082471167248
2014-07-29,1.0863867072145885,1.1291711300342104,1.1078278559372448,1.0992405671938354,1.0576121343816627,1.0353236349784378,1.120392090479038
2014-07-30,1.0809461759527852,1.1234043947403802,1.101353305066676,1.0926866137665865,1.0580464266415777,1.0353286167639668,1.1156679859139926
2014-07-31,1.0661419688463516,1.0959015033390362,1.0778409317876367,1.0763247147724826,1.0584808972369726,1.0353335985734673,1.0951003597608444
2014-08-01,1.0658380482376943,1.0976758834294458,1.0793301570493596,1.0768139228148,1.0589155462410773,1.0354567458385218,1.0965412861906245
2014-08-04,1.0732583856835571,1.1081003664606002,1.0865268822001526,1.0858503306268408,1.0593503737271532,1.0355799077512693,1.110535886933763
2014-08-05,1.069100796104929,1.1081003664606002,1.086789544544348,1.0803853406486839,1.0597853797684906,1.035703084313452,1.102410717385603
2014-08-06,1.0703410758403882,1.1058823913475886,1.0852520398211174,1.0821386694593846,1.060220564438411,1.035826275526813,1.1080025946875596
2014-08-07,1.067543379394652,1.0947925157825307,1.0748302344530465,1.079029507454959,1.0606559278102654,1.0359494813930945,1.1021351250041926
2014-08-08,1.0607192673563806,1.0848116277739783,1.067347788184339,1.070368848342915,1.061091469957435,1.0360727019140394,1.0900694747797661
2014-08-11,1.0731628882124324,1.106325986370191,1.0854145714991503,1.084519055960797,1.061527190953331,1.036195937091391,1.110476845434258
2014-08-12,1.0709342313346255,1.106325986370191,1.0871447853679923,1.0820657073015016,1.061963090871395,1.0363191869268922,1.10712305288098
2014-08-13,1.0687010650636664,1.1211864196273686,1.100780977875822,1.0782426380108108,1.0623991697850987,1.036442451422287,1.090231495638873
2014-08-14,1.0671394385580222,1.1112055316188165,1.0919508297598712,1.076754915580814,1.0628354277679442,1.0365657305793188,1.094139219071228
2014-08-15,1.0818096881488397,1.1307237126133185,1.1095503906589599,1.093508438081692,1.063271864893463,1.0366890243997318,1.1173486090626934
2014-08-18,1.0922235686312458,1.178188380031767,1.148683731321045,1.1045155101737696,1.0637084812352173,1.0368123328852699,1.1290602064412507
2014-08-19,1.099451591994886,1.153568856277338,1.1289020570107204,1.1130172679872463,1.0641452768668,1.0369356560376772,1.1464896101672204
2014-08-20,1.106006704537063,1.1608881741502763,1.1353292464516849,1.1200203675282905,1.0645822518618333,1.037058993858699,1.1549035142245874
2014-08-21,1.1089815622964172,1.1684292895345159,1.140006902728942,1.123349503620392,1.0650194062939702,1.037182346350079,1.1571370874965596
2014-08-22,1.1015380396016479,1.1595573890824695,1.129771492417858,1.1146155733316014,1.065456740236894,1.0373057135135633,1.1456663637438897
2014-08-25,1.1165029674993157,1.1668767069554078,1.1364391940087948,1.1312029396640495,1.0658942537643175,1.0374290953508962,1.1717122956766908
2014-08-26,1.1171252332371777,1.1841769128368984,1.147475429626492,1.1339846327216345,1.0663319469499846,1.0375524918638233,1.1734046878950601
2014-08-27,1.1359863282743055,1.2025861062748948,1.16332760953637,1.154518771512026,1.0667698198676696,1.0376759030540903,1.1955525078024023
2014-08-28,1.1272427988282057,1.213675981839953,1.174434854412978,1.1455434347063413,1.0672078725911762,1.0377993289234428,1.182612415701586
2014-08-29,1.140224076609479,1.2396262906621887,1.1951152463747858,1.160802434785724,1.0676461051943393,1.0379227694736273,1.2021741787003764
2014-09-01,1.1405694496956682,1.2504943687159455,1.203708376642297,1.1613817558951036,1.0680845177510236,1.0382037154726698,1.1992931104454605
2014-09-02,1.1523997620779127,1.263580421882714,1.2181383526126919,1.1726184016087435,1.068523110335124,1.0384847375184632,1.214096834728327
2014-09-03,1.1499618820640993,1.2589226741453896,1.209436439220202,1.1718319812166897,1.0689618830205665,1.038765835631592,1.212940719784531
2014-09-04,1.140971321889904,1.2347467454135632,1.190017100647075,1.1606633678823104,1.0694008358813065,1.0390470098326465,1.1925994520713454
2014-09-05,1.1368050544480996,1.2367429230152736,1.190893140590514,1.1565482393277224,1.0698399689913305,1.0393282601422216,1.1902840837651756
2014-09-08,1.1232947445697417,1.2121233992608447,1.174407252385801,1.139044849589425,1.070279282424655,1.039609586580919,1.161072664393797
2014-09-09,1.10438084871694,1.1950449908906553,1.1581540209449197,1.1191636431048895,1.0707187762553272,1.0398909891693449,1.150943222281045
2014-09-10,1.0934888994028313,1.1737524298057438,1.1346896272555593,1.1076393892219603,1.0711584505574243,1.040172467928112,1.1415734736154124
2014-09-11,1.0985252620064385,1.185064102882103,1.145916973999845,1.1131255907955884,1.071598305405054,1.0404540228778378,1.1442927171623822
2014-09-12,1.082557773792574,1.1544560463225428,1.1206007509727551,1.093274594411622,1.0720383408723546,1.0407356540391464,1.1166456033011445
2014-09-15,1.0929748901258192,1.173752429805744,1.1347544954986302,1.105322627129686,1.0724785570334954,1.0410173614326659,1.1366716560983678
2014-09-16,1.1125502765025517,1.2161157544642656,1.1701381947268883,1.126556410614751,1.0729189539626751,1.0412991450790317,1.1595409199764057
2014-09-17,1.1106475090326695,1.2052476764105087,1.1595226304216606,1.1233872958803228,1.0733595317341231,1.0415810049988836,1.159414010175144
2014-09-18,1.1005761504630829,1.1846205078595005,1.1404528913203928,1.1113650211640846,1.0738002904221,1.0418629412128675,1.145022203330685
2014-09-19,1.0954804132246,1.169981872113624,1.128221010341698,1.1042964131186745,1.0742412301008961,1.0421449537416347,1.1335320606130614
2014-09-22,1.0827260380699606,1.1449187533365925,1.1113258192960411,1.0883671971332982,1.0746823508448324,1.0424270426058424,1.1144938250633702
2014-09-23,1.0782506812634376,1.1378212329749553,1.104362669206754,1.083400099796633,1.0751236527282608,1.0427092078261528,1.10904847267879
2014-09-24,1.0815390153562447,1.1469149309383029,1.111663282970487,1.0873706411006605,1.0755651358255633,1.0429914494232344,1.1146175964460534
2014-09-25,1.069712562467713,1.137599435463654,1.1026779393197979,1.0744007335329073,1.076006800211153,1.0432737674177608,1.0977026972157702
2014-09-26,1.0840199908121932,1.137599435463654,1.1025179895094244,1.0897877313133888,1.0764486459594724,1.0435561618304114,1.122227476893882
2014-09-29,1.0499046722184218,1.100337453565059,1.072902074910215,1.0518408252407587,1.076890673144996,1.043838632681871,1.0714825830518713
2014-09-30,1.0445131759913524,1.078157702434943,1.0559910833204011,1.0456490237297993,1.0773328818422283,1.0441211799928298,1.0614912313565663
2014-10-01,1.0220707614893543,1.0812507778107807,1.0549205074551566,1.0265002758957662,1.0777760433613979,1.0443295479145822,1.0368242420866232
2014-10-02,1.0293902809895978,1.0834601173649507,1.0588490629777307,1.0332545423554294,1.0782193871753212,1.0445379574188551,1.0497729648385299
2014-10-03,1.0410829992221373,1.0896462681166266,1.0653791415902196,1.044370051302383,1.078662913358985,1.0447464085139475,1.0697996060892367
2014-10-06,1.0700309430258688,1.0693203442182628,1.0554191507350268,1.0695724404289724,1.0791066219874068,1.0449549012081591,1.1203350104911434
2014-10-07,1.0745601402351348,1.0445757412115593,1.0364074965924086,1.070205204956579,1.079550513135636,1.0451634355097916,1.1266202821477516
2014-10-08,1.075085806481846,1.047226948676563,1.0377844202435669,1.072077807269671,1.079994586878752,1.045372011427148,1.1192087105238415
2014-10-09,1.0746055485412187,1.0319825057527903,1.0261765691840425,1.0699480133187795,1.0804388432918655,1.0455806289685339,1.1233092505476032
2014-10-10,1.0479753544160428,1.034633713217794,1.0239653242818623,1.0470697944077143,1.0808832824501173,1.0457892881422555,1.0849432603343694
2014-10-13,1.074765715291013,1.0085635064785885,1.0096625939303439,1.0684523442881644,1.0813279044286803,1.0459979889566209,1.136824065550578
2014-10-14,1.0776789469206463,1.0116565818544265,1.011373013989699,1.070324253464474,1.0817727093027578,1.0462067314199404,1.1379799843432128
2014-10-15,1.0531978281397854,1.0052494971473336,0.9985554819037676,1.0486541476481883,1.0822176971475836,1.0464155155405255,1.1010998391756617
2014-10-16,1.0278299067796761,1.0295522322432034,1.018114171357709,1.028717720248475,1.0826628680384232,1.0466243413266894,1.0650680477800678
2014-10-17,1.0442942371575519,1.0273428926890333,1.0185965927811573,1.04358606792695,1.0831082220505721,1.046833208786747,1.093028611196817
2014-10-20,1.0289597655254819,1.044133873300725,1.031159527582253,1.0316143351050218,1.0835537592593578,1.0470421179290148,1.0651512158723937
2014-10-21,1.0051200412282941,1.0695412781736795,1.0461307800589195,1.011245436021066,1.0839994797401384,1.0472510687618113,1.0284682026217944
2014-10-22,1.0034267579366998,1.0748436931036875,1.0509411996587212,1.010727977186915,1.084445383568303,1.047460061293456,1.0280484391369415
2014-10-23,0.9880854706189492,1.097820824467055,1.0657104482492423,0.9973736939667409,1.0848914708192712,1.0476690955322705,0.9947464834510197
2014-10-24,1.0023957611092078,1.0803670419891125,1.053503348457144,1.008093898167433,1.0853377415684942,1.0478781714865784,1.018823450028235
2014-10-27,0.9881295597244861,1.105774446862067,1.0726114094870438,0.9973388914210156,1.0857841958914545,1.048087289164704,0.9906351551133951
2014-10-28,1.0042662670298832,1.093844013269549,1.0687316475936341,1.0134250496533075,1.086230833863665,1.0482964485749742,1.0264596147316574
2014-10-29,0.9903191670059078,1.0911928058045453,1.0633334336647355,1.000935761129537,1.0866776555606699,1.0485056497257172,1.0013383393724995
2014-10-30,1.005077961916859,1.0911928058045453,1.0699177301854248,1.0155034706861792,1.0871246610580447,1.0487148926252627,1.0265929975212364
2014-10-31,1.0435938282177735,1.1110768617920748,1.0892139229532711,1.0509790036627957,1.0875718504313956,1.0489241772819424,1.0715463321792438
2014-11-03,1.0307983762814892,1.1320655875566894,1.1057435274195484,1.0427076841690508,1.0880281672233294,1.0491782894835164,1.0581807882099012
2014-11-04,1.0451278739662475,1.1302981159133534,1.1057509686735905,1.0535881390899842,1.0884846754738913,1.0494324632462713,1.06674043258
2014-11-05,1.0347559106874524,1.1302981159133534,1.1054970765569192,1.0448995399296295,1.0889413752634125,1.049686698585121,1.0533007434717445
2014-11-06,1.01813220298635,1.1541589830983892,1.121915619252442,1.0322411270640017,1.0893982666722577,1.0499409955149825,1.0324820438323292
2014-11-07,1.025574791536727,1.1676359543788257,1.131733098597937,1.0397354047062328,1.0898553497808254,1.0501953540507776,1.043972382701114
2014-11-10,1.0198253652898128,1.1621126054934008,1.1292699315188308,1.0339249005496554,1.090312624669548,1.0504497742074301,1.0342144508875728
2014-11-11,1.0137338889167813,1.1700662278884126,1.135255432366601,1.0297676094990456,1.0907700914188911,1.0507042559998687,1.0292888990800302
2014-11-12,1.0183633768707492,1.1702871618438297,1.1359648850563087,1.0344318971074498,1.0912277501093548,1.0509587994430252,1.039187078973791
2014-11-13,1.0080126418911945,1.1864153405892706,1.1510494075772766,1.0259452041661181,1.0916856008214721,1.051213404551835,1.0169658985321803
2014-11-14,1.0001931135297772,1.1890665480542744,1.1491452115779863,1.0197881807951519,1.0921436436358107,1.0514680713412372,1.0155216375326608
2014-11-17,0.9948276672460604,1.1813338596146794,1.143501221295374,1.013989358927754,1.0926018786329716,1.0517227998261747,1.0054118105360232
2014-11-18,1.0041766754836512,1.1908340196976104,1.1545709213708475,1.0241700600951598,1.09306030589359,1.051977590021594,1.0211994290431994
2014-11-19,1.0182021412612814,1.1835431991688496,1.1522148799893188,1.0374463643195584,1.0935189254983337,1.0522324419424445,1.0475023189971016
2014-11-21,1.0568621168457957,1.16586848273549,1.1462071031371912,1.069602661860386,1.093977737527906,1.0524873556036802,1.1000949567771097
2014-11-24,1.0517611802754916,1.1819966614809305,1.1596262581728651,1.0671708870788916,1.0944367420630434,1.0527423310202584,1.0868129732024159
2014-11-25,1.060117913479662,1.1738221051305018,1.1537560472847765,1.073886911424354,1.0948959391845159,1.0529973682071396,1.0898317395724564
2014-11-26,1.049874371492669,1.1605660678054819,1.1415304234189203,1.0642338370246576,1.095355328973128,1.0532524671792887,1.080762886788022
2014-11-27,1.051202580956257,1.1641010110921537,1.1432828193774498,1.0647060670609911,1.095814911509717,1.0535076279516733,1.073365045745392
2014-11-28,1.0548357964419415,1.1919386894746953,1.167086216806574,1.0712655909851758,1.096274686875156,1.0537628505392655,1.0734176142565792
2014-12-01,1.0161626988346413,1.1753686428184205,1.1466559799499565,1.0340084984843276,1.0967514596128884,1.0541527790926062,1.0254111867753308
2014-12-02,1.006322600379817,1.1877409443217721,1.1553364031921225,1.0261488749754328,1.0972284397003353,1.054542851932943,1.012384592012449
2014-12-03,1.0146559916777995,1.1864153405892703,1.1546974285564202,1.0329353532081955,1.097705627227674,1.0549330691136676,1.0262722903727628
2014-12-04,1.0015474199190362,1.195473632761367,1.1602722248836255,1.0221183636115305,1.0981830222851203,1.055323430688191,1.0087440264615752
2014-12-05,1.0039112730229578,1.2085087361309699,1.1714569637929826,1.0262937407890043,1.0986606249629294,1.0557139367099433,1.0198465744847736
2014-12-08,0.9847558352830948,1.2089506040418037,1.1689974812263462,1.0076734377714112,1.0991384353513964,1.0561045872323753,0.9861317206046388
2014-12-09,0.9777642189388459,1.196136434627618,1.1578285175925915,1.0011698444667214,1.099616453540855,1.0564953823089576,0.9845507422458003
2014-12-10,0.9713350196071148,1.1990085760480391,1.1584757127458425,0.9953349732702209,1.1000946796216784,1.0568863219931794,0.9718913424565843
2014-12-11,0.967996179637731,1.208729670086387,1.1668110844329367,0.993012350327597,1.1005731136842791,1.057277406338551,0.9780451928352247
2014-12-12,0.9486469110930087,1.208287802175553,1.163004577020944,0.9744350019221695,1.101051755819109,1.057668635398602,0.9415644114317672
2014-12-15,0.9319898551318005,1.20188071746846,1.1573720047382021,0.9591526922108217,1.1015306061166592,1.058060009226882,0.9222768677562591
2014-12-16,0.9277691349370727,1.2246369148764107,1.170291922962661,0.9562734907958061,1.1020096646674602,1.0584515278769597,0.9220577669092588
2014-12-17,0.9558250859168781,1.20850873613097,1.165526293982721,0.9816146470307217,1.1024889315620818,1.0588431914024246,0.9555237049658989
2014-12-18,0.9585083909512511,1.214694886882646,1.170101759459521,0.9829504069157736,1.1029684068911334,1.0592349998568853,0.9512487865598781
2014-12-19,0.9763220120502487,1.2339161410039248,1.1860913705611762,1.001024381487935,1.1034480907452637,1.0596269532939708,0.9739097379047789
2014-12-22,0.9797885545463133,1.2056365947105492,1.1638512866672013,1.0018715024627116,1.1039279832151607,1.0600190517673294,0.9831264886647174
2014-12-23,0.9953278094580073,1.2666143664056402,1.216476244286934,1.0211535703897923,1.1044080843915522,1.06041129533063,0.9982095322010559
2014-12-26,0.9887186304593929,1.2493815178831145,1.203528131245771,1.0134238762137149,1.1048883943652048,1.06080368403756,0.9835927399747619
2014-12-29,0.9958293665264087,1.2648468947623042,1.2167519452383426,1.022046452354086,1.1053689132269253,1.0611962179418284,0.992403653982289
2014-12-30,0.9871086653931179,1.223753179054743,1.1817264982363616,1.0106587186864535,1.1058496410675596,1.0615888970971628,0.9809011537415135
2015-01-02,0.9650434297733737,1.2328114712268397,1.1904737064738935,0.9892924745208145,1.1063400108613117,1.0622120404435975,0.9515728282780918
2015-01-05,0.9511628041048094,1.2317068014497548,1.1894069737619992,0.9745417382164364,1.1068305981010218,1.0628355495696964,0.932047941697597
2015-01-06,0.9526746009330576,1.211822745462225,1.1702057849479042,0.9755861714142803,1.1073214028831124,1.0634594246901687,0.9415436194086854
2015-01-07,0.9811395093610117,1.2188926320355689,1.1770328743040275,1.003608363965758,1.1078124253040493,1.06408366601985,0.9702207230171018
2015-01-08,0.9855259911352435,1.2328114712268397,1.190473706473894,1.0088711404252568,1.1083036654603404,1.064708273773702,0.9796436286474051
2015-01-09,0.9696069371749131,1.209613405908055,1.1680723195241163,0.9906574612837606,1.1087951234485367,1.0653332481668123,0.9580071748171712
2015-01-12,0.9571026357064962,1.211822745462225,1.1702057849479044,0.9794021437406336,1.109286799365232,1.0659585894143953,0.9442665898277172
2015-01-13,0.9577438310263132,1.1930433592517804,1.1520713288457034,0.9773909907916084,1.1097786933070624,1.0665842977317908,0.9423429353903562
2015-01-14,0.9442134954306849,1.1731593032642509,1.1328701400316084,0.9649451738264408,1.110270805370708,1.0672103733344656,0.9345792724321889
2015-01-15,0.9467164800254868,1.1835431991688499,1.1428974275234136,0.9686096465062389,1.1107631356528909,1.0678368164380134,0.9420416472068356
2015-01-16,0.9591395943103812,1.1808919917038458,1.1403372690148676,0.9811120814290452,1.1112556842503765,1.0684636272581536,0.9614647313346953
2015-01-19,0.9437775150727309,1.1890665480542746,1.1482310910828846,0.9663935175587468,1.1117484512599725,1.0690908060107327,0.9367789115532824
2015-01-20,0.9426256025514705,1.1780198502834247,1.1375637639639429,0.9647911343107954,1.1122414367785303,1.069718352911724,0.9391062450802823
2015-01-21,0.9575934678026552,1.1837641331242668,1.1431107740657929,0.9809169053124285,1.1127346409029437,1.0703462681772271,0.9655360448354463
2015-01-22,0.962019204419003,1.1797873219267607,1.139270536302974,0.9838533650323875,1.11322806373015,1.0709745520234688,0.9698227323111357
2015-01-23,0.9537586176463546,1.1914968215638617,1.1505779030490524,0.9758645703452925,1.1137217053571284,1.071603204666803,0.9567331730255261
2015-01-26,0.9460143287473167,1.1886246801434408,1.1478043979981274,0.9673058962079,1.1142155658809028,1.07223222632371,0.952834668697745
2015-01-27,0.9426989950762766,1.1740430390859191,1.1337235262011245,0.9641555334250046,1.1147096453985386,1.0728616172107976,0.9531226186023075
2015-01-28,0.9366288169917937,1.1753686428184211,1.1350036054553974,0.957584909573882,1.115203944007145,1.073491377544801,0.935533940133487
2015-01-29,0.9354761465912469,1.178903586105093,1.1384171501334588,0.9568283868367854,1.115698461803874,1.0741215075425818,0.9368618834944468
2015-01-30,0.9248486680162459,1.2085087361309705,1.1670055868122222,0.9480472834594671,1.116193198885921,1.0747520074211296,0.9200995898675354
2015-02-02,0.9373309698381216,1.2003341797805416,1.1591117647442053,0.9603581691226012,1.1167012137006207,1.0753727337025216,0.9346746018965054
2015-02-03,0.9545504776607836,1.231043999583504,1.1887669341348635,0.9781481220069836,1.117209459728924,1.0759938184862603,0.9604278762968761
2015-02-04,0.964015610423554,1.2599863477431308,1.2167153311864911,0.9885441909407563,1.1177179370760637,1.0766152619793992,0.9670458203227885
2015-02-05,0.9664909221322072,1.2668353003610577,1.223329074000235,0.9903649209360535,1.1182266458473202,1.0772370643891123,0.9657276845198859
2015-02-06,0.9598704838744043,1.2849518847052512,1.240823490475299,0.985746114787918,1.118735586148022,1.077859225922693,0.957066041545991
2015-02-09,0.969749098068596,1.2769982623102394,1.2331430149496612,0.9945819506198476,1.1192447580835452,1.078481746787554,0.9686450407396137
2015-02-10,0.9600938604056732,1.308370883979453,1.2634382239674558,0.9870853135297526,1.1197541617593145,1.0791046271912288,0.9515347749528288
2015-02-11,0.9569629925517129,1.3306852134765697,1.284986224747718,0.9845566990031651,1.1202637972808023,1.0797278673413697,0.9462267283810509
2015-02-12,0.9731547189689009,1.320743185482805,1.2753856303406705,1.0001901160350046,1.1207736647535285,1.0803514674457493,0.971590054273063
2015-02-13,0.9939160367538363,1.3280340060115656,1.2824260662391722,1.0200731569551837,1.1212837642830615,1.0809754277122607,0.993229450370714
2015-02-18,1.0051094049069096,1.3328945530307394,1.2871196901715067,1.0312067621510577,1.1217940959750183,1.0815997483489164,1.005870215799621
2015-02-19,1.00691576168447,1.3518948731966012,1.3054674928160863,1.0337102814924513,1.1223046599350626,1.0822244295638492,1.006138354436908
2015-02-20,1.005286694636613,1.3596275616361961,1.3129346217993456,1.0328820769332858,1.1228154562689074,1.082849471565312,1.0050334349461714
2015-02-23,1.005644679754956,1.356534486260358,1.309947770206042,1.0324687301893287,1.123326485082313,1.0834748745616787,1.0058757080321334
2015-02-24,1.0110688513757413,1.3474761940882614,1.30120056196851,1.0379209062789674,1.1238377464810885,1.0841006387614425,1.0175178678996448
2015-02-25,1.013529904648643,1.364046240744536,1.3172015526469225,1.0402715695157072,1.1243492405710909,1.0847267643732177,1.0162791733170065
2015-02-26,1.0171747323054892,1.3664765142541229,1.3195483646130897,1.044257991326324,1.124860967458225,1.085353251605739,1.0152890022555405
2015-02-27,1.0138997245172745,1.3488017978207631,1.302480641222783,1.0393581920016384,1.1253729272484447,1.0859801006678613,1.0118082999010007
2015-03-02,1.0092143071743378,1.3748720045599687,1.3276555332234854,1.0354831038126604,1.1259022176325217,1.086658505618187,1.000779112412071
2015-03-03,1.0115662197154303,1.3817209571778957,1.3342692760372292,1.0385733347340493,1.1264317569547986,1.0873373343638257,1.0063358786561825
2015-03-04,0.998740938710539,1.4060236922737654,1.3577373956989012,1.0267478284484055,1.1269615453323572,1.0880165871695195,0.9899366608285527
2015-03-05,0.9996019341188824,1.4236984087071252,1.3748051190892079,1.0279605200890198,1.127491582882334,1.0886962643001765,0.9879192461361637
2015-03-06,0.9914659808539359,1.4219309370637891,1.3730983467501772,1.0200066386780244,1.128021869721921,1.0893763660208693,0.9803868453969877
2015-03-09,0.9810842215258537,1.4641293225484353,1.4138475363445342,1.011071362754546,1.1285524059683654,1.090056892596837,0.9646912217843895
2015-03-10,0.9708492016473697,1.431652031102137,1.3824855946148455,0.9998886609028577,1.1290831917389692,1.0907378442934839,0.9472806485698898
2015-03-11,0.975854230523835,1.432535766923805,1.383338980784361,1.0056591232133392,1.1296142271510896,1.09141922137638,0.959288630352939
2015-03-12,0.9814974863538521,1.4663386621026053,1.4159810017683225,1.0114909027775945,1.1301455123221391,1.0921010241112616,0.9587947217291728
2015-03-13,0.9823566835993949,1.4966066139947338,1.4452094780742226,1.0128567856388973,1.1306770473695855,1.0927832527640309,0.9532124558341124
2015-03-16,0.9843384361951846,1.5180372076701822,1.4659040926849694,1.0155158168399216,1.131208832410952,1.0934659076007562,0.9581633111414432
2015-03-17,1.0072359707268546,1.5175953397593485,1.4654773996002122,1.038115923485983,1.1317408675638165,1.0941489888876716,0.9863484676377048
2015-03-18,1.0273479993778731,1.5100835852751706,1.4582236171593321,1.0573586040884455,1.1322731529458128,1.0948324968911782,1.0106921997940788
2015-03-19,1.0226415975149734,1.550956367027315,1.4976927274994165,1.0546129501238382,1.1328056886746294,1.095516431877843,0.9994594073998793
2015-03-20,1.0342326041486625,1.5337235185047893,1.4810516971938676,1.0656889052513074,1.133338474868011,1.0962007941143996,1.0193305007797973
2015-03-23,1.0300288606057884,1.4879901897334709,1.4368889629214487,1.0603516675767886,1.133871511643757,1.0968855838677487,1.0181904702312154
2015-03-24,1.0224500597381483,1.4703154733001111,1.419821239531142,1.0524315224455982,1.1344047991197224,1.097570801404957,1.0102975436578527
2015-03-25,1.0262166449458292,1.4771644259180383,1.426434982344886,1.0565539389731875,1.1349383374138176,1.0982564469932585,1.017206576006906
2015-03-26,1.0112851750930787,1.4747341524084514,1.4240881703787185,1.041509963081418,1.1354721266440084,1.098942520900054,0.9921296308101675
2015-03-27,1.0035793243431221,1.4974903498164018,1.4460628642437383,1.0348391951667144,1.1360061669283164,1.0996290233929114,0.9826125726225141
2015-03-30,1.0191714816511295,1.5129557266955915,1.460997122210257,1.0505815520497817,1.1365404583848184,1.1003159547395658,1.0051462218638305
2015-03-31,1.0185189129766214,1.4789318975613739,1.4281417546839164,1.048553068913448,1.1370750011316468,1.1010033152079193,1.0033163276814976
2015-04-01,1.0305613039877,1.4681061337459411,1.4279271752442142,1.0633756882234935,1.1376138033956937,1.1013743268657334,1.0262973977213887
2015-04-02,1.037194812080934,1.4513151531342492,1.4112320486203982,1.0716809240917426,1.13815286097085,1.1017454635455604,1.0420142056593906
2015-04-06,1.0480781099018577,1.459268775529261,1.4244213722095156,1.0839163733081234,1.1386921739780944,1.102116725289529,1.0540625945816362
2015-04-07,1.0487898908649171,1.461919982994265,1.4319202174959904,1.0843644923254827,1.1392317425384633,1.1024881121397831,1.0539037121411077
2015-04-08,1.0445290932774793,1.4287798896817157,1.4092080397267657,1.0801819284503982,1.1397715667730501,1.1028596241384807,1.0525689034895078
2015-04-09,1.0401942408123892,1.4360707102104766,1.4094912997043738,1.076199647020317,1.1403116468030066,1.1032312613277935,1.0553454231755326
2015-04-10,1.0468700215813616,1.4530826247775854,1.4219396341621586,1.0826385302960482,1.1408519827495405,1.103603023749908,1.063416062700894
2015-04-13,1.0497791161144676,1.4692108035230262,1.4354421886795594,1.0853153414059844,1.1413925747339182,1.1039749114470243,1.063919386580395
2015-04-14,1.044587323475086,1.4422568609621527,1.4177677217657838,1.0806818131013187,1.141933422877463,1.1043469244613575,1.0588616288902397
2015-04-15,1.0543392541706542,1.4539663605992534,1.426062996042275,1.0917074989871154,1.1424745273015553,1.1047190628351364,1.07723746196874
2015-04-16,1.0501747229404792,1.428117087815465,1.4060451786020127,1.0879952672724593,1.143015888127634,1.105091326610604,1.0724409776252313
2015-04-17,1.0416810739227296,1.4214890691529551,1.3985221967583796,1.0782707688398838,1.1435575054771951,1.1054637158300173,1.0583294707900501
2015-04-20,1.0380415659038766,1.43143109714672,1.402510474339588,1.0745399480225735,1.1440993794717917,1.1058362305356486,1.0545335535195484
2015-04-22,1.050508999956495,1.4250240124396267,1.400900538650059,1.0873421455702206,1.144641510233035,1.1062088707697832,1.0713258582741152
2015-04-23,1.06378318147854,1.4157447863121129,1.4025679171742447,1.102343299220478,1.1451838978825937,1.1065816365747214,1.0922647985753131
2015-04-24,1.0789936403376534,1.409116767649603,1.40387282869951,1.1191888135156918,1.1457265425421943,1.1069545279927777,1.110102196716467
2015-04-27,1.0655721874718307,1.3854768344199844,1.3832770214490535,1.1052017051120924,1.1462694443336205,1.1073275450662803,1.0893156658674796
2015-04-28,1.0691067682488709,1.396965400101668,1.3915357465554052,1.1083777739709548,1.1468126033787145,1.1077006878375724,1.0947594490427706
2015-04-29,1.0630362125140107,1.4027096829425099,1.3956863046745482,1.1014443974313262,1.1473560197993757,1.108073956349011,1.0852119874251396
2015-04-30,1.072252036346982,1.4119889090700235,1.4049392938572896,1.1113317626701251,1.147899693717561,1.1084473506429675,1.1029458177532083
2015-05-04,1.0954589331001001,1.4654549262809367,1.4479869430069945,1.1333513160866644,1.1484625949164462,1.108836522184218,1.1250049773357125
2015-05-05,1.1125664479315025,1.440710323274233,1.4421295846586952,1.1524542757935006,1.1490257721479509,1.1092258303620786,1.1386890707907562
2015-05-06,1.0975050061457727,1.4250240124396265,1.4250719863923285,1.1367509556399606,1.149589225547435,1.1096152752245219,1.1200847216095204
2015-05-07,1.091562466515262,1.4217100031083716,1.4206858825485127,1.1312295902645093,1.1501529552503242,1.1100048568195373,1.1165196742556878
2015-05-08,1.0938589909861731,1.4179541258662829,1.420525773892425,1.1341188189196214,1.1507169613921109,1.1103945751951314,1.120990743822855
2015-05-11,1.0995381856846924,1.4460127382042414,1.4376199345414256,1.1385140445592372,1.1512812441083535,1.1107844303993268,1.1219277579196505
2015-05-12,1.0909447327760604,1.4256868143058776,1.4230575198729853,1.1298194331623586,1.1518458035346772,1.1111744224801638,1.1139826551374228
2015-05-13,1.0816237443526782,1.4347451064779744,1.4257591449886158,1.1196574981358438,1.1524106398067737,1.1115645514856993,1.1057441102181202
2015-05-14,1.084879832796201,1.4294426915479665,1.422457920811701,1.1238338322899482,1.1529757530604017,1.1119548174640068,1.1113251992062136
2015-05-15,1.0936846177987614,1.4314310971467197,1.42696537849448,1.1338574176208274,1.1535411434313854,1.1123452204631772,1.1229385248530368
2015-05-18,1.0813068645837007,1.4451290023825731,1.4302906823997898,1.118813872881373,1.1541068110556163,1.1127357605313175,1.1024524975829257
2015-05-19,1.0721623416254555,1.458164105752176,1.4351493720165067,1.1093815831964635,1.1546727560690526,1.1131264377165526,1.0886157985245102
2015-05-20,1.0657776631296891,1.4387219176754802,1.4224340835678273,1.1030469229236193,1.155238978607719,1.1135172520670236,1.0768898821111892
2015-05-21,1.062282940550348,1.4603734453063457,1.431349580607356,1.098623491153698,1.155805478807707,1.1139082036308885,1.0810292600648579
2015-05-22,1.0557170310596893,1.4837924445805473,1.4430429485287146,1.0902085034220628,1.1563722568051744,1.1142992924563226,1.0666168573484782
2015-05-25,1.0627099500966641,1.4915251330201422,1.451114660966646,1.0976396893112756,1.1569393127363465,1.1146905185915181,1.0711667796824258
2015-05-26,1.0503732336637037,1.4921879348863933,1.4464317200237171,1.0828060630099428,1.1575066467375148,1.1150818820846833,1.051954361901637
2015-05-27,1.0596737100152835,1.506548641988498,1.4585091603730553,1.0928460658882104,1.1580742589450377,1.1154733829840446,1.0638503413716718
2015-05-28,1.055532042948054,1.5107463871414208,1.4595485622931015,1.0880996128170866,1.158642149495341,1.1158650213378445,1.0587508034841924
2015-05-29,1.041747855857968,1.5131766606510078,1.4570164323745025,1.0724440564999689,1.1592103185249163,1.1162567971943431,1.0349027453120347
2015-06-01,1.0427336781074468,1.5069905098993317,1.4516595574466493,1.0744430131045966,1.1597962231000967,1.1166752106818973,1.040215303360519
2015-06-02,1.0561092754040962,1.4913041990647251,1.4475708943413355,1.0904919890674616,1.160382423811505,1.1170937810059853,1.0638538720925723
2015-06-03,1.048983239380955,1.4943972744405631,1.4495659475363782,1.0821510722590615,1.1609689208088187,1.117512508225395,1.0498578982913063
2015-06-05,1.0424071558369064,1.4877692557780533,1.4403662382650178,1.0751022010589828,1.1615557142417907,1.1179313923989358,1.0390788035328378
2015-06-08,1.0340759565228685,1.4579431717967586,1.4192847645078468,1.0677012983512204,1.16214280426025,1.1183504335854404,1.0358670244202295
2015-06-09,1.0324019877495993,1.4528616908221679,1.4156022585486483,1.0656243094873066,1.1627301910141008,1.1187696318437628,1.0359917765587185
2015-06-10,1.0466423544918104,1.4784900296505392,1.4330015764765873,1.0800048171077277,1.1633178746533235,1.1191889872327792,1.0567926264424699
2015-06-11,1.0449232034708398,1.4736294826313654,1.4327203261984458,1.0785132455054771,1.1639058553279742,1.119608499811388,1.0531063576710489
2015-06-12,1.0379533549343913,1.4742922844976163,1.4301861508690097,1.0710109112332384,1.1644941331881846,1.1200281696385093,1.0464179953782848
2015-06-15,1.0338204718549904,1.4718620109880294,1.4254511092544853,1.0665899786555293,1.1650827083841626,1.1204479967730858,1.0422988209942141
2015-06-16,1.0378765464104154,1.4643502565038515,1.4251768462867707,1.0717164001943968,1.1656715810661917,1.1208679812740818,1.053373907854852
2015-06-17,1.0292285404715589,1.4497686154463298,1.4117466219707087,1.0631880263826432,1.1662607513846317,1.1212881232004843,1.0444762950340982
2015-06-18,1.0415890860482837,1.4621409169496817,1.423607591710903,1.0760936557207235,1.1668502194899182,1.1217084226113017,1.06389624074338
2015-06-19,1.038554227533871,1.4780481617397054,1.432002655609334,1.072669230977061,1.1674399855325628,1.1221288795655648,1.0543009182424294
2015-06-22,1.0419544406213959,1.4773853598734543,1.4330282459848271,1.0761466627784804,1.168030049663153,1.1225494941223266,1.0565421414096858
2015-06-23,1.0421918963140868,1.4725248128542805,1.4325005952167646,1.076538968329956,1.1686204120323531,1.1229702663406627,1.0547524582153878
2015-06-24,1.0400213480875138,1.4705364072555274,1.4300905506309132,1.0735747176425203,1.1692110727909029,1.1233911962796699,1.0561274778550227
2015-06-25,1.0304933064555826,1.4727457468096972,1.4279385025597153,1.0632062590236306,1.1698020320896185,1.1238122839984679,1.0430467453716648
2015-06-26,1.0423588900434302,1.4824668408480448,1.4381830588995113,1.0756058903318464,1.1703932900793925,1.124233529556198,1.0595491387100573
2015-06-29,1.0253977572485184,1.4473383419367427,1.4089814244370702,1.0590235587937644,1.1709848469111936,1.1246549330120243,1.0398798848749589
2015-06-30,1.0270129620684283,1.4471174079813256,1.4107653253069206,1.061001478550227,1.1715767027360666,1.1250764944251324,1.0411876246663205
2015-07-01,1.0273386031368295,1.4475762540487482,1.4268240202755562,1.0615599303789847,1.1721733603850466,1.1254076285360461,1.0348450768706576
2015-07-02,1.0271410700461099,1.4472979191252464,1.410678757116088,1.0621637984288037,1.1727703218983399,1.1257388601068214,1.0416838871040204
2015-07-03,1.0230486915858124,1.4415315341538075,1.424708183271441,1.0577764390267044,1.1733675874306975,1.1260701891661429,1.0301741292702826
2015-07-06,1.0193193140395915,1.4362766373147242,1.4139058139398542,1.0535613163005912,1.1739651571369496,1.126401615742703,1.022915947854389
2015-07-07,1.0194983119956615,1.4365288552202318,1.4328830336157103,1.054552525731949,1.1745630311720052,1.126733139865204,1.0267279495201045
2015-07-08,1.0133743456910091,1.427899851913881,1.437592125843223,1.0484096557362215,1.175161209690852,1.1270647615623552,1.0157048427171704
2015-07-10,1.0203511226930246,1.4377305121140078,1.4289347914891046,1.0558344768871166,1.1757596928485565,1.1273964808628751,1.0315730793515774
2015-07-13,1.0280529965189202,1.4485828733783506,1.4317680310192062,1.0635592547174586,1.1763584808002647,1.1277282977954906,1.0419445719971838
2015-07-14,1.0308886159921633,1.4525784162329183,1.4393321030821224,1.0668646240340935,1.1769575737012015,1.1280602123889365,1.044292501396104
2015-07-15,1.0265191162554659,1.4464215522334516,1.4338027742252872,1.0629964348391499,1.1775569717066703,1.1283922246719569,1.0376843649282488
2015-07-16,1.0298701979627056,1.4511434095548503,1.4498240901591344,1.0664097087075157,1.1781566749720542,1.1287243346733034,1.0409693084239644
2015-07-17,1.0248487553835033,1.4440679224500845,1.4574521871595596,1.0604843175477336,1.1787566836528152,1.1290565424217374,1.0266904846483254
2015-07-20,1.0141808684195983,1.429036286529198,1.4503597593758646,1.0498238412376273,1.1793569979044944,1.129388847946027,1.0121413645726267
2015-07-21,1.007917699909298,1.4202111397052262,1.437709820231013,1.0440636327286819,1.1799576178827123,1.1297212512749506,1.0096739791165683
2015-07-22,1.0063022747812094,1.417934917388188,1.4489743822712904,1.0413316891628739,1.1805585437431685,1.1300537524372936,0.9987189367665519
2015-07-23,0.9913188964326706,1.3968225181884044,1.4419248892546377,1.0251322056864405,1.1811597756416417,1.1303863514618508,0.9769626345768577
2015-07-24,0.9828280593636726,1.3848584645837319,1.4505376155857383,1.016338369137611,1.1817613137339906,1.130719048377425,0.9659628697620999
2015-07-27,0.9791613553273175,1.3796918781462657,1.44744275029507,1.0126328444275206,1.1823631581761525,1.1310518432128276,0.9559532760088083
2015-07-28,0.988915327026778,1.393435757497913,1.470746881759119,1.0231563494329776,1.1829653091241445,1.1313847359968787,0.9729409473198766
2015-07-29,0.9985114947268627,1.4069572823876597,1.4704971157666933,1.0323244908580063,1.1835677667340634,1.1317177267584067,0.9855642552954417
2015-07-30,0.9998183086949801,1.4087986547092388,1.4824629686355317,1.0342995239342874,1.184170531162085,1.132050815526248,0.978743294817743
2015-07-31,1.0155149739046347,1.4309161140900801,1.5018392468365294,1.0498661853460198,1.1847736025644648,1.1323840023292484,0.9977183696935449
2015-08-03,1.0088609204821073,1.4215401890560047,1.5001582341503796,1.0423851449570856,1.1853959751605123,1.1325024885599009,0.9834634763595658
2015-08-04,1.0056068584301672,1.4169550377327633,1.5008334949743252,1.0396687124032222,1.1860186746946748,1.1326209871882795,0.9819028977214865
2015-08-05,1.010425397333944,1.4237446224665793,1.5135111775635957,1.044333378597321,1.186641701338696,1.1327394982156815,0.9863906401373508
2015-08-06,1.0035341703642089,1.414034506938758,1.519527667247579,1.0377332465759366,1.1872650552644097,1.1328580216434045,0.9809778488455209
2015-08-07,0.9854725010004579,1.3885846274154794,1.5015041416115098,1.0179494509407976,1.18788873664374,1.132976557472746,0.9528497723371527
2015-08-10,0.9938455086242372,1.4003826528903751,1.4955393533291175,1.0263136895009655,1.1885127456487012,1.1330951057050032,0.968064825604943
2015-08-11,0.9876487154668327,1.391651032567221,1.4973157797829657,1.0198816473808925,1.1891370824513985,1.133213666341474,0.962559647116213
2015-08-12,0.9793289674063139,1.3799280527285367,1.4863934516467259,1.0115965929093078,1.1897617472240265,1.1333322393834566,0.9491370231589773
2015-08-13,0.9740867843737181,1.3725415302575688,1.4936519895032665,1.006134329575124,1.190386740138871,1.1334508248322488,0.941713094011915
2015-08-14,0.9687829899742839,1.3650681940025744,1.4844736697123602,1.000371162941834,1.1910120613683088,1.1335694226891488,0.9318827824199111
2015-08-17,0.9668673505851879,1.3623689533797567,1.4868004083385054,0.9986773131807489,1.191637711084806,1.133688032955455,0.9261751759328782
2015-08-18,0.9710046273402924,1.3681986025030646,1.4810171346555576,1.0025894837442033,1.1922636894609198,1.133806655632466,0.9307486364061637
2015-08-19,0.9521685772605994,1.3416575782174183,1.4722648765904234,0.9834686774671391,1.1928899966692985,1.1339252907214803,0.9138366794432976
2015-08-20,0.9491802863484774,1.3374469129592752,1.4424647585163533,0.980744280770065,1.1935166328826807,1.1340439382237963,0.9150300631077112
2015-08-21,0.9379534376115157,1.3216276693430025,1.4227024018471939,0.9677602208642168,1.1941435982738957,1.1341625981407133,0.8967960473187196
2015-08-24,0.9064983141961571,1.2773056808718057,1.3768553826546992,0.936049672910635,1.1947708930158638,1.13428127047353,0.8696650071624579
2015-08-25,0.9148826737469784,1.2891197018324874,1.3885454532675379,0.944314850096075,1.195398517281596,1.1343999552235455,0.8737524050584228
2015-08-26,0.9351969134210693,1.3177435760658518,1.4340181805151353,0.9660106830679831,1.196026471244194,1.1345186523920592,0.9030420887430987
2015-08-27,0.9637088005827388,1.3579183837556714,1.4564760084484545,0.9949691738116945,1.1966547550768507,1.1346373619803705,0.9359405614905426
2015-08-28,0.9558263875351976,1.3468116328583677,1.4598738754478358,0.9869697635900375,1.1972833689528501,1.134756083989779,0.9249284391526328
2015-08-31,0.9511500279948646,1.3402223866202618,1.4625282742737298,0.9813618203730332,1.1979123130455671,1.1348748184215842,0.9145649887046332
2015-09-01,0.9323216642262195,1.313692192767075,1.434221597578171,0.9612030806756979,1.1985415875284673,1.1351658719691058,0.8920378124516345
2015-09-02,0.9469248431228573,1.3342688701545042,1.4781067015742482,0.9759796683589648,1.1991711925751076,1.1354570001611313,0.9113959705451551
2015-09-03,0.9591325063936168,1.3514701350677636,1.4897982968517731,0.989596808052884,1.1998011283591368,1.1357482030168038,0.929087039920094
2015-09-04,0.9527153419951089,1.3424279996187078,1.496969363129197,0.9823540428441139,1.200431395054294,1.136039480555272,0.9120581768651849
2015-09-08,0.9591433319072389,1.351485388808263,1.5087806441113325,0.988102269761759,1.2010619928344097,1.1363308327956894,0.9172434328100851
2015-09-09,0.9575952499893537,1.3493040567558994,1.4912473184196526,0.986642272604367,1.2016929218734063,1.1366222597572142,0.9151842379203721
2015-09-10,0.9585649989432017,1.350670486045807,1.4962045585578798,0.9866866397213698,1.2023241823452968,1.1369137614590095,0.9121811636432235
2015-09-11,0.9602565148909575,1.3530539244874655,1.519167888079787,0.9883750126882759,1.202955774424186,1.1372053379202436,0.9101511952765213
2015-09-14,0.9710470654893489,1.368258400175081,1.5068617153054742,1.0004633448799358,1.2035876982842708,1.1374969891600892,0.9274323087246646
2015-09-15,0.9777600582913357,1.3777173740168942,1.5328941543882795,1.0075143798502373,1.2042199540998382,1.1377887151977246,0.9290515365599267
2015-09-16,0.9931295708483964,1.3993738574255508,1.5468681563591902,1.0241805218695832,1.2048525420452676,1.1380805160523326,0.9523744980736957
2015-09-17,1.0017259294363758,1.411486596619086,1.5552636490433305,1.0330164759784217,1.2054854622950302,1.138372391743101,0.9523348755391441
2015-09-18,0.9818745641906327,1.3835149377595395,1.5403833849488524,1.0115188380421576,1.2061187150236885,1.1386643422892226,0.9270904172507867
2015-09-21,0.973431476215726,1.3716181652387742,1.5479560793224207,1.0027243804654689,1.2067523004058966,1.1389563677098946,0.9138719866523041
2015-09-22,0.9683106641437189,1.364402661086346,1.5557904540968177,0.9971895125477851,1.2073862186164006,1.1392484680243202,0.9074855009965442
2015-09-23,0.9578534737929028,1.3496679082115988,1.570587898093109,0.9859566215973422,1.208020469830038,1.1395406432517063,0.8893515222997372
2015-09-24,0.945072045740679,1.3316581773548606,1.5132665576498732,0.9732529777100686,1.2086550542217391,1.1398328934112658,0.8884070544588181
2015-09-25,0.9396696798751475,1.3240459485154605,1.5099170113057367,0.9680477925061691,1.2092899719665249,1.1401252185222157,0.8793742934880345
2015-09-28,0.9256163811079241,1.304244082291053,1.5096666505016667,0.9535214871531608,1.209925223239509,1.1404176186037784,0.8622142053063188
2015-09-29,0.9232812206498379,1.30095371354778,1.497315362377132,0.9514935887569913,1.210560808215897,1.1407100936751813,0.8656507736496005
2015-09-30,0.9364088657139126,1.3194512831011007,1.5071204846352844,0.9649004392982687,1.2111967270709862,1.141002643755656,0.8838441861482348
2015-10-01,0.9414656106340135,1.3359015848124909,1.5225756113696873,0.9695719540867058,1.2118329799801664,1.141446386158072,0.8888250525832209
2015-10-02,0.9640498557984475,1.3297327216707195,1.518792707309879,0.9935666930876527,1.2124695671189192,1.1418903011344257,0.9225667791724326
2015-10-05,0.9777638901842834,1.3537227449998306,1.5399937776055044,1.0074322430687566,1.2131064886628182,1.1423343887518327,0.9336414737307481
2015-10-06,0.9766029546000518,1.3365870140504654,1.5114891003769428,1.0067584768934583,1.2137437447875303,1.1427786490774339,0.9363297253942573
2015-10-07,0.9957807823987099,1.3537227449998306,1.5359945057492843,1.0266571320821145,1.2143813356688131,1.1432230821783966,0.9594600664677808
2015-10-08,0.9993888902283985,1.3365870140504656,1.5215983697001558,1.030037894675748,1.215019261482518,1.1436676881219139,0.9632306802384947
2015-10-09,1.0040895722145584,1.3280191485757833,1.511876786400774,1.0349105522572424,1.2156575224045876,1.1441124669752056,0.967778641060831
2015-10-13,0.9808572356704227,1.3484106684055277,1.5387373001098579,1.0103611691960481,1.216296118611058,1.1445574188055172,0.9290234869438828
2015-10-14,0.9714497601388701,1.319451283101101,1.5106973821173624,1.0003435588476866,1.2169350502780565,1.1450025436801203,0.9162305082139265
2015-10-15,0.9783332917827385,1.3458403087631232,1.5438441969794159,1.007892233825335,1.2175743175818041,1.1454478416663127,0.9250714333491088
2015-10-16,0.9811527769763669,1.3520091719048946,1.551643529926854,1.010979227209951,1.218213920698614,1.1458933128314188,0.9265415863018995
2015-10-19,0.9854139884877783,1.3837102741612197,1.5726338666786555,1.0153100933233152,1.2188538598048917,1.1463389572427884,0.9306844949764689
2015-10-20,0.9765908636943625,1.371886619806158,1.5560928397696394,1.0064059411401036,1.2194941350771353,1.1467847749677984,0.9234119945258118
2015-10-21,0.9806233645743108,1.3965620723732437,1.5897472508124666,1.0108179865559017,1.2201347466919368,1.1472307660738514,0.9224177042899615
2015-10-22,0.9899943040151207,1.397418858920712,1.5922291725066273,1.0207677866348321,1.2207756948259794,1.1476769306283763,0.9370560731439816
2015-10-23,0.9926660984765393,1.4051299378479263,1.6024875456514347,1.0238570414939339,1.2214169796560397,1.1481232686988279,0.9336124433588986
2015-10-26,0.9874443730109265,1.4092425132757738,1.6087618003180642,1.0178767695817783,1.2220586013589876,1.1485697803526878,0.92601629349235
2015-10-27,0.9807339649923938,1.3987897173966612,1.597302112017383,1.0111068775285472,1.2227005601117853,1.1490164656574635,0.9227527304731993
2015-10-28,0.9790464197337833,1.4142118752510897,1.614501233390949,1.0089366085755511,1.2233428560914885,1.1494633246806887,0.9168270038949718
2015-10-29,0.9644145032185242,1.3963907150637498,1.5944795833543342,0.9936721970206794,1.2239854894752453,1.1499103574899234,0.8950053833686159
2015-10-30,0.960544318656233,1.3975902162302054,1.5943353224241579,0.9904439695929479,1.2246284604402975,1.1503575641527546,0.8997220341895379
2015-11-03,0.9842372216803438,1.3843957033991943,1.5800661485430043,1.01559339464702,1.2252717691639796,1.1509081866016078,0.9425781206325701
2015-11-04,0.9899122412052039,1.386966063041599,1.5829828392716048,1.0211655996954687,1.2259154158237193,1.1514590726077156,0.9358389551890692
2015-11-05,0.9937083210753984,1.3749710513770432,1.5698736283485193,1.0253532787568165,1.2265594005970377,1.1520102222972304,0.9424425801802179
2015-11-06,0.9799318245856592,1.3688021882352719,1.5636764996286552,1.0109771096796314,1.2272037236615487,1.152561635796365,0.9203120215750568
2015-11-09,0.9675909607629074,1.3691449028542595,1.5623599938233892,0.9979877627225536,1.2278483851949602,1.1531133132313929,0.9061187197056773
2015-11-10,0.9646045821310542,1.3657177566643866,1.5590735898916142,0.9948379610185007,1.2284933853750726,1.1536652547286477,0.9063470396572514
2015-11-11,0.9738624510206592,1.3631473970219818,1.5555546008497774,1.0050961614031182,1.2291387243797804,1.1542174604145239,0.9231856360858488
2015-11-12,0.974326135192362,1.351152385357426,1.5410396239185158,1.0048701985168456,1.2297844023870717,1.154769930415476,0.9196266694180117
2015-11-13,0.9709948578840856,1.3552649607852738,1.547112855104708,1.0012252383129152,1.2304304195750269,1.1553226648580195,0.9124369447573581
2015-11-16,0.9710871946308778,1.358520749665653,1.5487996611700556,1.0014210959689194,1.2310767761218213,1.15587566386873,0.9189067946566052
2015-11-17,0.9799176266298516,1.3708584759491957,1.5625987191212471,1.0104875627819592,1.2317234722057233,1.1564289275742443,0.9267710831604405
2015-11-18,0.9813106905769973,1.3650323274264116,1.5564901887733764,1.0117839927947407,1.2323705080050946,1.1569824561012592,0.9304542135132831
2015-11-19,0.9898218322738097,1.3542368169283114,1.5444410975114131,1.0206336255198831,1.2330178836983912,1.1575362495765322,0.9442497208278577
2015-11-23,0.9906987226456244,1.35886346428464,1.5489878124054222,1.021728978445575,1.2336655994641623,1.1580903081268819,0.9444731370004034
2015-11-24,0.989802016166398,1.3494388122624894,1.538594873049755,1.0203446098308215,1.2343136554810512,1.1586446318791874,0.9470997971993126
2015-11-25,0.9760210972545806,1.3706871186397018,1.562002641148739,1.0060610926605595,1.234962051927795,1.1591992209603883,0.91929438935103
2015-11-26,0.9804840023586164,1.3725720490441318,1.5634377173991953,1.0103898629826031,1.2356107889832246,1.1597540754974855,0.9247670067470095
2015-11-27,0.9653311828073955,1.3879942068985602,1.57902657483044,0.9942100898010132,1.2362598668262652,1.16030919561754,0.8998024561656078
2015-11-30,0.9588719241823275,1.429805390415011,1.6224427673967698,0.9859529052563014,1.2369092856359352,1.160864581447674,0.8850411005335489
2015-12-01,0.9474657724693342,1.4011887197295716,1.6012763297945782,0.9758514028826614,1.237559045591348,1.1613927983061567,0.8835972318363515
2015-12-02,0.9471023431214347,1.393648998111851,1.589812025909727,0.9750899551564253,1.2382091468717105,1.1619212555139913,0.8810037211836762
2015-12-03,0.9635378473713259,1.3554363180947666,1.537609293737482,0.9929357866577573,1.2388595896563237,1.1624499531805412,0.9100091818358513
2015-12-04,0.9549496777035414,1.3706871186397018,1.5589546630564017,0.9820814997546017,1.2395103741245834,1.1629788914152204,0.8897563782963428
2015-12-07,0.9489919597055632,1.3691449028542593,1.5546861678987565,0.9775034184416223,1.2401615004559787,1.1635080703274918,0.8870483153655582
2015-12-08,0.9322558724651839,1.3777127683289419,1.5694531989110103,0.95996810039678,1.2408129688300935,1.1640374900268688,0.8717595092611771
2015-12-09,0.9537272242682536,1.3386433017643895,1.5279339548421218,0.9828795441386956,1.2414647794266065,1.1645671506229147,0.9044141661153164
2015-12-10,0.9511217190599652,1.3586921069751468,1.551890308181954,0.9797356559843593,1.2421169324252899,1.1650970522252422,0.8950514788914851
2015-12-11,0.9469307249761058,1.3650323274264116,1.5573794211991425,0.9754744358859414,1.2427694280060109,1.1656271949435137,0.8878335084636265
2015-12-14,0.9379849834207951,1.3634901116409688,1.5543234941285908,0.9656032401809964,1.2434222663487309,1.166157578887442,0.8777236814669891
2015-12-15,0.9415351191221464,1.3878228495890674,1.582539402821903,0.9696685773992062,1.244075447633506,1.1666882041667899,0.8801785132487342
2015-12-16,0.9350265746642883,1.4119842302276726,1.609656251137809,0.9635031719368479,1.244728972040487,1.1672190708913694,0.8829909285972486
2015-12-17,0.9423389814820209,1.395533928516282,1.591591599786103,0.970748715700138,1.2453828397499191,1.1677501791710436,0.8878089895684833
2015-12-18,0.924998377140435,1.3842243460897012,1.5827767467179088,0.9519907898325559,1.2460370509421423,1.1682815291157247,0.8613113215115625
2015-12-21,0.9177765937901783,1.401874148967547,1.6035078232499989,0.9450443270393354,1.2466916057975914,1.168813120835375,0.8473720353958676
2015-12-22,0.9181180291996454,1.4077002974903312,1.6125245317646675,0.945512117120799,1.2473465044967955,1.1693449544400067,0.8526594860957252
2015-12-23,0.9272310630989617,1.4077002974903312,1.6125245317646675,0.9554127008989172,1.2480017472203793,1.1698770300396832,0.8633579627269623
2015-12-28,0.9259294465383346,1.3768559817814736,1.5740185645548006,0.9539880450360951,1.2486573341490619,1.1704093477445168,0.858442414628638
2015-12-29,0.926638802238224,1.3965620723732435,1.595278609593662,0.9540650925213724,1.2493132654636574,1.1709419076646699,0.8562774942630672
2015-12-30,0.9275761759727155,1.4239792418922275,1.622980667551695,0.9547519249783167,1.2499695413450749,1.1714747099103555,0.850314498964222
2016-01-04,0.9080892620714417,1.3940636817444525,1.6119299919451142,0.9340897116020319,1.2506261619743186,1.1721788837761071,0.8266011966397718
2016-01-05,0.9072714876362622,1.3928082659086323,1.6184192786782692,0.9338601708806797,1.2512831275324878,1.1728834809210202,0.8320598873033102
2016-01-06,0.8990863520256117,1.3802427607743326,1.5952475659096321,0.9248288693763774,1.2519404382007768,1.1735885015995284,0.8193849915723637
2016-01-07,0.8762578214326271,1.3451972793040667,1.5661525599404962,0.9018744430768361,1.2525980941604753,1.1742939460662178,0.798231658052033
2016-01-08,0.8738049753107769,1.341431764350637,1.5509058303756016,0.8994346004153959,1.2532560955929677,1.1749998145758276,0.7966130186702544
2016-01-11,0.8606404627706993,1.3212221114161573,1.5327387054554151,0.8858507648079523,1.2539144426797346,1.1757061073832502,0.7836335001860478
2016-01-12,0.8615416158729524,1.3226055269723294,1.5481143700590831,0.8860651816527818,1.254573135602351,1.176412824743531,0.7750681674322758
2016-01-13,0.8490138201829693,1.3033733372381597,1.5169172706791265,0.8730671433676687,1.2552321745424881,1.1771199669118693,0.7638997126189323
2016-01-14,0.8540940994540617,1.3111723864294185,1.5376798608307378,0.878413890666952,1.2558915596819118,1.1778275341436168,0.7747990480391832
2016-01-15,0.8362502531134184,1.283779200357186,1.503457573199434,0.8603963441126777,1.2565512912024839,1.1785355266942799,0.7565377672387925
2016-01-18,0.8308943501150451,1.275557024228876,1.518885739518668,0.8554970322724351,1.2572113692861615,1.179243944819517,0.7441439561217684
2016-01-19,0.8331066455563652,1.2789532550366252,1.5191918890340317,0.8575840479304994,1.2578717941149977,1.179952788775142,0.7464926701253333
2016-01-20,0.8215631532341069,1.2612321299456315,1.5186278472242845,0.8454845589427259,1.2585325658711406,1.1806620588171215,0.7384202652395216
2016-01-21,0.8270679714300353,1.2696829149533129,1.5401968436691547,0.8515721331677062,1.2591936847368346,1.1813717552015761,0.7398252960068119
2016-01-22,0.8325733402030685,1.2781345451857733,1.551088471629118,0.8574655762891118,1.2598551508944196,1.1820818781847802,0.745986796280737
2016-01-26,0.8222723717433998,1.2623208949024716,1.5297686244786197,0.8468189158242547,1.260516964526331,1.1827924280231628,0.7355172280545577
2016-01-27,0.834318642727644,1.280813866442824,1.5298023599065802,0.859829161134292,1.2611791258151006,1.1835034049733064,0.7527567574565378
2016-01-28,0.8368054909815127,1.284631580160548,1.530070211200451,0.8619895899663652,1.2618416349433557,1.1842148092919484,0.7577356623799124
2016-01-29,0.868691646288456,1.3335819784534149,1.532038924043006,0.8942803527926338,1.2625044920938193,1.1849266412359798,0.7925681855762582
2016-02-01,0.8733547412302605,1.3407405823202498,1.530189841964175,0.8992056127252653,1.2631676974493111,1.1854322777559607,0.7957858492237009
2016-02-02,0.8445031774046912,1.2964487720647135,1.5085030329894327,0.869534399603338,1.2638312511927465,1.1859381300431306,0.7570681599785319
2016-02-03,0.8540115242908299,1.3110456202172371,1.4787114384141327,0.8788653593782696,1.2644951535071365,1.1864441981895624,0.7765391049897115
2016-02-04,0.8724907314693244,1.3394141877919783,1.4757858504438308,0.8972177506977408,1.265159404575589,1.1869504822873682,0.8007229739497514
2016-02-05,0.8694118762323054,1.3346876477407434,1.4573468128218874,0.8945393508930435,1.2658240045813076,1.1874569824286998,0.7962185586851895
2016-02-10,0.8649908176421542,1.3279006087647125,1.4599645676725979,0.8900527112986394,1.2664889537075925,1.1879636987057483,0.7919913050113274
2016-02-11,0.8470492856962266,1.3003574595112772,1.4558330727782869,0.8713113147285239,1.2671542521378398,1.1884706312107436,0.7712330199295452
2016-02-12,0.8557931664933357,1.313780728749091,1.485087294019748,0.8805794539543533,1.2678199000555421,1.1889777800359553,0.78083932689552
2016-02-15,0.8633488065187466,1.3253798564909312,1.506710919100711,0.8885581443216028,1.2684858976442885,1.189485145273693,0.7864266927207701
2016-02-16,0.8809336523841013,1.3523754350027233,1.531134209113251,0.907088414396494,1.2691522450877644,1.1899927270163047,0.8031936939755491
2016-02-17,0.8878038384083144,1.3629222801458283,1.5221351162019492,0.9143928199321907,1.2698189425697517,1.1905005253561778,0.8165931720957696
2016-02-18,0.8874772635507103,1.3624209349946719,1.5389587343979294,0.9145691580966848,1.270485990274129,1.1910085403857402,0.8135885286093318
2016-02-19,0.8883308448465788,1.363731320144775,1.5252456678059036,0.9149515573453328,1.2711533883848714,1.1915167721974582,0.8148786147961906
2016-02-22,0.9154235422662245,1.405322986394704,1.5281559457428717,0.9420515918696434,1.2718211370860504,1.1920252208838382,0.848056602948268
2016-02-23,0.9038019843941513,1.3874820180764662,1.5188396830252837,0.9304086159565127,1.2724892365618348,1.1925338865374258,0.8340531754028783
2016-02-24,0.8958356277431722,1.3752523739800033,1.5207916794804102,0.9220620917777296,1.2731576869964893,1.1930427692508057,0.8254933348816184
2016-02-25,0.8952043645311045,1.3742832829948755,1.537758731507482,0.9219609387553611,1.2738264885743764,1.1935518691166027,0.821636022297678
2016-02-26,0.8926263792349227,1.3703256591977608,1.5436127590297348,0.9192193333419947,1.2744956414799544,1.194061186227481,0.8158528976136038
2016-02-29,0.9093764750658662,1.3960397615872022,1.541609915900252,0.9361866155595442,1.275165145897779,1.1945707206761444,0.8394065328928807
2016-03-01,0.9300828616267157,1.4278274092230696,1.5469534888053529,0.957326517795095,1.2758350020125033,1.194814798204658,0.8654540340349709
2016-03-02,0.9393246960146329,1.4420151176466922,1.5391607441794426,0.9662711573483145,1.2765052100088767,1.1950589256036723,0.8805908229894636
2016-03-03,0.9703202720693389,1.4895983329509321,1.5168078784043064,0.996468149370402,1.277175770071746,1.1953031028833767,0.9257038246926439
2016-03-04,1.000302433148569,1.5356257925923154,1.4999053337812933,1.0254528294398075,1.277846682386055,1.1955473300539634,0.9628052283699681
2016-03-07,1.0027588119530921,1.5393967307842078,1.5134298572088538,1.0282326618196158,1.2785179471368442,1.195791607125626,0.9659679696922897
2016-03-08,1.0011371502237818,1.5369072181169734,1.4834446913275865,1.026134130061278,1.2791895645092524,1.1960359341085605,0.9631439814252675
2016-03-09,0.993893141206397,1.5257864943036232,1.4642688221258853,1.0183850762653965,1.279861534688515,1.1962803110129645,0.9545713910785331
2016-03-10,1.0042644675526287,1.5417081553062213,1.4417830100581337,1.0286219158998815,1.280533857859964,1.1965247378490385,0.9723428824295418
2016-03-11,1.0078519676125826,1.5472155473113085,1.4487934609755269,1.0319524715846642,1.2812065342090304,1.1967692146269844,0.9736682758254067
2016-03-14,0.9987944781207112,1.5333108380764509,1.469759774447651,1.0227815984465154,1.281879563921241,1.1970137413570068,0.9585383521615543
2016-03-15,0.9752192325245398,1.4971190284752016,1.511053534023455,1.0006772042458867,1.282552947182221,1.1972583180493115,0.9244608147844601
2016-03-16,0.9830311706645304,1.509111615217339,1.5139955478406406,1.0089571831957342,1.283226684177693,1.1975029447141072,0.9368852254826229
2016-03-17,1.031823135806585,1.5840151620452372,1.4862596698711694,1.0570990316917697,1.2839007750934766,1.1977476213616045,0.9986797065343223
2016-03-18,1.0259104392098386,1.5749382178163231,1.4619469263554041,1.0511078299975751,1.28457522011549,1.197992348002016,0.9967352600738798
2016-03-21,1.0340402237890245,1.5874187501776424,1.475982036480327,1.0599799713548392,1.285250019429748,1.198237124645556,1.0037356988640271
2016-03-22,1.0300397834727457,1.5812774281855848,1.4677513664581832,1.055844854177717,1.285925173222364,1.1984819513024418,1.000570799878933
2016-03-23,1.0127463512548014,1.5547292166884545,1.4883894931847093,1.0387373457674776,1.2866006816795488,1.1987268279828918,0.9746759043402148
2016-03-24,1.012881587352468,1.554936825940201,1.5026312595848483,1.038313755569348,1.2872765449876105,1.198971754697127,0.9740354707990723
2016-03-28,1.0274072857184589,1.5772361189610336,1.4823697455988143,1.0522765941924628,1.2879527633329557,1.1992167314553708,0.9971975883607016
2016-03-29,1.034557381573105,1.5882126709017719,1.4957413000166966,1.0596465087110523,1.2886293369020891,1.199461758267848,1.00341106869233
2016-03-30,1.0406756326432436,1.597605174446212,1.4933978883429941,1.0661751294971238,1.289306265881613,1.1997068351447857,1.0052535165489767
2016-03-31,1.016354748535674,1.5602686893027384,1.4768241318979238,1.0411441633741594,1.2899835504582278,1.1999519620964132,0.981839933198758
2016-04-01,1.0259548728196586,1.5750064305838185,1.497287399847999,1.0497584719629323,1.2906611908187318,1.2002995528391187,0.9917700857317852
2016-04-04,1.0025778023939484,1.5391188518762742,1.4463464908583255,1.02903725145289,1.2913391871500215,1.200647244268625,0.9568249717689415
2016-04-05,1.0082901703740461,1.547888259323785,1.4524299168322987,1.0344384415976449,1.2920175396390918,1.2009950364140982,0.9621922559913855
2016-04-06,0.9917559137082406,1.5225055049127685,1.4176187827000288,1.0190841676106022,1.2926962484730358,1.201342929304713,0.9434133322767296
2016-04-07,0.9962486755464199,1.5294026199552329,1.4233368411099951,1.0232746789693812,1.2933753138390447,1.2016909229696524,0.951590089580271
2016-04-08,1.02076012669774,1.5670316562891307,1.4899142058208459,1.0443955197203973,1.2940547359244081,1.2020390174381073,0.9865014655433977
2016-04-11,1.0212231127777451,1.5677424146982943,1.5037698338745935,1.0416633087080498,1.2947345149165141,1.2023872127392776,0.9840015189945891
2016-04-12,1.0439782471426338,1.6026752211042914,1.5429818561290973,1.0636563531820773,1.2954146510028488,1.2027355089023717,1.02002252207632
2016-04-13,1.0705657699016187,1.6434913626599208,1.5793398054248606,1.0900806794168587,1.2960951443709974,1.2030839059566063,1.0425402830735837
2016-04-14,1.0514250470645616,1.6141072617086438,1.5474703244717998,1.071385877595373,1.2967759952086433,1.2034324039312068,1.0280480468346174
2016-04-15,1.0642516595319635,1.6337981834577096,1.5672881769204967,1.0826648985348237,1.2974572037035685,1.2037810028554063,1.0440683006189126
2016-04-18,1.0667022969357938,1.6375603076722511,1.5659839733517273,1.0903712687248022,1.298138770043654,1.2041297027584474,1.0375233248249467
2016-04-19,1.0739874562155636,1.6487442037844944,1.5733166393619171,1.095130438823575,1.2988206944168785,1.2044785036695809,1.053528671120995
2016-04-20,1.0711816760706645,1.6444368781037115,1.5682938621251845,1.0918732825659203,1.2995029770113211,1.2048274056180655,1.0519769192851671
2016-04-22,1.0615446068156227,1.6296424203251183,1.5484974167843546,1.0830008878849835,1.3001856180151579,1.2051764086331684,1.0377940134273285
2016-04-25,1.0483826576239603,1.6094367025444596,1.525772365031179,1.069920281309541,1.300868617616665,1.2055255127441664,1.0172734635528555
2016-04-26,1.0630653682099647,1.6319770346818778,1.5487444546787024,1.0836834953206314,1.3015519760042173,1.2058747179803435,1.0412194011544251
2016-04-27,1.0794116660271182,1.6570712419031937,1.576876870014371,1.0996043724076887,1.3022356933662882,1.2062240243709927,1.068587980366835
2016-04-28,1.0745491288863929,1.649606462049332,1.5797639116617126,1.0925151934628792,1.3029197698914503,1.2065734319454158,1.0653354018127084
2016-04-29,1.0702342175919148,1.6429823763158884,1.5797639116617126,1.0865926730812243,1.3036042057683757,1.2069229407329223,1.057460717297332
2016-05-02,1.070205862822652,1.6429388471655235,1.5613404958291857,1.0882797524329204,1.3042890011858346,1.20736951329375,1.0506156302268124
2016-05-03,1.050088463383795,1.6120553898885552,1.5372806048899517,1.0716198415271248,1.3049741563326975,1.2078162510905222,1.0250894988710488
2016-05-04,1.0516778276401295,1.6144953207184438,1.5345609922686934,1.0718086278203485,1.3056596713979334,1.2082631541843778,1.0308290779973486
2016-05-05,1.0420154050017065,1.5996619414015643,1.5189694014494886,1.0628549617586618,1.3063455465706106,1.208710222636478,1.0135334493632804
2016-05-06,1.037378608798394,1.5925437103457938,1.5201270712036556,1.0580642047617534,1.3070317820398973,1.2091574565080074,1.0144510444951222
2016-05-09,1.029931778643788,1.5811116233293976,1.5036022357840004,1.0511527968809615,1.3077183779950605,1.209604855860172,1.0001759475915448
2016-05-10,1.059232486161701,1.626092941693369,1.5542045780971774,1.0777758181749804,1.3084053346254667,1.2100524207542018,1.040991865807495
2016-05-11,1.05780314672109,1.6238986748010422,1.5624853803216399,1.0756896932336588,1.3090926521205821,1.2105001512513482,1.0349810096253302
2016-05-12,1.0674515631560069,1.6387105523334138,1.588736025074462,1.0855079110818435,1.3097803306699718,1.2109480474128864,1.0443344777445878
2016-05-13,1.050052635781513,1.6120003887325771,1.5408080859135955,1.0704941595991078,1.3104683704633018,1.2113961093001133,1.016147359736715
2016-05-16,1.0467147394412972,1.606876178750501,1.5344254951039697,1.0669339086208187,1.311156771690336,1.2118443369743492,1.0161202908764766
2016-05-17,1.0300828517662304,1.5813435449719948,1.5244508044367497,1.0506133659405672,1.3118455345409397,1.2122927304969369,0.9972215188023608
2016-05-18,1.0288849794196786,1.5795046174530365,1.5233472995129818,1.0513620401261363,1.3125346592050766,1.2127412899292416,0.9917736164526856
2016-05-19,1.0226293330310123,1.5699011899040942,1.489100943405932,1.044644707840311,1.313224145872811,1.2131900153326514,0.9833553970697733
2016-05-20,1.018119049258546,1.5629771758625515,1.480675210533906,1.0401765696747136,1.3139139947343066,1.2136389067685776,0.9753173186371623
2016-05-23,1.0092987021665356,1.5494365185120802,1.4623692039874598,1.0329382404060938,1.314604205979827,1.2140879642984532,0.9676219162830738
2016-05-24,1.0161887720912606,1.5600138886538968,1.4659675410625377,1.0405601342885002,1.3152947797997365,1.2145371879837348,0.9679114353969257
2016-05-25,1.0189874744161482,1.5643103487378316,1.464169247026647,1.0440733689664696,1.3159857163844981,1.214986577885901,0.9706118484324258
2016-05-27,1.023945042722432,1.5719210167792006,1.4605854522724997,1.0483381982959856,1.3166770159246761,1.215436134066454,0.9621506719452224
2016-05-30,1.0139586399387723,1.5565902756137178,1.4674139533533561,1.0407428981438795,1.317368678610934,1.2158858565869182,0.9604412145758331
2016-05-31,1.013610438116612,1.5560557295790212,1.4558080897235246,1.0397718141169496,1.318060704634036,1.2163357455088408,0.9507780237731257
2016-06-01,1.0153574227439353,1.5587376331354643,1.4558080897235246,1.041131069691042,1.3187530941848462,1.2165380902205019,0.9613888208353306
2016-06-02,1.0270891955731216,1.5767477992135632,1.4748405235670816,1.052402309521664,1.3194458474543291,1.2167404685934136,0.9785440052380179
2016-06-03,1.0372063204565123,1.592279219914911,1.5030913205901353,1.0602056883182327,1.3201389646335497,1.2169428806331752,0.9929071740129498
2016-06-06,1.0360415499229332,1.5904911090251017,1.5041660302053848,1.0589122438240508,1.3208324459136727,1.2171453263453882,0.9892256128693965
2016-06-07,1.0330142960928923,1.585843785467663,1.5009863707037063,1.055284717849906,1.3215262914859642,1.2173478057356537,0.990325040127621
2016-06-08,1.0476017600545282,1.608237898653502,1.5384880204429698,1.067136034939742,1.32222050154179,1.2175503188095744,1.0127145182654953
2016-06-09,1.0412368527229003,1.5984667379105029,1.5286608608416479,1.06175715946315,1.3229150762726167,1.2177528655727536,1.002694528500663
2016-06-10,1.0234252068498775,1.5711229847567285,1.5286608608416479,1.0447284838715378,1.3236100158700117,1.2179554460307962,0.9694212108842685
2016-06-13,1.0198375721345845,1.565615386033948,1.4845849925331827,1.04212408563244,1.3243053205256425,1.218158060189307,0.9741021621938619
2016-06-14,1.0059716997109684,1.5443290324023988,1.4611802049248663,1.028673091579179,1.3250009904312776,1.2183607080538927,0.954241857127807
2016-06-15,1.011804161328192,1.553282802979085,1.4750637981356796,1.0336148207825373,1.3256970257787866,1.2185633896301602,0.959468304816548
2016-06-16,1.018928451370207,1.5642197388295669,1.4750840544789316,1.0402564314138079,1.3263934267601392,1.2187661049237175,0.9692144675604203
2016-06-17,1.0154907857085957,1.558942366825519,1.479122872505757,1.0353474702509777,1.3270901935674062,1.2189688539401742,0.9716120232031105
2016-06-20,1.0304978568703893,1.5819806448338816,1.5127483428811148,1.0499309063123157,1.3277873263927593,1.2191716366851397,0.9872162403746148
2016-06-21,1.037293736452034,1.5924134175864948,1.5237886936922265,1.0567426433954183,1.3284848254284718,1.2193744531642254,0.9971893500119332
2016-06-22,1.032401665593645,1.5849032987060623,1.5313788322441355,1.0508005826883973,1.3291826908669169,1.2195773033830433,0.9838216483798182
2016-06-23,1.0486524752182123,1.6098509161295687,1.5511580304483734,1.0668014832114436,1.329880922900569,1.2197801873472056,1.0113516599978516
2016-06-24,1.0255657862587766,1.5744091198719363,1.5158656219936768,1.0426416350842849,1.3305795217220049,1.2199831050623264,0.9828204928533282
2016-06-27,1.0142298878764773,1.557006685007041,1.495983106390302,1.03074219711382,1.331278487523901,1.2201860565340203,0.965956789076104
2016-06-28,1.0252974574273275,1.5739971917781774,1.516333046592589,1.040191743442891,1.3319778204990358,1.220389041767903,0.9808844808928149
2016-06-29,1.0407086643460604,1.597655883444949,1.556608170394534,1.054499670002862,1.3326775208402886,1.2205920607695908,1.000408190566343
2016-06-30,1.0489283098661153,1.6102743668638406,1.5742447303578588,1.0627114342814816,1.3333775887406403,1.2207951135447017,1.0107065188288418
2016-07-01,1.061279872908993,1.6503193478292704,1.5903810063028787,1.0742505921834828,1.3340780243931734,1.2210967056736541,1.0245571446196984
2016-07-04,1.0671702295812304,1.6526500080970994,1.5983730943391845,1.0803997259875469,1.3347788279910713,1.2213983723096318,1.0311401737389267
2016-07-05,1.0618892295664109,1.6399373157271218,1.5917790696991678,1.0760788077980146,1.3354799997276192,1.2217001134710412,1.0168921456955873
2016-07-06,1.06040200960345,1.589086546247211,1.571922478555387,1.07572680722282,1.3361815397962036,1.2220019291762934,1.018059833557891
2016-07-07,1.0684567864965002,1.6706596556212343,1.6062033228793382,1.0833619704520052,1.336883448390313,1.2223038194438045,1.020273399411426
2016-07-08,1.0849131077091339,1.7583772329740803,1.65139818725993,1.0990617899207569,1.3375857257035368,1.2226057842919948,1.0423617855169407
2016-07-11,1.0992577064743696,1.7583772329740803,1.669899706711338,1.1140562394302884,1.338288371929567,1.2229078237392885,1.0584338232077786
2016-07-12,1.104460830995921,1.6738378287137288,1.64849640320007,1.1191627394361032,1.3389913872621972,1.223209937804116,1.0642455859613797
2016-07-13,1.1009008038011763,1.5573048153222666,1.618756120155204,1.1168426644929683,1.3396947718953218,1.2235121265049103,1.070951601858647
2016-07-14,1.1224350279276871,1.694813771124192,1.6795448597674272,1.1365864671166817,1.3403985260229385,1.22381438986011,1.0882635110390901
2016-07-15,1.123221664122581,1.6462936619121105,1.6701620987148285,1.1380302415064532,1.3411026498391456,1.2241167278881586,1.0901734348951708
2016-07-18,1.1377364357956747,1.6685408735595713,1.6988096240504789,1.1519565748629583,1.3418071435381442,1.2244191406075036,1.107944337792696
2016-07-19,1.142028116500542,1.656887572220425,1.7155889691100785,1.156909436182142,1.3425120073142374,1.224721628036597,1.1121390303738081
2016-07-20,1.1415054853332893,1.6378185336654585,1.7013873980912944,1.156339665885245,1.3432172413618297,1.2250241901938954,1.109784824137731
2016-07-21,1.1472095294279634,1.6441748798504474,1.708652221562608,1.1626466481043993,1.3439228458754284,1.2253268270978606,1.1110292071040426
2016-07-22,1.1505119629716536,1.6736259505075624,1.7311110691902714,1.1654893563471378,1.3446288210496429,1.225629538766958,1.1181024179749754
2016-07-25,1.1510678714975882,1.6736259505075624,1.7311550454527143,1.1657324355222318,1.3453351670791844,1.225932325219658,1.115565006554388
2016-07-26,1.1557960225500954,1.72638362384297,1.7540434863719834,1.1689611996619016,1.3460418841588668,1.2262351864744354,1.1138002345575555
2016-07-27,1.1561649802876721,1.7374012905636171,1.7558573087867908,1.1693582425271898,1.3467489724836061,1.2265381225497702,1.1151750580460291
2016-07-28,1.1536775861808803,1.7374012905636171,1.7475951966595844,1.1671249420347878,1.3474564322484208,1.2268411334641465,1.1115319425300603
2016-07-29,1.1641521207141396,1.7268073802553023,1.7707949925511337,1.1773492518325808,1.348164263648432,1.2271442192360524,1.1241069973199833
2016-08-01,1.159437225349501,1.659641988900587,1.7475246344903015,1.1738244691223534,1.3488724668788628,1.2274007935934717,1.1132708225736216
2016-08-02,1.1478773689092503,1.7225698161319765,1.759054699890206,1.1623432306173578,1.3495810421350396,1.227657421596094,1.1016316049735273
2016-08-03,1.159545189071312,1.7225698161319765,1.7717601600092119,1.1729569291312398,1.3502899896123906,1.2279141032551357,1.1195702171138326
2016-08-04,1.1665044270527452,1.6645151876424118,1.755739977820401,1.1792582479996425,1.350999309506447,1.2281708385818153,1.1297108398427698
2016-08-05,1.1678720408299474,1.6844317390220434,1.7694066680782048,1.1804842496352297,1.351709002012843,1.228427627587354,1.131029956401478
2016-08-08,1.1670618491816327,1.7162134699469875,1.7693971454939135,1.1789372578008257,1.3524190673273155,1.2286844702829751,1.13052545561501
2016-08-09,1.1656800484830085,1.695025649330358,1.7637109653323195,1.1775022058933586,1.3531295056457038,1.228941366679904,1.1315844757340385
2016-08-10,1.1538120651627435,1.695025649330358,1.7509811991893358,1.1653306345476335,1.3538403171639504,1.2291983167893688,1.1164878977675805
2016-08-11,1.1691551797157929,1.6674814825287396,1.756364346106611,1.1814808160218802,1.3545515020781005,1.2294553206226,1.1435528349825361
2016-08-12,1.1727470672163918,1.6643033094362452,1.7523670769600694,1.1855721293695078,1.3552630605843026,1.22971237819083,1.1435298852966822
2016-08-15,1.191744712107921,1.7585891111802465,1.793840026820878,1.2024884769504436,1.3559749928788078,1.229969489505294,1.1601550692619522
2016-08-16,1.1852336484407144,1.6717190466520657,1.763086917077836,1.1970277595542909,1.356687299157971,1.2302266545772296,1.15445609342601
2016-08-17,1.188659960935499,1.6685408735595713,1.7661208485742046,1.2005781469071,1.3573999796182499,1.2304838734178762,1.1636438138140988
2016-08-18,1.1922994971522556,1.695025649330358,1.7785998902884077,1.204306788192117,1.358113034456205,1.2307411460384763,1.160548156188889
2016-08-19,1.1888178210879343,1.6738378287137285,1.7723790155609753,1.2007666735547402,1.3588264638685001,1.2309984724502738,1.159232178048759
2016-08-22,1.1716204570783715,1.7265955020491357,1.7698620388783048,1.1834566298332265,1.359540268051903,1.2312558526645159,1.1333857318468439
2016-08-23,1.175914411432929,1.6751090979507262,1.7511373306525886,1.1879220845407283,1.3602544472032845,1.2315132866924516,1.1380696254238545
2016-08-24,1.168429079795901,1.6751090979507262,1.74521023988604,1.1809354712281441,1.3609690015196187,1.2317707745453326,1.1321429180898215
2016-08-25,1.1656776392461776,1.6751090979507262,1.7414487457097645,1.1783141830097787,1.3616839311979831,1.2320283162344126,1.1322262823333085
2016-08-26,1.1660361278294198,1.6751090979507262,1.7388312443235479,1.179471810242292,1.3623992364355588,1.2322859117709477,1.1321107492993934
2016-08-29,1.1822831251933872,1.716213469946987,1.7681599167197188,1.1942822305095793,1.3631149174296309,1.2325435611661966,1.1496496053732828
2016-08-30,1.1824536377449197,1.7160015917408207,1.7629148663567225,1.1942168716548152,1.3638309743775874,1.2328012644314201,1.1489636647627544
2016-08-31,1.1715907649873445,1.711764027617495,1.7554795543104442,1.1836090929919083,1.3645474074769208,1.2330590215778816,1.1357367996643424
2016-09-01,1.174909690626777,1.6526500080970987,1.737468349393604,1.1875874258332197,1.3652642169252265,1.2331059849005608,1.1423110019813192
2016-09-02,1.194238481626565,1.6632439184054135,1.7600864739530944,1.206300611933983,1.3659814029202042,1.2331529500119245,1.1693824121845926
2016-09-05,1.1955721193762077,1.6314621874804693,1.7608053282214018,1.208495934403756,1.3666989656596573,1.233199916912041,1.1684006756230558
2016-09-06,1.2023056221963333,1.660065745312919,1.7778677745419078,1.2145872608749113,1.3674169053414937,1.2332468856009782,1.1794457513560384
2016-09-08,1.2027992929146762,1.660065745312919,1.7785027228190573,1.2151766929705576,1.3681352221637242,1.2332938560788043,1.181450808525275
2016-09-09,1.1697608418358902,1.6693883863842365,1.7463564844119062,1.1823607431794299,1.3688539163244642,1.2333408283455876,1.1376712424155668
2016-09-12,1.1740317751908564,1.6632439184054137,1.7515365281612483,1.1868716762041893,1.3695729880219332,1.2333878024013962,1.14917335035402
2016-09-13,1.1489581295212596,1.6102743668638402,1.6992937354750415,1.1630859654885048,1.3702924374544552,1.2334347782462982,1.1145460012722328
2016-09-14,1.1527739005073643,1.6102743668638402,1.706372197933402,1.1674729320268673,1.3710122648204572,1.2334817558803617,1.1192279333376318
2016-09-15,1.1657900448416278,1.6102743668638402,1.7309741267543253,1.1803708582717005,1.371732470318472,1.2335287353036548,1.135901174337383
2016-09-16,1.1518319487010544,1.6314621874804696,1.7200002307698192,1.1653774485294044,1.372453054147135,1.2335757165162458,1.1196259240435977
2016-09-19,1.1561016239569455,1.644174879850447,1.7294921429693888,1.1698667885381102,1.3731740165051871,1.2336226995182027,1.124934166766537
2016-09-20,1.1602139853459483,1.6484124439737728,1.7348196968379648,1.1736163799690023,1.3738953575914736,1.2336696843095938,1.13250717079607
2016-09-21,1.1663891150736059,1.6373947772531257,1.740478354472846,1.1795032390174616,1.374617077604944,1.2337166708904872,1.1454035211879505
2016-09-22,1.1795573643666168,1.589298424453377,1.7420292424607635,1.1938725566006905,1.375339176744652,1.2337636592609507,1.1571772984845914
2016-09-23,1.1770197757421026,1.6272246233571435,1.742993187414652,1.1900471390614178,1.3760616552097558,1.233810649421053,1.1513484705799701
2016-09-26,1.1653658198894163,1.6388779246962895,1.7337836406299285,1.1781260563000586,1.3767845131995191,1.2338576413708622,1.1387267318136944
2016-09-27,1.170409117325109,1.6583707196635884,1.7387895032892666,1.1829228578148219,1.3775077509133096,1.2339046351104461,1.1451791242595994
2016-09-28,1.1873303943517213,1.6526500080970985,1.7605630565491155,1.1997080902032151,1.3782313685505998,1.2339516306398732,1.1642701244716387
2016-09-29,1.1735889074764236,1.6102743668638395,1.7198058382274743,1.1857874948281142,1.378955366310967,1.2339986279592114,1.1445530097532206
2016-09-30,1.1740647031044653,1.662820161993081,1.737315004419608,1.1863905243950208,1.3796797443940936,1.2340456270685292,1.1448762668667896
2016-10-03,1.1861445345863373,1.6903443532315414,1.7635100745445138,1.1963424687438375,1.3803997021351988,1.234198281978305,1.1663387346170866
2016-10-04,1.1877707680971064,1.681668249471592,1.7641133528476731,1.1979333164837866,1.3811200355715703,1.234350955771922,1.163945690451103
2016-10-05,1.2004276017129862,1.7053031528176614,1.7864986412096433,1.2094953753197788,1.381840744899257,1.234503648451716,1.1818958755099158
2016-10-06,1.2042892427378085,1.7202619524037812,1.7936372984080915,1.2143050428805358,1.3825618303144103,1.234656360020023,1.1895438092830068
2016-10-07,1.2086582734092206,1.7292372321554532,1.798579026222305,1.2186144778887968,1.3832832920132834,1.2348090904791802,1.1986597383461164
2016-10-10,1.216979380374969,1.7388108638905702,1.8092777575541679,1.2264869322442145,1.3840051301922325,1.234961839831524,1.2096314535448303
2016-10-11,1.2087311119879858,1.7187660724451697,1.7965691693099013,1.2160408691635407,1.3847273450477162,1.2351146080793918,1.196950477127888
2016-10-13,1.2065238765996869,1.7223561843458381,1.8008421478765255,1.2136366291020744,1.3854499367762954,1.235267395225121,1.1988480434608166
2016-10-14,1.2174282452521261,1.7382125119071254,1.8130704733284966,1.2247574500005072,1.3861729055746332,1.2354202012710491,1.211570996226244
2016-10-17,1.2272734673781738,1.7382125119071254,1.8183442060789525,1.2338485623951343,1.3868962516394963,1.235573026219514,1.229791281433955
2016-10-18,1.247210403995483,1.7639416471952514,1.8445518414281952,1.2530489868556791,1.3876199751677534,1.2357258700728544,1.2510952590460462
2016-10-19,1.2394491424027883,1.756761423393914,1.8378064361850974,1.2455658222567438,1.388344076356376,1.2358787328334087,1.2456697179287417
2016-10-20,1.2425339650374365,1.762146591244917,1.8384881650335128,1.248310762333131,1.3890685554024382,1.2360316145035157,1.2521868402578247
2016-10-21,1.2468555936508903,1.770523519013144,1.8443565759859541,1.2525669997797702,1.389793412503118,1.2361845150855149,1.257487433085479
2016-10-24,1.2498181349747315,1.78249055868204,1.858393502684725,1.253770432628198,1.3905186478556946,1.2363374345817453,1.2565421806399153
2016-10-25,1.248076056207603,1.765736703145586,1.848130048750922,1.2500350360843013,1.3912442616575518,1.2364903729945467,1.252742928799674
2016-10-26,1.2482800520597548,1.7890724304999326,1.8611390361340236,1.2514636264246266,1.391970254106175,1.2366433303262594,1.2519481242947097
2016-10-27,1.2585362584324462,1.768130111079365,1.852303370626694,1.2611743381533385,1.3926966253991537,1.2367963065792238,1.2602614028064087
2016-10-28,1.2628405475619944,1.7845847906240968,1.86618262280384,1.2656638538868759,1.39342337573418,1.2369493017557802,1.2614016295061516
2016-10-31,1.2728957894127853,1.780097150748261,1.8656895303758132,1.2752229931871302,1.3941505053090493,1.2371023158582697,1.2735018023349396
2016-11-01,1.2523513276801987,1.7397083918657374,1.8283388771979483,1.2551403657318911,1.394870729544436,1.2372083224522965,1.242154885272162
2016-11-03,1.233173895426168,1.7053031528176619,1.803855097073557,1.2370107830660224,1.3955913258508061,1.237314338129968,1.2112367546476501
2016-11-04,1.2295812498381964,1.684959185380539,1.7842389736103625,1.2319709720312615,1.396312294420373,1.2374203628920628,1.2082595723237728
2016-11-07,1.263393372701733,1.7947567743426587,1.8747596765328864,1.2654959411705324,1.3970336354454491,1.237526396739359,1.2563805520831304
2016-11-08,1.2627493278309923,1.7370158079402362,1.8312333202396063,1.2639200150479502,1.397755349118447,1.2376324396726355,1.2584601466936027
2016-11-09,1.2565458722536722,1.7950559503343813,1.8711375657990712,1.2613297259924492,1.3984774356318779,1.2377384916926706,1.2408181151089506
2016-11-10,1.2427999517976525,1.6427753705476809,1.7571809338754223,1.2483569733527768,1.399199895178353,1.2378445528002429,1.2004637405751775
2016-11-11,1.2119154164097923,1.5898212200128166,1.7035383789938152,1.2170140492999848,1.3999227279505828,1.2379506229961315,1.1608912245697331
2016-11-14,1.2173313568726618,1.590419571996261,1.7026723444509337,1.2241236097070378,1.4006459341413773,1.2380567022811146,1.1701880050034195
2016-11-16,1.2283474992703236,1.5844360521618133,1.7054603739563974,1.2365152037796443,1.4013695139436464,1.2381627906559713,1.1918009206943156
2016-11-17,1.2235415763134203,1.5967022678224316,1.7122129349289141,1.2318504467964493,1.4020934675503989,1.2382688881214807,1.172404709275533
2016-11-18,1.2176245063719322,1.5964030918307093,1.7047055587954019,1.2268278968695947,1.4028177951547443,1.2383749946784215,1.1761568848370987
2016-11-21,1.231729659426643,1.6125585953837187,1.7249300114199602,1.2384928506543327,1.403542496949891,1.2384811103275728,1.1979004372013184
2016-11-22,1.2495393379931021,1.6185421152181667,1.7389488071024575,1.2542873977008726,1.404267573129148,1.2385872350697138,1.2152441228698672
2016-11-23,1.2508945954616946,1.6131569473671636,1.7343755245158463,1.2558879607598197,1.4049930238859236,1.2386933689056236,1.2158606259693499
2016-11-24,1.2414905490284112,1.6176445872429996,1.7263571557107318,1.2489990518426952,1.405718849413726,1.2387995118360815,1.2042804498687605
2016-11-25,1.2452546113245033,1.6454679544731827,1.7465295872388877,1.2533732929463517,1.4064450499061638,1.2389056638618665,1.2074883059581458
2016-11-28,1.2677995891065692,1.6323042108373973,1.7559205198569408,1.2712885613013436,1.4071716255569453,1.2390118249837585,1.232917734791464
2016-11-29,1.251153583387585,1.6050791955906591,1.7277122556363695,1.256641574357433,1.407898576559879,1.2391179952025366,1.1962574750755577
2016-11-30,1.257494525027028,1.6454679544731827,1.7632740685848536,1.26128688633231,1.4086259031088733,1.2392241745189805,1.2143002434824315
2016-12-01,1.2245649414592013,1.5655879646833026,1.6872307533080788,1.2289969681614086,1.4093413165583304,1.23940090148775,1.1672276916794007
2016-12-02,1.2273649704399217,1.5661863166667476,1.691539365976693,1.2343428000500525,1.4100570933522376,1.2395776536597254,1.1831076973834764
2016-12-05,1.2223507205561315,1.5613995007991892,1.6877285978926837,1.2282690190092767,1.41077323367513,1.2397544310385002,1.1736061351375535
2016-12-06,1.2387725650250796,1.5793500603025332,1.7073342234686313,1.2436791684001782,1.4114897377116369,1.2399312336276695,1.1982529208378982
2016-12-07,1.2468567831072024,1.5931121559217634,1.7147337121313935,1.2527798652048665,1.412206605646481,1.2401080614308289,1.2046505871098436
2016-12-08,1.2402128814784716,1.5981981477810443,1.7188014616910225,1.2456087422947724,1.4129238376644797,1.2402849144515735,1.1901777698358307
2016-12-09,1.2401336231152673,1.5886245160459276,1.7146896253520028,1.2460432930121659,1.4136414339505432,1.2404617926935,1.186726490155463
2016-12-12,1.212701382688668,1.561100324807467,1.6844588494845245,1.218857304110611,1.4143593946896764,1.2406386961602054,1.1607953066519328
2016-12-13,1.214987291182061,1.5751615964184196,1.6943654780231072,1.222321449692585,1.415077720066978,1.2408156248552866,1.1627952638909793
2016-12-14,1.2049358472559468,1.5503299891054607,1.6738774063531627,1.2136845185976464,1.41579641026764,1.2409925787823417,1.1418372969271502
2016-12-15,1.2050332433933595,1.5587069168736878,1.6765815373683186,1.2132786492997458,1.4165154654769494,1.241169557944969,1.1454474590480466
2016-12-16,1.2089544232930507,1.5646904367081356,1.682141626674591,1.2174546447871641,1.4172348858802872,1.2413465623467674,1.1453077994213103
2016-12-19,1.190435096256159,1.5473382291882365,1.6662941390573736,1.1992618980432639,1.417954671663128,1.2415235919913366,1.1202387002710177
2016-12-20,1.1921484315265476,1.5422522373289558,1.661064620156963,1.2012004739794262,1.4186748230110406,1.2417006468822758,1.1294950735655078
2016-12-21,1.1947646393140103,1.5557151569564636,1.671887781378102,1.2027893898481548,1.4193953401096888,1.2418777270231858,1.1307431834038812
2016-12-22,1.189860555775664,1.5602027968322996,1.6801815167131824,1.1965175877033947,1.4201162231448299,1.2420548324176677,1.1230677884682299
2016-12-23,1.1986783389777014,1.5706739565425836,1.690459992885286,1.204858082037755,1.420837472302316,1.2422319630693226,1.1364429438444683
2016-12-26,1.209576614750013,1.5811451162528674,1.7001039542480065,1.2165041077391894,1.4215590877680935,1.2424091189817525,1.1498432065693334
2016-12-27,1.2103826572667853,1.590120396004539,1.707596092464638,1.2159744093598697,1.422281069728203,1.2425863001585602,1.151342389893974
2016-12-28,1.228736099755065,1.6140544753423307,1.7325425279684583,1.2331798998890229,1.4230034183687799,1.242763506603348,1.1726236139713717
2016-12-29,1.2357550940695343,1.6185421152181667,1.7426250594989303,1.2386650802842702,1.4237261338760536,1.24294073831972,1.1813650904678532
2017-01-02,1.2315859003587701,1.6367402500868218,1.7763116582871734,1.2354329512406046,1.4244252924625533,1.2431652743200088,1.1688392696193777
2017-01-03,1.2623030947336877,1.6365582687381355,1.7620227632844707,1.2641903153005694,1.4251247943894734,1.2433898508825012,1.2124854529395066
2017-01-04,1.262903403388796,1.6105349358759589,1.7492793818313332,1.2641718185693966,1.42582463982542,1.2436144680145247,1.208076367139262
2017-01-05,1.267122716257607,1.6194520219615995,1.7448321695643454,1.2676503251273414,1.4265248289390826,1.2438391257234085,1.217529480048382
2017-01-06,1.2590024854412274,1.5832377335729764,1.7409700491890971,1.2605680003384725,1.427225361899233,1.2440638240164823,1.209573196649969
2017-01-09,1.2610941833644134,1.5832377335729764,1.7320540536410178,1.2621812761013382,1.4279262388747265,1.244288562901078,1.2102583526558526
2017-01-10,1.2652078916099547,1.6367402500868218,1.7521521752636484,1.2657761668984977,1.4286274600345008,1.2445133423845283,1.2187224714104732
2017-01-11,1.267630701054778,1.6378321381789411,1.753680910111053,1.2680195148506108,1.4293290255475768,1.2447381624741671,1.2248906408238773
2017-01-12,1.2907472971339056,1.6012538870929447,1.7447788129201278,1.2901554018532908,1.4300309355830583,1.2449630231773303,1.2544637629364095
2017-01-13,1.2888186567495619,1.6378321381789411,1.7639022031047142,1.2887747236820064,1.4307331903101321,1.2451879245013544,1.2485317595210255
2017-01-16,1.2940798717769273,1.6593059373239543,1.7848550318997456,1.2939835429578925,1.4314357898980683,1.2454128664535775,1.2520577727937898
2017-01-17,1.300393182195054,1.6372861941328818,1.7650384325744837,1.2993709179469017,1.4321387345162202,1.2456378490413391,1.2623176554287039
2017-01-18,1.29670215097422,1.6378321381789414,1.7660459789987142,1.2962699604866375,1.4328420243340236,1.24586287227198,1.2583012642530738
2017-01-19,1.2894687789461083,1.6378321381789414,1.7584632640308528,1.2889292896203204,1.4335456595209983,1.2460879361528423,1.2544035445299373
2017-01-20,1.296229311409751,1.6105349358759589,1.7461737012410148,1.2950011645531905,1.434249640246747,1.2463130406912692,1.2655904375524287
2017-01-23,1.3171081953294743,1.6560302730475962,1.7654910661698238,1.3143268336140956,1.4349539666809557,1.246538185894606,1.2896668156761601
2017-01-24,1.3213640546752723,1.674228407916251,1.7778195419025353,1.3189228220072644,1.4356586389933936,1.2467633717701985,1.2914610103471647
2017-01-26,1.3344581283324288,1.6651293404819236,1.7889819077134346,1.3319313156957038,1.4363636573539136,1.2469885983253937,1.298336696998823
2017-01-27,1.3300560201754874,1.6378321381789411,1.7666229485123095,1.327337922314357,1.4370690219324516,1.2472138655675407,1.2952641852106288
2017-01-30,1.3038443925840748,1.652390646073865,1.7559279543245012,1.3005650402593396,1.4377747328990274,1.2474391735039896,1.261285900321075
2017-01-31,1.3097258147438047,1.6469312056132688,1.7620091151993538,1.3065276280004512,1.4384807904237438,1.2476645221420917,1.2685248589231763
2017-02-01,1.3129208218441943,1.632372697718345,1.7536972801572457,1.3095093709686403,1.4391695048638111,1.2478602799178042,1.271768022221568
2017-02-02,1.308100072341617,1.6196340033102865,1.747271306549921,1.304629772090627,1.4398585490459113,1.2480560684077882,1.2667090876244458
2017-02-03,1.3195869653024563,1.6560302730475964,1.7687973168297397,1.315978892261239,1.440547923127918,1.2482518876168625,1.2740788790510316
2017-02-06,1.3065978329176486,1.6378321381789416,1.7562934628490698,1.303461484586295,1.4412376272677798,1.248447737549847,1.25522875246488
2017-02-07,1.305286437710853,1.5850575470598423,1.738797949729599,1.3029484083719425,1.4419276616235224,1.2486436182115626,1.2592686817798473
2017-02-08,1.3172129484483184,1.6523906460738653,1.767189231456095,1.3136000699240977,1.4426180263532453,1.2488395296068302,1.2717538993379656
2017-02-09,1.323770707150901,1.6551203663041638,1.7791431506243467,1.3204581756291387,1.4433087216151252,1.249035471740472,1.2742936645724867
2017-02-10,1.3390731524269508,1.646931205613269,1.7777089875843923,1.3349835331512647,1.4439997475674138,1.2492314446173107,1.2970401378236471
2017-02-13,1.3486832333376657,1.5941566144941697,1.7652726871930162,1.344848947626896,1.444691104368439,1.2494274482421703,1.3135780345222072
2017-02-14,1.3449251531846813,1.6068953089022282,1.7634575397322194,1.3407860867074457,1.4453827921766038,1.2496234826198747,1.3085808875408462
2017-02-15,1.3663592076740034,1.6323726977183453,1.7785444502820706,1.3609641685335776,1.4460748111503878,1.2498195477552492,1.3333488946587793
2017-02-16,1.3684686963298505,1.6338285485078374,1.7876706826871025,1.3633783555925676,1.446767161448346,1.2500156436531196,1.3301841918248463
2017-02-17,1.368387529648031,1.6196340033102865,1.7860583168272766,1.3634838056376695,1.4474598432291095,1.2502117703183129,1.3288929287310207
2017-02-20,1.3799709033548053,1.6196340033102865,1.7951243911328734,1.3747381014622526,1.448152856651385,1.2504079277556557,1.344279810415975
2017-02-21,1.3901164848293321,1.618724096566854,1.8003771385005178,1.3846696722277494,1.448846201873956,1.250604115969977,1.3544633902492034
2017-02-22,1.3827725769171448,1.6014358684416317,1.7833798564007817,1.3770907107225094,1.4495398790556815,1.250800334966105,1.3453917913485127
2017-02-23,1.3664323817786574,1.6014358684416317,1.7770883769140522,1.3613171921000393,1.4502338883554966,1.2509965847488695,1.323262998103802
2017-02-24,1.3588859469360643,1.614538525547063,1.7930486212300036,1.355101228579762,1.450928229932412,1.2511928653231013,1.3075848319445458
2017-03-01,1.3665167907986393,1.610534935875959,1.8024432786336708,1.362983644153764,1.4515885932428205,1.2513415882236953,1.3139944634373204
2017-03-02,1.3517254471019546,1.5868773605467077,1.8012518885100908,1.3498269277662382,1.4522492571054495,1.2514903288022208,1.291752098670306
2017-03-03,1.3643877923826,1.5832377335729766,1.7960635498164343,1.3614221534888546,1.4529102216570902,1.2516390870607783,1.3100059257265735
2017-03-06,1.3644003629478374,1.609625029132526,1.8096459168863417,1.3612818854558149,1.4535714870345955,1.2517878630014696,1.3012934796019415
2017-03-07,1.3536133077159829,1.5832377335729764,1.785937214554026,1.3504249958414691,1.4542330533748808,1.2519366566263965,1.2895432404446385
2017-03-08,1.3393558007138953,1.5832377335729764,1.7952008838432392,1.3380044598658534,1.454894920814924,1.2520854679376614,1.26945128085727
2017-03-09,1.3342055840049345,1.5759584796255144,1.795632176820297,1.3341258025109768,1.4555570894917649,1.2522342969373659,1.2668467857395702
2017-03-10,1.3352000241625959,1.5650395987043215,1.7814927889175272,1.3341256658590601,1.456219559542506,1.2523831436276127,1.2686166576665925
2017-03-13,1.3509684447608568,1.5905169875204386,1.7982034257130328,1.3491683778752086,1.456882331104312,1.2525320080105051,1.2854629039904746
2017-03-14,1.340856203621033,1.5650395987043215,1.7898698921213487,1.3398072270800492,1.45754540431441,1.2526808900881456,1.2690874204533433
2017-03-15,1.356437829014397,1.5823278268295438,1.7916822198443,1.353769601688461,1.4582087793100902,1.252829789862638,1.2992046658868952
2017-03-16,1.3549527968999364,1.6014358684416314,1.7980678457059518,1.352025535653793,1.4588724562287043,1.252978707336085,1.290338241100764
2017-03-17,1.3315331317295438,1.6014358684416314,1.7893431360030985,1.3295134585658515,1.459536435207667,1.2531276425105913,1.2594852326617525
2017-03-20,1.3337341173315658,1.6005259616981988,1.7776051489764122,1.3309978810094074,1.4602007163844555,1.2532765953882603,1.2727122939113256
2017-03-21,1.3055758377084155,1.5650395987043217,1.7494353249418213,1.3038543645223568,1.4608652998966096,1.2534255659711968,1.235367270491858
2017-03-22,1.3109032275096955,1.546841463835667,1.749881360613985,1.308984731294957,1.461530185881732,1.2535745542615047,1.245978263705224
2017-03-23,1.3170214772345104,1.5650395987043217,1.7665655715182895,1.3156650283277658,1.4621953744774872,1.2537235602612895,1.246163626552507
2017-03-24,1.3192702942657637,1.5650395987043217,1.7662116546157025,1.3175345583972966,1.4628608658216034,1.2538725839726557,1.2524991129063687
2017-03-27,1.3248359903223446,1.5650395987043217,1.7653175510970747,1.3230465431551943,1.4635266600518706,1.2540216253977088,1.261416340843237
2017-03-28,1.3332828286537615,1.5923368010073042,1.7843595099864331,1.3318214998844116,1.4641927573061417,1.254170684538554,1.2679299324514195
2017-03-29,1.3429253595536716,1.546841463835667,1.765039512982185,1.3409741981272412,1.4648591577223329,1.2543197613972978,1.2853448209914644
2017-03-30,1.342873011913071,1.5650395987043217,1.780392163840083,1.3415757017296934,1.4655258614384226,1.2544688559760455,1.2801997760345991
2017-03-31,1.338444019653245,1.546841463835667,1.7621094374649924,1.3368352585278815,1.4661928685924521,1.2546179682769039,1.274669882499565
2017-04-03,1.3400850532657096,1.5458913155163574,1.7628483739478653,1.3384097770398258,1.466831041361334,1.2547015492358147,1.279130556055191
2017-04-04,1.3501387148284814,1.5506420571129043,1.7712178794196212,1.3468083788522984,1.467469491900277,1.2547851357627764,1.290064806382126
2017-04-05,1.3345790881253923,1.5297387940880978,1.748080342201906,1.3322344242364763,1.4681082203301834,1.2548687278581598,1.2705644386967747
2017-04-06,1.3278463242108343,1.5066185183182363,1.7267618555665982,1.3262466999131655,1.4687472267720068,1.254952325522336,1.2597361099968587
2017-04-07,1.3337051708998553,1.5126361243405289,1.7323170399916796,1.3317678029634525,1.4693865113467548,1.255035928755676,1.2670011567033923
2017-04-10,1.3318241982530066,1.5151698531920206,1.7354663188528574,1.3304851783674678,1.4700260741754867,1.2551195375585509,1.2681135299382524
2017-04-11,1.3311924278248872,1.521187459214313,1.7410376625573802,1.3300607824039048,1.4706659153793151,1.2552031519313316,1.2624247539626898
2017-04-12,1.3210233038723465,1.5082020988504183,1.7259369637064637,1.3206116670047765,1.4713060350794054,1.2552867718743892,1.253242525807113
2017-04-13,1.3062485211710093,1.4679791533329882,1.69337304125021,1.3064860664061464,1.471946433396975,1.2553703973880947,1.2323447772497558
2017-04-17,1.3253469445736683,1.523087755852932,1.7466351483280735,1.325314113144087,1.4725871104532948,1.2554540284728193,1.2619369260249191
2017-04-18,1.3260291911957536,1.5164367176177664,1.7428959585267418,1.3257721980388804,1.473228066369688,1.255537665128934,1.2584830963794564
2017-04-19,1.3172670413764422,1.5145364209791476,1.7379177374532642,1.3179747660895258,1.4738693012675306,1.25562130735681,1.2437350790263557
2017-04-20,1.3240370320247692,1.5139029887662745,1.738071147098103,1.3244952806074595,1.4745108152682518,1.255704955156819,1.2506719648402917
2017-04-24,1.3330657726412902,1.5158032854048933,1.7408062924195498,1.332790272374847,1.4751526084933337,1.2557886085293315,1.262997907655559
2017-04-25,1.34509737728805,1.5294220779816612,1.758082679683005,1.3450024982773439,1.4757946810643106,1.2558722674747187,1.277892253774875
2017-04-26,1.3447279108029295,1.5310056585138438,1.756413011340928,1.3448876300956443,1.4764370331027707,1.2559559319933524,1.2722740922173248
2017-04-27,1.3433935813369764,1.5373399806425727,1.764386083947055,1.3441557762885619,1.4770796647303541,1.2560396020856037,1.2686380381431572
2017-04-28,1.356447640881242,1.5607769725188707,1.7907435614576417,1.356438596069635,1.4777225760687547,1.2561232777518436,1.282892146872492
2017-05-02,1.3799119450136053,1.585797544927351,1.8217186901248046,1.3786417577762151,1.4783425899326774,1.2563084549758063,1.3087546774696213
2017-05-03,1.3733635247124436,1.6063840918457208,1.8425079266641649,1.373404124983526,1.478962863938252,1.2564936594985263,1.296437169154283
2017-05-04,1.352391921543063,1.585164112714478,1.8159133149873654,1.3542972335898231,1.4795833981946265,1.2566788913240279,1.2722874304962828
2017-05-05,1.3657151170092663,1.6038503629942291,1.8372699409902151,1.3669460016879655,1.4802041928109957,1.2568641504563358,1.2889039838104623
2017-05-08,1.3640850651165317,1.600366485823428,1.8340864569810105,1.3657123751302296,1.4808252478965998,1.2570494368994758,1.2853008831313675
2017-05-09,1.376728134601747,1.620953032741798,1.857804331241455,1.3778918276823202,1.4814465635607248,1.257234750657474,1.3000441928566009
2017-05-10,1.3896305042250152,1.6431231601923502,1.8826653957767057,1.3903785114780938,1.482068139912703,1.2574200917343572,1.3210725780872814
2017-05-11,1.3935117257893808,1.6561085205562447,1.8955165065595931,1.3938560263746478,1.4826899770619117,1.2576054601341526,1.3247580622540578
2017-05-12,1.3994455037331768,1.6649765715364657,1.9043999989154536,1.3990749905055988,1.483312075117775,1.2577908558608881,1.3381812746647772
2017-05-15,1.403834435757607,1.6583255333013,1.898539348390928,1.4030139971490316,1.4839344341897627,1.2579762789185922,1.3431289915535294
2017-05-16,1.4080689280690122,1.6766950674746146,1.920420987730509,1.4066760955099575,1.4845570543873898,1.258161729311294,1.3472542466235957
2017-05-17,1.3892275743083136,1.6526246433854437,1.8945497691263742,1.388462435988482,1.4851799358202185,1.258347207043024,1.3248098461606004
2017-05-18,1.304374221071628,1.5012343445088159,1.718129269497125,1.3100212299639389,1.4858030785978555,1.2585327121178114,1.208233288068179
2017-05-19,1.3186990744037792,1.5500086249000307,1.7735092412034437,1.3217609583539771,1.486426482829955,1.2587182445396874,1.2286771428386436
2017-05-22,1.3042873835673163,1.5173868659370753,1.732974590357189,1.307883426186809,1.487050148626216,1.258903804312684,1.2097326675439806
2017-05-23,1.3238121373853766,1.5474748960485387,1.7696973114488266,1.326935420554948,1.487674076096384,1.259089391440833,1.2291318212301807
2017-05-24,1.3357989746748609,1.5810468033308034,1.8046477291219545,1.3394733554056952,1.4882982653502508,1.2592750059281668,1.240800265353286
2017-05-25,1.3333797615009848,1.5680614429669084,1.791770283943564,1.3371710243174886,1.4889227164976537,1.2594606477787191,1.2402006312536618
2017-05-26,1.3464550059330034,1.5813635194372397,1.8098670048772305,1.349785852520447,1.489547429648477,1.2596463169965235,1.2570427584031598
2017-05-29,1.3462178458708798,1.5661611463282898,1.7974132827619074,1.3491236115984688,1.4901724049126497,1.2598320135856147,1.2506782416774482
2017-05-30,1.3471215066908206,1.5636274174767981,1.7949421637099525,1.3495459070656493,1.4907976424001481,1.2600177375500277,1.2546271568536442
2017-05-31,1.329029218327097,1.551275489325776,1.778997944607675,1.3317536346307788,1.4914231422209945,1.2602034888937979,1.230092765768636
2017-06-01,1.326738879925031,1.5424074383455555,1.7672873165353882,1.3295935697518653,1.4919953955551524,1.2600653132635011,1.2217965524079566
2017-06-02,1.3283429899170147,1.5265716330237327,1.7573838057467948,1.3320805727842462,1.4925678684607173,1.2599271527835394,1.2261544427551423
2017-06-05,1.3267170338923011,1.5151698531920201,1.7444344578097273,1.330755281437511,1.4931405610219386,1.2597890074522513,1.2249728281603973
2017-06-06,1.3355458211757265,1.532272522939589,1.7643663384443011,1.3392604922769331,1.4937134733230972,1.2596508772679758,1.2348635543100344
2017-06-07,1.3378873717745274,1.540507141706937,1.775013751177942,1.3420297157579075,1.4942866054485062,1.2595127622290523,1.2391012039954372
2017-06-08,1.3316262686470748,1.5272050652366056,1.7574878777632261,1.335492200533547,1.4948599574825117,1.25937466233382,1.2309577923892907
2017-06-09,1.3248161873074036,1.5230877558529319,1.7557302298611992,1.3287696790993633,1.4954335295094912,1.2592365775806182,1.2202671618044996
2017-06-12,1.3146231632157777,1.498383899550888,1.732534101719354,1.3197261643154934,1.4960073216138559,1.2590985079677874,1.2102571757488858
2017-06-13,1.3174126296304116,1.498383899550888,1.733271444138635,1.322739119548723,1.496581333880048,1.258960453493667,1.2127828180998044
2017-06-14,1.3173606261172897,1.5139029887662743,1.7482090900116036,1.3225838372946188,1.497155566392543,1.2588224141565971,1.214625265956451
2017-06-16,1.3195421842209507,1.5142197048727108,1.7509247233515823,1.3243064343515076,1.497730019235849,1.2586843899549183,1.2088091878773044
2017-06-19,1.326466241657356,1.5199205947885672,1.7581878920501581,1.3318323360086919,1.4983046924945054,1.2585463808869706,1.2164123991856541
2017-06-20,1.3078817992906466,1.501234344508816,1.7342883840007746,1.3144386827247487,1.498879586253085,1.2584083869510951,1.1919350880885395
2017-06-21,1.3036497837927696,1.4739967593552805,1.7053146650923539,1.3100257390482812,1.499454700596193,1.2582704081456322,1.191848585426474
2017-06-22,1.3101507908459078,1.478430784845391,1.7125962040588354,1.316220270575797,1.5000300356084664,1.2581324444689233,1.2018615137495052
2017-06-23,1.3107045117073823,1.4822313781226284,1.7185589023015697,1.31624382898376,1.5006055913745753,1.2579944959193095,1.1982311480590107
2017-06-26,1.3262005461119502,1.4939498740607777,1.7320067019681336,1.3309290234726363,1.501181367979222,1.2578565624951321,1.219826410145404
2017-06-27,1.3175749367108773,1.4939498740607777,1.7287107724842745,1.3217102601735544,1.501757365507142,1.2577186441947328,1.2097713093227263
2017-06-28,1.316744584140447,1.4844483908676838,1.7206603424564881,1.3208359791411948,1.5023335840431016,1.2575807410164532,1.2164896827431455
2017-06-29,1.3219150107851085,1.487932268038485,1.7243044590075594,1.3255856629808742,1.5029100236719017,1.2574428529586354,1.2208242311021549
2017-06-30,1.3377768143892772,1.504401505573181,1.7408791297288795,1.3407677137977305,1.5034866844783745,1.2573049800196214,1.2337902151562423
2017-07-03,1.343903806230146,1.51129163526514,1.760285636202185,1.3470343773867421,1.5040559758054302,1.2574485396010378,1.241236309384514
2017-07-04,1.3484315117452428,1.5163832820334486,1.7862197176459367,1.3517138095864707,1.5046254826931678,1.2575921155741439,1.2402949799621732
2017-07-05,1.3444391037068661,1.5118936058788068,1.7456222145347107,1.3471725232720597,1.505195205223209,1.2577357079408118,1.2387763776725793
2017-07-06,1.3335804126583868,1.499682427611867,1.7382859106845021,1.336338624866137,1.5057651434772061,1.257879316702913,1.2253627766687563
2017-07-07,1.3311311452700758,1.4969280955686641,1.7389952906723776,1.3339544430527381,1.5063352975368423,1.2580229418623197,1.2224611125419202
2017-07-10,1.3422830277280688,1.5094689832409018,1.7357139273371656,1.344803591622325,1.506905667483832,1.258166583420904,1.2362517160774664
2017-07-11,1.3549459638539834,1.5237091314987408,1.734759813259972,1.3572000856294624,1.5074762533999202,1.2583102413805385,1.2520750340959708
2017-07-12,1.374032361486286,1.5451728054278726,1.7397282641400862,1.3758221807052804,1.5080470553668834,1.2584539157430958,1.2717568416053826
2017-07-13,1.382853456428099,1.5550925980035315,1.7432312998914483,1.3846021763730958,1.5086180734665284,1.258597606510449,1.2784807072583138
2017-07-14,1.3877701795054083,1.5606217158058664,1.7443618822449227,1.389171967679215,1.5091893077806933,1.2587413136844707,1.283538072646147
2017-07-17,1.3885604829903477,1.561510454300819,1.7482218160761827,1.3897588323012962,1.509760758391247,1.2588850372670346,1.2791470327527277
2017-07-18,1.388799742021339,1.561779513864846,1.7423688266529866,1.3898410673272497,1.5103324253800898,1.2590287772600144,1.2816057875576956
2017-07-19,1.3853278784495613,1.5578752177757325,1.7420622125560317,1.3863365388925308,1.510904308829153,1.2591725336652835,1.2785116991417749
2017-07-20,1.3828858843930179,1.5551290649827183,1.737649782817554,1.3837920999310875,1.5114764088203982,1.259316306484716,1.2737666064024868
2017-07-21,1.37970067713204,1.5515471292312266,1.7412624947932,1.3808358692829252,1.5120487254358188,1.259460095720186,1.2687877014791125
2017-07-24,1.383877418860391,1.5562440984692458,1.7441351576293533,1.3851433279028795,1.512621258757439,1.2596039013735678,1.2769352322596428
2017-07-25,1.3930683567049695,1.566579799149875,1.7538878210930948,1.3943661971000716,1.5131940088673141,1.2597477234467365,1.288077991270876
2017-07-26,1.3809613373204024,1.5529648089704695,1.7438477451168837,1.3824113324150453,1.5137669758475303,1.2598915619415663,1.2751898792277636
2017-07-27,1.3848853807857038,1.5573776055099497,1.7463340824484777,1.3863058939012116,1.514340159780205,1.2600354168599326,1.2804233883583058
2017-07-28,1.3874107918996863,1.560217565241051,1.7438427945988637,1.388671086728114,1.5149135607474866,1.2601792882037106,1.2847336139733327
2017-07-31,1.395261191007249,1.5690457584865434,1.741046693177166,1.3962307650096388,1.515487178831555,1.2603231759747757,1.2930355157176852
2017-08-01,1.4076960707900152,1.5830294452013973,1.7457381141430863,1.4084614554663872,1.516013799248704,1.2604370607040478,1.3047235749569048
2017-08-02,1.4193186425511861,1.5960996481441205,1.7478290029248564,1.4196710317813868,1.5165406026624946,1.2605509557241181,1.3168802393201031
2017-08-03,1.4129793186077737,1.5889707396578872,1.7441267426920473,1.4133494355744953,1.5170675891365162,1.2606648610359164,1.30984115875121
2017-08-04,1.4169664836606723,1.5934545197952248,1.7511966280708953,1.4172856558928337,1.5175947587343814,1.260778776640373,1.3122116455336619
2017-08-07,1.43507482549602,1.6138183177228838,1.7581426269456952,1.4349735347729402,1.5181221115197243,1.260892702538418,1.33264412353678
2017-08-08,1.4354026540670977,1.6141869784670337,1.7577549846220932,1.4353422559709634,1.518649647556201,1.261006638730981,1.3318453960085925
2017-08-09,1.4296151076180894,1.6076785732548853,1.764827634263348,1.4299760742807508,1.5191773669074897,1.2611205852189926,1.3273756994995536
2017-08-10,1.4173518868804276,1.5938879263080423,1.7510491500499765,1.4176205340875574,1.5197052696372912,1.261234542003383,1.3140574279600477
2017-08-11,1.427233911386003,1.6050007908639181,1.7590042950085742,1.4275110648035665,1.5202333558093282,1.2613485090850831,1.3212463680160567
2017-08-14,1.445068349369731,1.6250565692756707,1.7830003855888854,1.4456026493937744,1.5207616254873453,1.2614624864650228,1.3394115347474858
2017-08-15,1.4469152657579134,1.6271335254354453,1.77706417261608,1.4471549318640593,1.5212900787351096,1.2615764741441329,1.340793615828922
2017-08-16,1.4524613809481792,1.633370428297398,1.7692236678836757,1.452472424870761,1.52181871561641,1.2616904721233437,1.3454849631500563
2017-08-17,1.4393634550627321,1.618641110813339,1.7603463458437132,1.4395029248975464,1.522347536195058,1.2618044804035864,1.333372628949277
2017-08-18,1.4506460423114125,1.6313289830062982,1.7515812320092934,1.4501120878522893,1.522876540534887,1.2619184989857914,1.3478458385256122
2017-08-21,1.4524228106186112,1.633327053900975,1.7636857924826221,1.4520459863438506,1.5234057286997527,1.2620325278708902,1.3462764330852812
2017-08-22,1.4785936997283586,1.662757617022871,1.7831442663149697,1.4780565951188314,1.5239351007535327,1.2621465670598133,1.373278798079831
2017-08-23,1.4861132796316014,1.6712137863973424,1.77157135826107,1.484966389926309,1.5244646567601272,1.2622606165534918,1.3824268959333685
2017-08-24,1.498382547060065,1.6850112331710683,1.7795110326115409,1.4972126498276332,1.5249943967834583,1.262374676352857,1.3952779354070242
2017-08-25,1.4969556527806425,1.683406614314494,1.784093707808614,1.495936059604402,1.5255243208874703,1.26248874645884,1.3941178974400052
2017-08-28,1.4990677746916325,1.6857818082546714,1.7904722474838817,1.4979475417133261,1.5260544291361302,1.2626028268723721,1.392998658914505
2017-08-29,1.5030086981980018,1.6902135873022377,1.7932721791425796,1.5019662719037599,1.5265847215934267,1.262716917594385,1.3991432901885716
2017-08-30,1.4991709917318448,1.6858978813313055,1.7994843742078463,1.4981992539360962,1.5271151983233708,1.26283101862581,1.390442024680125
2017-08-31,1.4957808930160805,1.6820855341914982,1.8027068822745411,1.4950298675634572,1.5276458593899964,1.2629451299675787,1.3894377307350565
2017-09-01,1.5196663359397637,1.708945990965131,1.8118496347742967,1.5182963652103942,1.5281320951498936,1.2630412203429253,1.4107801539747318
2017-09-04,1.5257295935377166,1.7157644480955923,1.815530514067129,1.5241998479916559,1.5286184856742033,1.263137318029247,1.414815375661832
2017-09-05,1.5241474065573692,1.713985194299495,1.7972583603068766,1.5222556225546027,1.529105031012186,1.2632334230270996,1.415247692820998
2017-09-06,1.54602416442485,1.738586777402819,1.8051693599190517,1.543614896603175,1.529591731213117,1.2633295353370402,1.4399929464042387
2017-09-08,1.5430488441547325,1.7352408707868707,1.8014563031306134,1.5406378080256422,1.5300785863262882,1.2634256549596243,1.4334501282730452
2017-09-11,1.5697193571798,1.765233287696591,1.825107567841474,1.5671202955770385,1.5305655964010068,1.2635217818954088,1.457779933696978
2017-09-12,1.5757626604312516,1.7720293050982452,1.8369691340214458,1.5736617872493366,1.5310527614865952,1.26361791614495,1.462082313265559
2017-09-13,1.5776578730631339,1.7741605729645422,1.8431539075467231,1.575565848917142,1.5315400816323923,1.2637140577088042,1.466966673329261
2017-09-14,1.5729611762495013,1.7688788864517773,1.8360352100184143,1.5709370168227623,1.532027556887752,1.263810206587528,1.4643994469321793
2017-09-15,1.5928518119237827,1.7912469690297799,1.846033423936824,1.590461748723087,1.5325151873020446,1.263906362781678,1.4859727400885239
2017-09-18,1.6001073372260313,1.7994061948969213,1.8550954051864956,1.5977160059162718,1.5330029729246557,1.2640025262918106,1.4905605195965728
2017-09-19,1.5991694776535483,1.798351521697563,1.854056267913539,1.5968198379577918,1.5334909138049866,1.2640986971184827,1.4902423624131935
2017-09-20,1.5972207450976326,1.7961600678171057,1.8548627538516436,1.5950270271214775,1.5339790099924544,1.264194875262251,1.4908302274431489
2017-09-21,1.5925924263621098,1.7909552761066352,1.8495674350068623,1.5902008863800623,1.534467261536492,1.264291060723672,1.4829879078693617
2017-09-22,1.5867026145809338,1.7843318680643983,1.8445071343322232,1.5841756377306508,1.5349556684865482,1.2643872535033025,1.4787787001023251
2017-09-25,1.5631583003074876,1.757855028684557,1.8383049856039002,1.5613575086459301,1.535444230892087,1.2644834536016993,1.4602173080253806
2017-09-26,1.5667498689939159,1.7618939395709732,1.8411568916227719,1.564928185666957,1.5359329488025886,1.2645796610194195,1.4577703222900815
2017-09-27,1.553356617700493,1.7468325128863256,1.8481872437526605,1.552323602686591,1.5364218222675488,1.2646758757570196,1.4475310355270876
2017-09-28,1.5486468824664792,1.7415361639731954,1.8442895333098637,1.5477064021544298,1.536910851336479,1.2647720978150565,1.4430299548322654
2017-09-29,1.5656315458151113,1.7606363254040847,1.8551244359680137,1.564096635318997,1.537400036058907,1.2648683271940875,1.4572756290616706
2017-10-02,1.5636395310983884,1.7718648733977334,1.8635575599673142,1.5637837028438735,1.5378701962395978,1.2651208520021608,1.4585765035623928
2017-10-03,1.595788121529131,1.801957382020711,1.897520261294704,1.5974255823512802,1.5383405002023822,1.2653734272255834,1.5057133929462796
2017-10-04,1.5981834671115882,1.812287646174868,1.9093681251877075,1.5997388366958456,1.5388109479912304,1.2656260528744208,1.5023499889861054
2017-10-05,1.604907261859117,1.8167790653723277,1.9149064439583392,1.606120945342466,1.5392815396501272,1.2658787289587397,1.5028615512143746
2017-10-06,1.593205636395928,1.804427662579314,1.8995393322788996,1.594866866414034,1.5397522752230697,1.2661314554886096,1.4918219677139042
2017-10-09,1.590234489733038,1.798364246662744,1.8947524366280435,1.5915563626473055,1.5402231547540692,1.266384232474102,1.4853899749887585
2017-10-10,1.607865488791211,1.821270484569787,1.9171907994691937,1.609919900468103,1.5406941782871504,1.2666370599252896,1.508347506889312
2017-10-11,1.606810648314524,1.8145333557735979,1.9122638004057488,1.6083475993369898,1.541165345866351,1.2668899378522478,1.5036908783237009
2017-10-13,1.6115370399689861,1.809143652736647,1.9090652034560758,1.6118378719407453,1.5416366575357228,1.267142866265054,1.5101634743392038
2017-10-16,1.610747124857768,1.793199114585666,1.8949368041599395,1.611224105505335,1.5421081133393306,1.2673958451737872,1.5082421737157767
2017-10-17,1.600365239744111,1.7752334377958285,1.8785366846964797,1.5998844903056588,1.5425797133212527,1.267648874588529,1.494696366829341
2017-10-18,1.6068299097752676,1.8033048077799498,1.9020259671456003,1.607500108268239,1.5430514575255814,1.2679019545193626,1.5023431236954647
2017-10-19,1.5997480069486907,1.7988133885824904,1.894930167774907,1.600331603441118,1.5435233459964217,1.268155084976373,1.4963030409902895
2017-10-20,1.6077567646292754,1.8077962269774093,1.9041111762987055,1.609412158910007,1.5439953787778924,1.2684082659696476,1.4984087237051942
2017-10-23,1.5975331615077946,1.7830934213913827,1.8842701370509807,1.598371460649109,1.5444675559141263,1.268661497509276,1.4792373015170852
2017-10-24,1.6070528233669559,1.80105909818122,1.898886441716837,1.6089605712487554,1.544939877449269,1.268914779605349,1.4976178422234527
2017-10-25,1.610987426805595,1.802181952980585,1.8990648036341358,1.6111734400390934,1.54541234342748,1.2691681122679606,1.5039131175892797
2017-10-26,1.6025282791216198,1.7763562925951935,1.877391267570424,1.6024037914803295,1.545884953892932,1.2694214955072058,1.4887157179259929
2017-10-27,1.6045808750029988,1.7774791473945584,1.8799389859563695,1.6048006094938414,1.5463577088898115,1.2696749293331822,1.4902723735408494
2017-10-30,1.5824402284546486,1.7426706486142478,1.8454294187938471,1.5830701593239003,1.5468306084623185,1.2699284137559887,1.4672171583620448
2017-10-31,1.5765142681392899,1.7381792294167886,1.8387253315422545,1.5774106885965369,1.5473036526546662,1.2701819487857273,1.4575696596522292
2017-11-01,1.5716041746968004,1.7415477938148827,1.8386738130829918,1.5714331167475322,1.5477420560267956,1.27035111187517,1.448061232115666
2017-11-03,1.5699572810455276,1.72695068142314,1.8253640855153062,1.5707849122882314,1.5481805836134035,1.2705202974937873,1.4498595459610544
2017-11-06,1.5706787196182956,1.7291963910218693,1.8264307025243354,1.57041299949275,1.5486192354496844,1.2706895056445795,1.4576147744192922
2017-11-07,1.5421997697355847,1.68540505384664,1.7820756691716657,1.542039821588165,1.5490580115708426,1.2708587363305475,1.420426083475258
2017-11-08,1.5642860889674042,1.7184169849479667,1.8104222921012683,1.565222461200648,1.5494969120120916,1.2710279895546925,1.4586414295967316
2017-11-09,1.5497246396258832,1.6921421826428293,1.7891405419579633,1.549283271141032,1.549935936808656,1.2711972653200165,1.4305439526695025
2017-11-10,1.536903727203233,1.6595793934612488,1.7614886380165713,1.536053308909948,1.5503750859957697,1.271366563629521,1.41553721193485
2017-11-13,1.5381480464017694,1.6719307962542622,1.7685254277697773,1.536833654135937,1.5508143596086765,1.2715358844862088,1.42160887497697
2017-11-14,1.5238432631418846,1.65059655506633,1.7510878203065647,1.5219214899196876,1.5512537576826309,1.2717052278930825,1.3892717868527265
2017-11-16,1.545857814516586,1.695510747040924,1.789481344055669,1.5445311854961745,1.5516932802528964,1.2718745938531455,1.4223271805290874
2017-11-17,1.5585976335633187,1.7242558299046642,1.8186826808163004,1.5570044363023008,1.5521329273547477,1.2720439823694014,1.4404807743420092
2017-11-21,1.5864721786733846,1.753225483728277,1.8514778204348983,1.5835507771105353,1.552572699023468,1.2722133934448543,1.4631819366749446
2017-11-22,1.581443720748512,1.7563694771664986,1.851153771982135,1.5780074621658886,1.5530125952943516,1.2723828270825086,1.4616947185711338
2017-11-23,1.580776384221211,1.7561449062066259,1.8493572555608242,1.577645330901444,1.5534526162027031,1.2725522832853688,1.461062915681082
2017-11-24,1.578552890354983,1.7608608963639583,1.8524844902525222,1.5743902365981115,1.5538927617838356,1.2727217620564406,1.4546054233049872
2017-11-27,1.574475283460352,1.7494077774104368,1.8426319279635532,1.570875180126408,1.5543330320730737,1.2728912633987297,1.4526743151235029
2017-11-28,1.5817132043284399,1.7577169029257365,1.853255626744066,1.5774166345785543,1.554773427105751,1.273060787315242,1.4542592165055646
2017-11-29,1.5583635719599056,1.7224592622256802,1.8174052821402613,1.5539690673349138,1.555213946917212,1.2732303338089834,1.4260277683352724
2017-11-30,1.5381978278163804,1.6894473311243536,1.7893969146942683,1.5358661485263074,1.5556545915428102,1.2733999028829617,1.4117193257343004
2017-12-01,1.5430621260579964,1.6973073147199076,1.7908362126136592,1.5398340323893114,1.556072320185672,1.2736661820667106,1.417475577709297
2017-12-04,1.561901075472998,1.709434146553048,1.8075670351375623,1.5577889512959,1.5564901609981763,1.273932516931792,1.433672171387463
2017-12-05,1.5543582379957404,1.701125021037748,1.8006437269311413,1.5498000661247047,1.5569081140104428,1.2741989074898499,1.4230015482211087
2017-12-06,1.5660269063527401,1.7157221334294912,1.8113261480623288,1.5615600074631315,1.5573261792525999,1.2744653537525297,1.4371671927767666
2017-12-07,1.5488813756281374,1.7033707306364776,1.8019645974197165,1.5475317268377828,1.557744356754784,1.27473185573148,1.4218499447540194
2017-12-08,1.5595551367319425,1.7179678430282206,1.8148771512662816,1.5573472522638825,1.5581626465471392,1.2749984134383514,1.4266434868301103
2017-12-11,1.56536176090474,1.7044935854358427,1.8057355203276093,1.5610229278265464,1.5585810486598184,1.2752650268847974,1.4279812377491277
2017-12-12,1.5731335501870014,1.7179678430282208,1.810875231698087,1.5692295341872706,1.5589995631229814,1.2755316960824732,1.4478609617801361
2017-12-13,1.5654622246315963,1.7157221334294912,1.8197036649872298,1.5650097326399293,1.5594181899667976,1.275798421043037,1.430223049369868
2017-12-14,1.556385547492024,1.7044935854358427,1.801407218496408,1.5546481340659584,1.5598369292214433,1.2760652017781497,1.4207018720078304
2017-12-15,1.5648894919708756,1.7269506814231397,1.8211706594548596,1.56167784470389,1.5602557809171036,1.2763320382994738,1.4242084663156414
2017-12-18,1.5756152953418672,1.739302084216153,1.8322879239874974,1.570757427254687,1.5606747450839715,1.276598930618675,1.4341680415228408
2017-12-19,1.5614835549846846,1.7247049718244098,1.8193414088721158,1.5589632474278459,1.5610938217522479,1.276865878747421,1.425633896803691
2017-12-20,1.5722150067864424,1.7379546584569152,1.8322508123134167,1.5696610266071638,1.5615130109521422,1.2771328826973818,1.4391028124349572
2017-12-21,1.5990048167988682,1.7640048898021796,1.8594564690419455,1.5971239522698706,1.5619323127138716,1.2773999424802307,1.4737509535398254
2017-12-22,1.602216278857936,1.7819705665920171,1.874538780980544,1.6007195693058156,1.5623517270676615,1.2776670581076421,1.474792516205512
2017-12-26,1.6096909980458807,1.7842162761907472,1.8799677214783104,1.6080753867731725,1.5627712540437453,1.2779342295912943,1.485015914724453
2017-12-27,1.6195516297841612,1.80105909818122,1.8955972762247169,1.6158881509866991,1.5631908936723649,1.278201456942867,1.4921717052342285
2017-12-28,1.625201580733749,1.8179019201716928,1.9108731977253999,1.6221650861933266,1.5636106459837698,1.2784687401740427,1.4986356705986412
2018-01-02,1.648208808227072,1.7915354037722562,1.901919749724926,1.6414133339626986,1.5640247078672929,1.2786450752526177,1.5278417938886686
2018-01-03,1.648227769792795,1.7919318927406687,1.901712919971309,1.642985681736488,1.564438879399112,1.2788214346525226,1.5298841197785233
2018-01-04,1.661418303574722,1.7951038044879692,1.90681597420972,1.6551322711691092,1.5648531606082638,1.2789978183771118,1.5426782754154467
2018-01-05,1.6634287286098766,1.8028353393720147,1.915082734090524,1.6581405283190525,1.5652675515237917,1.2791742264297403,1.550996065403852
2018-01-08,1.6734587185007197,1.815324741877011,1.9230045794719677,1.6675214654700254,1.5656820521747477,1.2793506588137642,1.5570192791091688
2018-01-09,1.6698433085364808,1.8286071223188327,1.9300586768434536,1.6640145508882251,1.5660966625901902,1.2795271155325385,1.5469174943101385
2018-01-10,1.6581275867959424,1.8127475635823296,1.9149088623749215,1.652270955118295,1.5665113827991866,1.2797035965894203,1.5339132607796275
2018-01-11,1.6728097140200475,1.8139370304875675,1.9222899075159277,1.6662897318260363,1.5669262128308112,1.2798801019877661,1.5567623210880672
2018-01-12,1.6740238525938613,1.8208755874347877,1.9246333241091507,1.6676143840226416,1.5673411527141465,1.2800566317309334,1.5564422023930764
2018-01-15,1.685077220294154,1.8208755874347877,1.9386831880902369,1.678971427630075,1.5677562024782825,1.2802331858222804,1.5643519979662979
2018-01-16,1.687626592378526,1.8307878116451022,1.9388814071295957,1.6814352671512063,1.5681713621523168,1.2804097642651646,1.5659092420346379
2018-01-17,1.7064634656585307,1.8470438593500185,1.9551314917384577,1.7004091560965577,1.5685866317653547,1.2805863670629454,1.5925348006486262
2018-01-18,1.7009913264309653,1.8387175910133542,1.9464035701158395,1.6958698322938592,1.5690020113465097,1.2807629942189813,1.5880917806975028
2018-01-19,1.7067144372894885,1.83197727855034,1.9441165440157169,1.70080967087952,1.569417500924902,1.2809396457366327,1.5931299232715435
2018-01-22,1.717432445279718,1.8486298152236689,1.9575318826865884,1.7112928362484703,1.5698331005296606,1.2811163216192594,1.6020728470105219
2018-01-23,1.7061434565224092,1.8763840430125498,1.9705391269231582,1.7026308541175383,1.5702488101899215,1.2812930218702216,1.5825152031861158
2018-01-24,1.7423229926107866,1.8208755874347882,1.9480588409344677,1.734214498130835,1.5706646299348286,1.281469746492881,1.641392916471571
2018-01-26,1.7779405784514903,1.841889502760655,1.9759182767262382,1.7693721964328262,1.5710805597935336,1.2816464954905988,1.677697357981158
2018-01-29,1.7671540917800963,1.8436737031185118,1.9716633056263113,1.7589682905921977,1.5714965997951962,1.281823268866737,1.6613613008274173
2018-01-30,1.7596242185770525,1.833563234423991,1.9626637364499275,1.7510059517568437,1.5719127499689831,1.2820000666246578,1.657133262548911
2018-01-31,1.7711735435770821,1.8331667454555785,1.969033486123532,1.7630836104141336,1.5723290103440695,1.2821768887677245,1.665572470106066
2018-02-01,1.7758327336614208,1.82880536680304,1.9670375650233862,1.766592212639264,1.572734863338296,1.282371991938213,1.676999059847478
2018-02-02,1.753017534091761,1.824245743666295,1.9549644288927788,1.7449604852393472,1.5731408210921827,1.2825671247966859,1.6484806425284289
2018-02-05,1.723564658758599,1.7766670674567853,1.916123487044081,1.7136526649671209,1.5735468836327704,1.28276228734766,1.6057147856195242
2018-02-06,1.74030464256254,1.7786495122988482,1.9185801141263483,1.7301725873572562,1.5739530509871071,1.2829574795956542,1.6455913359247447
2018-02-07,1.7338054751899505,1.806403740087729,1.9363096830743838,1.7252294726215496,1.5743593231822473,1.283152701545187,1.62347901937757
2018-02-08,1.7061074548708126,1.766358354278058,1.902392189754981,1.6968654880046306,1.5747657002452529,1.2833479532007779,1.5992700430689037
2018-02-09,1.6880220973480053,1.7326567919629887,1.8731755868932318,1.6779543627725553,1.5751721822031923,1.2835432345669473,1.5868373940219729
2018-02-14,1.7349454244044726,1.780631957140911,1.9231255796949782,1.7243677510499054,1.5755787690831413,1.2837385456482162,1.6387025071452896
2018-02-15,1.7493768140121257,1.7970862493300335,1.9381452924249518,1.7392527621366012,1.575985460912183,1.283933886449106,1.653369317917676
2018-02-16,1.7495243323666179,1.8054125176666975,1.938838133403764,1.7404719260304178,1.5763922577174065,1.284129256974139,1.6579594512396587
2018-02-19,1.7604137692861461,1.8238492546978826,1.9522108775093687,1.7505088246314886,1.5767991595259092,1.2843246572278384,1.6632188523234726
2018-02-20,1.7771636155350097,1.8516034824867635,1.96868403575975,1.7674384502961016,1.5772061663647943,1.2845200872147275,1.683054638494384
2018-02-21,1.7847568641654314,1.811954585645505,1.9592584508773778,1.7734820120611219,1.5776132782611725,1.2847155469393312,1.6879164411745544
2018-02-22,1.789229882005881,1.829796589224071,1.9641449147321568,1.778618398880415,1.5780204952421615,1.2849110364061742,1.7003647823143773
2018-02-23,1.7990371149127713,1.8159194753296306,1.9664201931161174,1.7870404481882842,1.578427817334886,1.2851065556197823,1.7122670386215688
2018-02-26,1.8064631828880136,1.8303913226766901,1.9797461967794643,1.7946476914160028,1.5788352445664775,1.285302104584682,1.719316711353164
2018-02-27,1.7990944732767862,1.820875587434788,1.9713681219803785,1.7856657417453488,1.579242776964075,1.2854976833054006,1.7052487500757572
2018-02-28,1.7726739852711357,1.7980774717510646,1.944997316086692,1.7614155414998192,1.5796504145548238,1.2856932917864654,1.6742207748010034
2018-03-01,1.7635896201783556,1.775279356067341,1.9263991650339183,1.7517305671611403,1.5800499266305073,1.2857483464484982,1.674695264459816
2018-03-02,1.7620438775777774,1.7885617365091624,1.934024151624607,1.7521154982697666,1.5804495397474698,1.2858034034680261,1.6822186422455794
2018-03-05,1.7723822023566032,1.8000599165931273,1.9452785113279383,1.7630780111813475,1.5808492539312664,1.2858584628451502,1.6873477989583918
2018-03-06,1.7647241094542117,1.7873722696039247,1.931446267573375,1.7559587777034107,1.5812490692074574,1.2859135245799715,1.6800939328680433
2018-03-07,1.757591342585498,1.8054125176666973,1.9381519338125075,1.7503980178869456,1.581648985601611,1.2859685886725911,1.6767697591400983
2018-03-08,1.7581826357770045,1.825435210571533,1.9514653553085621,1.7521469657160946,1.5820490031393004,1.2860236551231095,1.6669829931058686
2018-03-09,1.7806294206913835,1.8512069935183508,1.9765492130691849,1.775210301545979,1.5824491218461065,1.286078723931628,1.6941852361336265
2018-03-12,1.7884453590705824,1.8512069935183508,1.9791477861655213,1.7834413942811933,1.5828493417476157,1.2861337950982477,1.7045620248605837
2018-03-13,1.7820682899389453,1.841691258276449,1.9708882470531848,1.7763033952823746,1.5832496628694215,1.2861888686230691,1.6944292481780925
2018-03-14,1.7740413425894646,1.8297965892240713,1.9598482887999262,1.767803536506835,1.583650085237124,1.2862439445061937,1.6878995721746959
2018-03-15,1.7671331641394468,1.8462508814131933,1.9688294871730838,1.7606759257070728,1.584050608876329,1.286299022747722,1.6658765044058428
2018-03-16,1.7636349472337238,1.833761478908197,1.9646642357520785,1.7571551678934096,1.5844512338126497,1.2863541033477552,1.665058357912702
2018-03-19,1.747411364286613,1.8204790984663757,1.9487613505176202,1.74105850346368,1.584851960071705,1.2864091863063947,1.6459644154332456
2018-03-20,1.758797743202538,1.8377263685923233,1.964466041460214,1.7507313097894004,1.5852527876791207,1.2864642716237409,1.6508827096478258
2018-03-21,1.7577206699166905,1.8099721408034424,1.941211675131155,1.7498948991857588,1.5856537166605291,1.286519359299895,1.6668256798746295
2018-03-22,1.754762591736909,1.7861828026986872,1.9261574793348233,1.7453695285477708,1.5860547470415687,1.286574449334958,1.662731808990347
2018-03-23,1.745296147792962,1.751886506930999,1.8995153571884453,1.7343142617388205,1.5864558788478846,1.286629541729031,1.6550683792755254
2018-03-26,1.759825635766037,1.7958967824247958,1.9349910113393651,1.7502536569284792,1.5868571121051287,1.286684636482215,1.6690082538447035
2018-03-27,1.7395536123088369,1.779838979204086,1.9145687691860602,1.7302489861285237,1.587258446838959,1.2867397335946111,1.6439048282412103
2018-03-28,1.7374781858454174,1.7742881336463099,1.9083823359923053,1.7289790397774858,1.58765988307504,1.28679483306632,1.6452009951140647
2018-03-29,1.76429802858395,1.7822179130145615,1.92510915632277,1.7550052304680355,1.5880614208390431,1.286849934897443,1.6744553715897343
2018-04-02,1.7452985155645442,1.7703994918407249,1.9093246479026644,1.7348967161620525,1.588452405513614,1.286984580903007,1.6607420516116798
2018-04-03,1.7497579107872123,1.7875362025427879,1.9186074453013588,1.7398934046873105,1.5888434864495848,1.2871192409968855,1.6598989939210733
2018-04-04,1.749087999660701,1.7851725183080207,1.9143817837111323,1.738010689204047,1.5892346636706556,1.2872539151805529,1.6547251147435194
2018-04-05,1.765738194839479,1.8259460713577567,1.9502767676855972,1.755446053775257,1.589625937200532,1.2873886034554831,1.6713973749874649
2018-04-06,1.754850667709278,1.8229914660642976,1.9391895670395125,1.7438426747555902,1.590017307062925,1.287523305823151,1.6637623871910092
2018-04-09,1.7372489573503578,1.8064456764209262,1.917788958468514,1.7276588109840976,1.5904087732815526,1.2876580222850307,1.634080989637524
2018-04-10,1.7517821629250072,1.8336280451207507,1.9338604704940172,1.7419845858423622,1.5908003358801377,1.2877927528425972,1.6576805242885093
2018-04-11,1.757807255025487,1.8259460713577567,1.937031158126199,1.7469041262152913,1.591191994882409,1.2879274974973252,1.6721021461094632
2018-04-12,1.7636910573344275,1.8377644925315935,1.9446829062026094,1.7549992640889185,1.5915837503121015,1.2880622562506896,1.6759847621931914
2018-04-13,1.7495029555037287,1.8419009399424364,1.9321215722362384,1.7398373622183936,1.5919756021929559,1.2881970291041658,1.654229244608142
2018-04-16,1.7287125206780227,1.8306734398272917,1.9068392383298185,1.7191129564486696,1.5923675505487187,1.288331816059229,1.625339513141043
2018-04-17,1.750362164854189,1.8702651507596444,1.939585405816772,1.740416665029111,1.5927595954031422,1.2884666171173549,1.6493592035792035
2018-04-18,1.7780564980293476,1.9163569933376072,1.9926389417438122,1.768178362092583,1.5931517367799846,1.2886014322800188,1.6825152228012326
2018-04-19,1.772746373135545,1.9086750195746132,1.9785332691891255,1.7638025099280796,1.5935439747030102,1.2887362615486968,1.6834528253515113
2018-04-20,1.771206761106816,1.8986293615768524,1.9697273100545787,1.7616141686448692,1.5939363091959886,1.2888711049248647,1.6780749489663656
2018-04-23,1.7737455748627664,1.8998112036942358,1.9644159905027694,1.7648423799670478,1.5943287402826958,1.2890059624099985,1.6791029772019328
2018-04-24,1.7694511091996834,1.8998112036942358,1.9650781884178776,1.7600786330486857,1.5947212679869134,1.2891408340055748,1.67648592840992
2018-04-25,1.7665159905116965,1.8903564667551667,1.9607865025954418,1.7567682575231,1.5951138923324288,1.2892757197130695,1.6681555847472012
2018-04-26,1.7895171677930117,1.9264026513353685,1.994091457925702,1.779977872697519,1.5955066133430353,1.2894106195339594,1.6944164983526182
2018-04-27,1.7882788318318423,1.9275844934527517,1.9965641611454847,1.7801297968978294,1.595899431042532,1.2895455334697215,1.695622043389023
2018-04-30,1.7845386794432372,1.9222662039245255,1.9844457032282505,1.775698346209795,1.5962923454547242,1.289680461521832,1.689165531768734
2018-05-02,1.7640144918912324,1.9417665988613557,1.973108500377664,1.7544039772609124,1.5966853566034225,1.2899256807978952,1.6584009875033996
2018-05-03,1.735210553221426,1.9139933091028398,1.9410686938927222,1.726478615067828,1.597078464512444,1.2901709466998437,1.633706537070896
2018-05-04,1.7386191003549234,1.9287663355701357,1.9494652153279672,1.7284283010666677,1.5974716692056112,1.2904162592365427,1.6303698096686376
2018-05-07,1.7351061071290177,1.9157660722789154,1.9381014563391479,1.7247068723971428,1.5978649707067525,1.2906616184168596,1.6224531488047762
2018-05-08,1.7348014331950994,1.9039476511050788,1.9283582617971466,1.7245596726838024,1.598258369039702,1.2909070242496632,1.6271925531603915
2018-05-09,1.7501773961658043,1.9535850200351927,1.9636677315759024,1.7405666947801486,1.5986518642283007,1.291152476743824,1.652877370805522
2018-05-10,1.7730658866223128,1.982540151911092,1.9966724835270764,1.7633853502011196,1.599045456296394,1.2913979759082141,1.6841774077407852
2018-05-11,1.769628721289977,1.9984950204957714,1.997469577290913,1.7604350529173498,1.5994391452678345,1.2916435217517077,1.6716049029159574
2018-05-14,1.7629582428389343,2.019768178608677,1.9917553873860019,1.7507211407711234,1.5998329311664794,1.2918891142831799,1.6718391074023655
2018-05-15,1.757834937557774,2.042223178838967,1.998425965567232,1.7455210599947273,1.6002268140161926,1.2921347535115082,1.6698430731865417
2018-05-16,1.775875048109444,2.0818148897713193,2.0324434173690453,1.7655802741903082,1.6006207938408439,1.2923804394455713,1.6974327147575634
2018-05-17,1.7413641961353727,2.062314494834489,1.994108114194396,1.7294986600496836,1.6010148706643088,1.29262617209425,1.6402542589811178
2018-05-18,1.7257905734471244,2.0522688368367277,1.977808079026622,1.7143096504372495,1.6014090445104683,1.2928719514664264,1.629660723221094
2018-05-21,1.7160254918705908,2.03040475766513,1.9572503888270987,1.705538082203935,1.60180331540321,1.2931177775709846,1.6048170017549586
2018-05-22,1.7264516186345729,1.9772218623828655,1.9501546145863733,1.717565185900829,1.6021976833664269,1.2933636504168105,1.6229327383937788
2018-05-23,1.7009429283330113,1.960676072739494,1.9204627676121622,1.6926320087180178,1.602592148424018,1.293609570012791,1.5862212832248133
2018-05-24,1.6974299088382858,1.9866765993219344,1.9333694443928517,1.689339511863403,1.6029867105998878,1.2938555363678153,1.5716084140217421
2018-05-25,1.679032210090217,1.939402914626588,1.8964965311094435,1.6708204657106667,1.6033813699179476,1.294101549490774,1.5475867620719703
2018-05-28,1.6289435592668804,1.9069022563985374,1.850163551058792,1.6197450668795632,1.6037761264021135,1.29434760939056,1.4781135515148798
2018-05-29,1.6336274606643053,1.8690833086422598,1.8265155559295543,1.6239012411994262,1.6041709800763089,1.2945937160760674,1.492160524618044
2018-05-30,1.6468729257290886,1.88208357193348,1.8417995416740924,1.6369817799272866,1.6045659309644613,1.2948398695561916,1.505530972366415
2018-06-01,1.6646102002012684,1.923448046041908,1.8816207491555361,1.6546716731714768,1.6049609790905057,1.2956121585607623,1.5150666649143774
2018-06-04,1.689239332130338,1.9636306780329524,1.9174408846989708,1.6811188307182152,1.6053561244783818,1.2963849081862335,1.5416708430518002
2018-06-05,1.6621818585230927,1.987858441439318,1.9023297204443224,1.6528937571067224,1.6057513671520363,1.297158118707336,1.50333623702435
2018-06-06,1.6534736967791657,2.0345412050759726,1.9109569073560404,1.6428687032469498,1.6061467071354203,1.2979317903989642,1.4930481086222307
2018-06-07,1.620163997112184,1.9500394936830407,1.835764831490651,1.609339723879306,1.6065421444524923,1.2987059235361775,1.4486049631343647
2018-06-08,1.5938700435214577,1.8809017298160964,1.8117343666252574,1.5847604895921747,1.6069376791272163,1.2994805183941978,1.4307671726908884
2018-06-11,1.582772327140811,1.848401071588046,1.7700190557157622,1.5737908433389816,1.6073333111835617,1.3002555752484122,1.4183253045393835
2018-06-12,1.5870017953586084,1.8832654140508638,1.7895135539239089,1.5773237556798976,1.6077290406455043,1.3010310943743721,1.4270807077683063
2018-06-13,1.5797698685526298,1.8933110720486248,1.7913752034481534,1.5705823724189327,1.608124867537025,1.3018070760477929,1.4146841505350263
2018-06-14,1.574343097836142,1.8879927825203984,1.7692552037089122,1.5655775109076941,1.6085207918821118,1.3025835205445542,1.400934934894482
2018-06-15,1.5567291219443233,1.879128966640021,1.7566641771398464,1.5475140307880186,1.608916813704758,1.303360428140701,1.3879210899570746
2018-06-18,1.5483375659055074,1.872037913935719,1.7450806942461696,1.5389332436967835,1.6093129330289624,1.3041377991124419,1.3694242316121474
2018-06-19,1.5701528127707587,1.8377644925315932,1.7581376057341642,1.5611019686517844,1.6097091498787304,1.304915633736151,1.400408269026804
2018-06-20,1.5773179773940043,1.8306734398272912,1.7541366548624822,1.5697014262004176,1.610105464278073,1.3056939322883667,1.414709061732492
2018-06-21,1.5552014490518704,1.8472192294706624,1.756216507165409,1.546672397524012,1.6105018762510073,1.306472695045793,1.3745273002205274
2018-06-22,1.5600521692283136,1.8312643608859827,1.7425963389969186,1.5511388588389163,1.610898385821556,1.3072519222852985,1.3856245521623747
2018-06-25,1.5592892814595283,1.8206277818295298,1.7421196101603535,1.5507379185737629,1.611294993013748,1.308031614283917,1.3917507452272935
2018-06-26,1.567898241909068,1.8218096239469135,1.7456307366850359,1.5591773887771359,1.6116916978516176,1.3088117713188474,1.400609323966979
2018-06-27,1.558519039908248,1.8265369924164483,1.7448948060074463,1.5497324592067403,1.6120885003592058,1.309592393667454,1.385003929888508
2018-06-28,1.5752291100650873,1.8537193611162728,1.7708637757181935,1.5662742297035752,1.6124854005605591,1.3103734816072667,1.4077088190935052
2018-06-29,1.5912516310796299,1.8631740980553422,1.7855858876942527,1.58312858554564,1.6128823984797298,1.3111550354159809,1.4272452785925076
2018-07-02,1.5914955362041951,1.8871487647582599,1.8069170829469494,1.58307782818976,1.6132794941407764,1.3113607914775216,1.4287599578588788
2018-07-03,1.6070922696886507,1.8871487647582603,1.812269654580223,1.5992164848256742,1.6136766875677633,1.311566579827812,1.4450016663041076
2018-07-04,1.6200137191402377,1.8871487647582608,1.8064982234907363,1.6116095685209775,1.6140739787847602,1.311772400471919,1.4660949775691274
2018-07-05,1.6204980005140197,1.904273526688916,1.8252260292627989,1.612539555128834,1.614471367815844,1.3119782534149107,1.4623669286003826
2018-07-06,1.6273747148582334,1.896567383820121,1.816957183895631,1.618980290692149,1.6148688546850962,1.3121841386618553,1.4713375096530827
2018-07-10,1.6269486215954023,1.8797851171280784,1.8013907602494383,1.618989093936562,1.6152664394166047,1.3123900562178226,1.4684342763169576
2018-07-11,1.6276851152574974,1.9078697266943534,1.826628477588918,1.6195967528508486,1.615664122034464,1.3125960060878825,1.4593361970095124
2018-07-12,1.6464564465765812,1.9232820124319439,1.8434573734995208,1.6382119010286968,1.6160619025627736,1.312801988277106,1.4879287594674746
2018-07-13,1.6590116132115282,1.9083834695522741,1.830031975020576,1.6499867093003857,1.6164597810256396,1.313008002790565,1.502407265125161
2018-07-16,1.6618890076180823,1.9162608600403759,1.836910616594536,1.6533128759894724,1.6168577574471732,1.313214049633332,1.503549453336515
2018-07-17,1.6872561381853588,1.9162608600403763,1.8370053641705113,1.6778971341572442,1.6172558318514925,1.31342012881048,1.5325349065702532
2018-07-18,1.6771170106951956,1.9174595933755219,1.8385623182441682,1.6679246628420883,1.617654004262721,1.3136262403270837,1.5174771665337021
2018-07-19,1.6667943051650294,1.9094109552681136,1.8295627486871695,1.6577059562836762,1.6180522747049884,1.3138323841882178,1.519913363955138
2018-07-20,1.6876000792852324,1.8802988599859998,1.8017499058046107,1.6777947525313708,1.6184506432024297,1.314038560398958,1.54118497662564
2018-07-23,1.6820615355425512,1.8837238123721307,1.8045574183955309,1.6725355438093987,1.6188491097791866,1.3142447689643808,1.5299029502899928
2018-07-24,1.695557292596885,1.8665990504414758,1.7936393105688455,1.6860972391801787,1.6192476744594066,1.3144510098895636,1.5526343199017452
2018-07-25,1.7087301413273135,1.8580366694761483,1.786775570760191,1.699185389100531,1.619646337267243,1.3146572831795846,1.5734863652385553
2018-07-26,1.6957844374211934,1.8837238123721312,1.8063757027423573,1.6861337355981536,1.6200450982268548,1.3148635888395228,1.5575449642210406
2018-07-27,1.6987532494381075,1.8554679551865498,1.78215111787384,1.688537765093687,1.6204439573624074,1.3150699268744577,1.566583021273175
2018-07-30,1.7008427146290697,1.8477618123177553,1.7777500087766163,1.691286884889343,1.620842914698072,1.3152762972894698,1.5746152151709518
2018-07-31,1.6884263596605296,1.8760176695033364,1.8019090554532535,1.678586085268217,1.6212419702580256,1.3154827000896405,1.5539181292514472
2018-08-01,1.6891349073321886,1.8674552885380087,1.7959110590334793,1.6797654318140613,1.6216411240664514,1.3154263600098897,1.5555110728311157
2018-08-02,1.6963132352610848,1.8821825837983726,1.8084405125696443,1.686690569772958,1.6220403761475386,1.3153700223430966,1.5620829213341587
2018-08-03,1.7206810317298318,1.853755478993485,1.7846822797344875,1.7108587801964077,1.6224397265254815,1.3153136870891584,1.597356588491922
2018-08-06,1.7224869736708548,1.8777301456964026,1.804538502150285,1.711911974018966,1.6228391752244815,1.3152573542479715,1.5898200685783621
2018-08-07,1.7063936826036794,1.9017048123993197,1.826150551829014,1.696324361968841,1.6232387222687454,1.3152010238194327,1.576006515356962
2018-08-08,1.698449380620742,1.8996498409676412,1.8255648049933928,1.688189703578121,1.6236383676824864,1.3151446958034387,1.5525697861697283
2018-08-09,1.6921740358027506,1.8996498409676412,1.8302992093223287,1.6821204924317719,1.6240381114899227,1.315088370199886,1.5450432699653867
2018-08-10,1.6549482201121126,1.9349268505447905,1.854917777485992,1.6454116675942507,1.6244379537152795,1.3150320470086714,1.5008380558359908
2018-08-13,1.667979306378676,1.9398930315046812,1.8624180446351961,1.6584422453361665,1.6248378943827875,1.3149757262296915,1.5201020613721612
2018-08-14,1.693639604104818,1.945544202941798,1.8668678778895065,1.6845028654128176,1.6252379335166833,1.314919407862843,1.541789710655454
2018-08-15,1.6770506624411874,1.9410917648398271,1.8628523546311344,1.6673069095041146,1.6256380711412097,1.3148630919080229,1.511884112324779
2018-08-16,1.6749015267640377,1.959929002963548,1.8794670963177915,1.6658942776183658,1.626038307280615,1.3148067783651272,1.5068081125766373
2018-08-17,1.666308189601148,1.9736288125080723,1.8929813073638142,1.6575227199068552,1.626438641959154,1.3147504672340533,1.4913080516717014
2018-08-20,1.6756523883807577,2.000172193500588,1.9186061479482643,1.6663953129775078,1.6268390752010875,1.3146941585146974,1.4971804251340974
2018-08-21,1.6630693530103604,2.0446965745202923,1.9600665137309117,1.6539487788475031,1.6272396070306818,1.3146378522069566,1.4746722755437296
2018-08-22,1.6788190350755745,2.054971431678686,1.9706437993219916,1.6697413209746792,1.6276402374722094,1.3145815483107275,1.5084477401326584
2018-08-23,1.6708979347937083,2.0823710507677338,1.9971979895958536,1.6620399810330098,1.628040966549949,1.3145252468259068,1.483565180736616
2018-08-24,1.6788549617984512,2.085796003153865,2.001445391095202,1.6697345317436658,1.6284417942881848,1.3144689477523912,1.4958926927611724
2018-08-27,1.705402453710287,2.0909334317330623,2.0064414667312254,1.6969108780627868,1.6288427207112075,1.3144126510900775,1.5285999181264986
2018-08-28,1.7039842836744186,2.1169630698676585,2.0297141646746772,1.694714053507973,1.6292437458433136,1.3143563568388623,1.5196454214690125
2018-08-29,1.7166997283263727,2.12432671749784,2.0371075816992823,1.7075834188467796,1.6296448697088053,1.3143000649986423,1.5376061986905272
2018-08-30,1.6869724717438013,2.130320384173569,2.042243830940068,1.678070379837598,1.630046092331991,1.3142437755693144,1.4986752931331924
2018-08-31,1.6864581383175512,2.0909334317330615,2.00630849251054,1.6771192331054534,1.6304474137371854,1.3141874885507754,1.5040386543324136
2018-09-03,1.6831020937252585,2.114908098435979,2.0433368558655074,1.674449526812043,1.6308488339487086,1.3144871714719502,1.494529442191206
2018-09-04,1.6562960067529735,2.129806641315649,2.041187688415216,1.6480525386913856,1.6312503529908868,1.3147869227318165,1.4654806321324176
2018-09-05,1.662385380049002,2.1227854889240803,2.0335290190163877,1.6539991585541038,1.6316519708880528,1.315086742345958,1.472943595360548
2018-09-06,1.6749384699461851,2.082713546006347,2.000574931690984,1.6660521836712643,1.6320536876645446,1.3153866303299617,1.498909105317279
2018-09-10,1.6776456270640805,2.0885359650627695,2.0037063457606235,1.6686962147746158,1.6324555033447068,1.315686586699419,1.49930807677905
2018-09-11,1.655780453836054,2.1251829555943718,2.0364156032148655,1.6474274785421095,1.6328574179528894,1.3159866114699235,1.46439611236244
2018-09-12,1.6577312773447812,2.1234704794013064,2.034051253192521,1.649233423802611,1.633259431513449,1.3162867046570739,1.473581871238918
2018-09-13,1.6500120183865215,2.1594324794556825,2.0654018268340977,1.6414638672509552,1.6336615440507478,1.3165868662764713,1.4649879004156183
2018-09-14,1.6598400839540124,2.147445146104224,2.0585250084997866,1.651307494603376,1.6340637555891542,1.3168870963437207,1.4795505549214365
2018-09-17,1.6780211257337618,2.1140518603394463,2.0271489591589202,1.6690977964627896,1.6344660661530426,1.317187394874431,1.5062224052094546
2018-09-18,1.6977768411483096,2.1346015746562332,2.0467707735160974,1.6888198971868398,1.634868475766793,1.3174877618842142,1.5361376149470258
2018-09-19,1.6958018013824308,2.130320384173569,2.0443532915195304,1.6867796474427639,1.6352709844547924,1.3177881973886865,1.5332873424244102
2018-09-20,1.6916552669994738,2.117476812725578,2.031274584245509,1.6822905003592397,1.6356735922414323,1.3180887014034666,1.5322548027121365
2018-09-21,1.7043987351815644,2.094358384119193,2.0125315843245044,1.694904841430426,1.6360762991511113,1.3183892739441776,1.5583089729937054
2018-09-24,1.691052282142193,2.1149080984359787,2.0291251262877688,1.6817100830312408,1.636479105208234,1.3186899150264457,1.529668941954746
2018-09-25,1.6952805679295277,2.106345717470651,2.021252170975349,1.6857698592742068,1.6368820104372104,1.3189906246659011,1.542339522360147
2018-09-26,1.694794909097425,2.0789460983816026,1.9948918452666253,1.6846161461193598,1.6372850148624574,1.3192914028781775,1.5428497115302886
2018-09-27,1.7122856808917728,2.0661025269336113,1.9818568088031507,1.7019019527946488,1.6376881185083965,1.3195922496789116,1.5692110545302125
2018-09-28,1.7046243178392948,2.0876797269662366,2.0017332203820954,1.6943779578650138,1.6380913213994568,1.3198931650837444,1.5563109772662702
2018-10-01,1.6803423754921052,2.087241682470659,1.9966619221058628,1.6707366193998636,1.6384946235600724,1.3201753490226424,1.5422122202565638
2018-10-02,1.7259812628090294,2.0413368932432125,1.984706728429334,1.7146440494833177,1.6388980250146838,1.3204575932904954,1.6008343485790453
2018-10-03,1.751780114707064,2.0218254365019157,1.984247868554734,1.7394556193212178,1.6393015257877375,1.3207398979002012,1.6334174102593662
2018-10-04,1.743875176227168,2.008566301225851,1.968461032206192,1.7321031670360867,1.6397051259036857,1.3210222628646606,1.6271290001841796
2018-10-05,1.7397883438960096,1.9774163644049012,1.9487580520103105,1.7267494434738644,1.640108825386987,1.321304688196777,1.61474617353218
2018-10-08,1.7891818605313867,1.9309896525114183,1.9339320896235304,1.7748584214003067,1.640512624262106,1.3215871739094567,1.6885460864018338
2018-10-09,1.7885551630909038,1.9059384223548037,1.915149687210643,1.7737517858410459,1.6409165225535134,1.3218697200156082,1.68861728927333
2018-10-10,1.7457164931265536,1.8652415659625972,1.8710810287980146,1.7313758494312148,1.641320520285685,1.3221523265281436,1.6413756551693908
2018-10-11,1.7356761276980386,1.8341024260209067,1.8419812567032463,1.720913140244135,1.6417246174831042,1.3224349934599775,1.6265066125498626
2018-10-15,1.7381009284949,1.828961024382798,1.8388337764352038,1.7228597159689203,1.6421288141702592,1.3227177208240268,1.6351115678381862
2018-10-16,1.7694189695382394,1.857570741759549,1.8750389261888052,1.7537673993547198,1.6425331103716445,1.3230005086332117,1.681360088613242
2018-10-17,1.7782418455089997,1.839370914625704,1.8620360940474392,1.762153094863079,1.6429375061117608,1.3232833569004547,1.6822700338497996
2018-10-18,1.7579609161252259,1.8341071743537174,1.851413519087136,1.7424360785615147,1.6433420014151152,1.3235662656386815,1.6446709946766471
2018-10-19,1.7607304473844196,1.825464838528466,1.8432659075571505,1.74548736425385,1.6437465963062199,1.3238492348608206,1.651980175394439
2018-10-22,1.778468496385187,1.8061094623632392,1.83272419849588,1.7627570850585117,1.6441512908095937,1.3241322645798024,1.678989209528468
2018-10-23,1.777590212872254,1.8006655124971545,1.8290673227514773,1.7616510188340664,1.6445560849497618,1.3244153548085613,1.673170189181904
2018-10-24,1.7450821026012207,1.7680620713600046,1.794961075850233,1.729415324809092,1.6449609787512545,1.3246985055600338,1.6293013742938742
2018-10-25,1.7613938183612292,1.7807726510175066,1.8108294175091098,1.7454696900791453,1.6453659722386091,1.3249817168471587,1.649307811974983
2018-10-26,1.770872875030888,1.7277435919977293,1.771190795692695,1.7539485506459764,1.6457710654363682,1.325264988682879,1.681405399531467
2018-10-29,1.7586480146107968,1.745566731403154,1.7868473810129892,1.7418917462270826,1.646176258369081,1.3255483210801386,1.6436821966733095
2018-10-30,1.7930649563780439,1.7625723457726894,1.8122721477404486,1.7762566604718981,1.6465815510613024,1.3258317140518856,1.7042732903513769
2018-10-31,1.8100469349257466,1.7951390489140977,1.8369347708835755,1.793089022316827,1.6469869435375935,1.3261151676110705,1.714823084402465
2018-11-01,1.828784128935459,1.7976672469102215,1.846052205829989,1.8115520425144154,1.647392435822521,1.325982395393659,1.7343499324945713
2018-11-05,1.8494635190880706,1.819409553500418,1.8691380282620458,1.8324121931594897,1.6477980279406585,1.3258496364695584,1.7574783120564832
2018-11-06,1.8403539017277832,1.8278767160008516,1.8716487378397197,1.8238200969727192,1.648203719916585,1.3257168908374384,1.7392511615581319
2018-11-07,1.8378030664277847,1.8702485322473366,1.8984456772247542,1.8218434065429434,1.648609511774886,1.3255841584959678,1.7205271601685974
2018-11-08,1.8076961266127616,1.8618635869553593,1.8904797832954,1.7920108052971908,1.6490154035401523,1.3254514394438162,1.6794489878501946
2018-11-09,1.8012622315515796,1.840637964321673,1.8735652309200732,1.7858356800055981,1.6494213952369816,1.3253187336796528,1.6798624744978907
2018-11-12,1.8004199989433949,1.8321616590914322,1.8669265467909735,1.7845846206864837,1.6498274868899774,1.3251860412021474,1.677576921168215
2018-11-13,1.7974982606600807,1.8474392475413575,1.8751157304068016,1.7818830896655775,1.6502336785237486,1.3250533620099696,1.665600127419788
2018-11-14,1.8018035356049966,1.827739334200837,1.8599676150437443,1.7864409580806173,1.650639970162911,1.3249206961017894,1.6863715546293667
2018-11-16,1.850215254804913,1.8245988486258882,1.8757968988319422,1.8334933564547962,1.6510463618320865,1.3247880434762764,1.7362372989671202
2018-11-19,1.8342601715532947,1.8056130838254383,1.855822481595118,1.8173232293614492,1.6514528535559023,1.3246554041321013,1.7241851831728128
2018-11-21,1.8221291577545682,1.797847715284095,1.849716720157975,1.805323800146097,1.6518594453589923,1.3245227780679338,1.711787645183727
2018-11-22,1.8288867700100764,1.784498637463454,1.8327568986203902,1.8120664691853254,1.6522661372659961,1.3243901652824448,1.7158801430098818
2018-11-23,1.8145965175409513,1.7639870636213542,1.8167945454495225,1.797602528407178,1.65267292930156,1.3242575657743043,1.6914159740405637
2018-11-26,1.8142181510373254,1.8647675884649082,1.9046904615702513,1.7987064212000599,1.6530798214903355,1.3241249795421834,1.6780047268506746
2018-11-27,1.8406289658595307,1.846349170942258,1.89683819548013,1.824579682365846,1.6534868138569805,1.3239924065847526,1.7239957011511455
2018-11-28,1.868736047885861,1.8696761394251866,1.924741870002503,1.8524563908534661,1.6538939064261593,1.3238598469006828,1.7506653937763914
2018-11-29,1.8801280106968412,1.8865689304734803,1.9392207136297428,1.8637469073892359,1.654301099222542,1.3237273004886454,1.7596636321428134
2018-11-30,1.8844552292389734,1.8918960695066476,1.9451112044767225,1.8677558088018484,1.6547083922708046,1.3235947673473112,1.755631941176614
2018-12-03,1.8854909381661173,1.9008960310206535,1.945404766420087,1.8695082990576761,1.6551157855956296,1.3236892491012526,1.7618314947758014
2018-12-04,1.8625365258414412,1.8589749292527258,1.907323465296539,1.8462914562102748,1.655523279221705,1.3237837375995556,1.7383788773445148
2018-12-05,1.8684960540421223,1.8841855084366057,1.923168486695738,1.8536213919198536,1.6559308731737254,1.323878232842702,1.746526015822723
2018-12-06,1.861754710742865,1.84305929911014,1.8931406975873442,1.8461744163258256,1.6563385674763913,1.3239727348311727,1.7427342177266054
2018-12-07,1.857574772155036,1.8316912054276264,1.8917966034676628,1.8411819315679814,1.6567463621544094,1.3240672435654495,1.7283875256492096
2018-12-10,1.8251566651016318,1.837880486075334,1.8882509332934148,1.809734062870751,1.6571542572324922,1.324161759046014,1.685227012604079
2018-12-11,1.8316966400952186,1.8391694854080385,1.8906614155960118,1.8163739220800108,1.6575622527353586,1.3242562812733476,1.695130096276868
2018-12-12,1.8435957132303984,1.834601670118497,1.8905507183413248,1.8278102788380444,1.6579703486877333,1.324350810247932,1.706072977254894
2018-12-13,1.8540577341303985,1.8316131284450885,1.8910699938004685,1.8380790624059469,1.658378545114347,1.3244453459702485,1.7229445270785635
2018-12-14,1.8494191171820387,1.8187988307480396,1.881693394053247,1.8331590831814146,1.6587868420399372,1.3245398884407795,1.7153322928168009
2018-12-17,1.824885228522128,1.7761358009859438,1.8390951070475499,1.808836582611033,1.6591952394892464,1.324634437660006,1.6947397554661872
2018-12-18,1.834177327360319,1.7682839598912985,1.8348448817916942,1.8177709722865807,1.6596037374870245,1.3247289936284103,1.6988750142454723
2018-12-19,1.8209320639751954,1.7496530147679956,1.8249252366544824,1.8042760927300272,1.6600123360580266,1.3248235563464739,1.6804962388995548
2018-12-20,1.8037254859108764,1.6957479041449808,1.7713218757075286,1.787738628241387,1.6604210352270135,1.3249181258146785,1.6725672205125413
2018-12-21,1.8051605376799706,1.6861137541541282,1.763630099204599,1.7885421667220176,1.6608298350187534,1.325012702033506,1.6809597440933433
2018-12-26,1.7973810488487547,1.6892471296318357,1.7642719725382585,1.7810974592823214,1.6612387354580194,1.3251072850034384,1.6699546831972345
2018-12-27,1.80089193184032,1.6716434358632093,1.751604663796486,1.784261598725415,1.661647736569591,1.3252018747249577,1.676311942329984
2018-12-28,1.8448763017322494,1.7276344120191995,1.811134224859966,1.8280294523931477,1.6620568383782548,1.3252964711985455,1.7239190060471383
2019-01-02,1.8914796639758469,1.8009707299171571,1.8568651253824724,1.8722447801786288,1.662466040908802,1.3254980899645956,1.7852172246611382
2019-01-03,1.885008875930057,1.8052016713343466,1.8686583791788192,1.865722979067564,1.6628753441860304,1.3256997394031236,1.7960435918494422
2019-01-04,1.8990472699663297,1.816836760231619,1.8640119295611786,1.8795381442408023,1.6632847482347448,1.3259014195187957,1.8014679560597802
2019-01-07,1.89619896703063,1.8043202252057657,1.8612418422396975,1.876671178678913,1.663694253079755,1.3261031303162791,1.7986875133505325
2019-01-08,1.8994481555520404,1.814368711071592,1.8627291273704114,1.8799687716832199,1.6641038587458772,1.3263048718002413,1.8052156201446397
2019-01-09,1.9275341681437912,1.8282955599031756,1.8885022882449316,1.9076077963914642,1.6645135652579341,1.3265066439753508,1.8362308455939191
2019-01-10,1.9328811881862824,1.8385203349947181,1.8895126574753183,1.9131914073393719,1.664923372640754,1.3267084468462764,1.8400144053412686
2019-01-11,1.9351107485133647,1.8409883841547456,1.9013484999063321,1.9156460135499875,1.6653332809191714,1.3269102804176882,1.837118625749267
2019-01-14,1.9495881930451642,1.8603801989835325,1.9182573561131233,1.9299549750353628,1.6657432901180274,1.3271121446942564,1.8531210297778984
2019-01-15,1.9452850139595987,1.8494502669891255,1.911821700033411,1.9258936627384224,1.6661534002621687,1.3273140396806524,1.8449138690443792
2019-01-16,1.9512268944545257,1.8536812084063157,1.9066723315344998,1.9315287063204023,1.6665636113764482,1.3275159653815483,1.8515312246168079
2019-01-17,1.9700352775833123,1.862671958917844,1.9260708682123935,1.950366061761734,1.666973923485725,1.3277179218016162,1.870322702005777
2019-01-18,1.9843775984818959,1.927722683207138,1.9384721196540746,1.9638595617420924,1.6673843366148646,1.3279199089455298,1.8849489094878062
2019-01-21,1.9811149460956288,1.8686657925921963,1.944896299661237,1.9617922486617274,1.667794850788738,1.328121926817963,1.8832429828393176
2019-01-22,1.971838155425187,1.8623193804664113,1.9430881184957114,1.952656620607629,1.6682054660322225,1.3283239754235907,1.8654638415930243
2019-01-23,1.990271161640974,1.8774802538780084,1.961272822661256,1.9708997827715706,1.6686161823702024,1.3285260547670885,1.8940048162956047
2019-01-24,2.013419812198848,1.8914071027095918,1.9805958564694437,1.9942486692318404,1.6690269998275669,1.3287281648531324,1.9159496197511605
2019-01-28,1.987382392951973,1.9742630387962254,1.9922152482987279,1.9677911068741554,1.6694379184292119,1.328930305686399,1.872142788630053
2019-01-29,1.991522489647934,1.9700320973790357,2.0052063719942756,1.9719745774621293,1.6698489382000394,1.3291324772715665,1.8759765630746557
2019-01-30,2.010071692703578,1.9712661219590497,1.999143495483635,1.9897607128857886,1.6702600591649575,1.3293346796133128,1.902591921828264
2019-01-31,2.02069073970905,2.023624021996774,2.0233782186586797,1.9997748412344996,1.6706712813488804,1.3295369127163172,1.9103897150884708
2019-02-01,2.023098542743107,2.0093445947137583,2.0235372049165528,2.0022940804483134,1.6710826047767287,1.3298085608507375,1.91956037032554
2019-02-04,2.0328702676070898,2.002998182587974,2.03092339182729,2.0121721465210083,1.6714940294734286,1.3300802644877228,1.9338276211826715
2019-02-05,2.0359863755494034,2.0430158368255613,2.0373265591113747,2.015152388581514,1.671905555463913,1.3303520236386135,1.928385799518992
2019-02-06,1.9847769049016342,1.9656248667361298,2.005972480121641,1.965018424212101,1.6723171827731205,1.3306238383147517,1.8562876941234425
2019-02-07,1.9815796089344115,1.9564578269988855,2.0002626207933916,1.962145985521137,1.6727289114259962,1.3308957085274824,1.851776805870563
2019-02-08,1.9945147131724748,1.9874847307249446,2.010046938359692,1.9748793970043352,1.673140741447491,1.3311676342881529,1.8701661733791823
2019-02-11,1.9861445002398395,1.960159900738927,1.9984968839201258,1.9672022054597518,1.6735526728625623,1.331439615608112,1.851920388520522
2019-02-12,2.0104018169718105,2.0079342809080294,2.0240667623873665,1.9905872364570465,1.673964705696173,1.331711652498712,1.8863543325574188
2019-02-13,2.01182778746879,1.9814908970505931,2.0156098351058587,1.992327465147304,1.6743768399732932,1.331983744971307,1.8799600008552133
2019-02-14,2.0231667952670866,1.9624516606732387,2.0049178337410662,2.003104078205495,1.6747890757188981,1.332255893037253,1.9225775674862913
2019-02-15,2.0314388818434392,2.0246817573510727,2.0342800898201254,2.0108182726466755,1.6752014129579698,1.332528096707909,1.9129820488341795
2019-02-18,2.0158424010541864,1.9479959441645067,2.0098792515700703,1.9965902819849106,1.675613851715496,1.332800355994636,1.8930526985594012
2019-02-19,2.031907658362407,2.0185116344510043,2.027754965907245,2.0114740562345386,1.6760263920164709,1.3330726709087974,1.9155957630564526
2019-02-20,2.0230700175648115,2.004408496393705,2.011410434504332,2.002432399044418,1.6764390338858945,1.333345041461759,1.8937378545652848
2019-02-21,2.0204557889287775,1.9700320973790375,1.9996714007872034,2.0005587491108305,1.6768517773487737,1.3336174676648882,1.9013379274550561
2019-02-22,2.0350031477495034,2.0290889879939793,2.0109890088460265,2.0144709690228426,1.6772646224301206,1.333889949529556,1.920037409949448
2019-02-25,2.0311472326731677,1.9726764357647815,2.008097530372937,2.011189386225973,1.6776775691549544,1.3341624870671347,1.9073719294742362
2019-02-26,2.0366392101337594,2.026444649608236,2.011053358879367,2.0159186730963343,1.6780906175482995,1.3344350802889995,1.9144843705773984
2019-02-27,2.028554658680174,1.9576918515789006,2.012424861388456,2.0090205336135223,1.678503767635187,1.3347077292065275,1.9086943806026844
2019-02-28,2.0112787049775886,1.9726764357647808,2.0043239997267346,1.9921441342874913,1.6789170194406544,1.3349804338310984,1.874898123990674
2019-03-01,2.000913138792505,1.9390051936529782,1.988981613832795,1.9821609859807037,1.679330372989745,1.3354554937835028,1.8556637372798366
2019-03-06,1.9939065415027641,1.9338928061072072,1.9790274143954165,1.975378774689783,1.6797438283075081,1.335930722788541,1.8480750411574118
2019-03-07,1.9873940652264166,1.9391814828786946,1.9628597334059095,1.9684248310153398,1.6801573854189997,1.3364061209063713,1.8504935849743442
2019-03-08,2.0046962870167397,1.916969040438448,1.9899695003978004,1.986091479924057,1.6805710443492814,1.3368816881971732,1.8705928021546752
2019-03-11,2.0440502058003056,1.9568104054503195,2.0176129144149,2.024437016150936,1.6809848051234213,1.337357424721148,1.9228035336239315
2019-03-12,2.046558571772608,1.9534609101617109,2.0289875983297216,2.027272241832965,1.6813986677664938,1.3378333305385182,1.9189083638658897
2019-03-13,2.0625288948128073,2.000882711879381,2.0397191919399615,2.042660672037514,1.681812632303579,1.3383094057095277,1.9400112865378059
2019-03-14,2.0649311056450292,1.9867795738220817,2.046936957927579,2.045125670803509,1.6822266987597638,1.3387856502944422,1.9341420514939887
2019-03-15,2.067906747440926,1.9947125889793127,2.0516925362259766,2.047976822845973,1.6826408671601405,1.3392620643535482,1.944578666325096
2019-03-18,2.0796011375478676,2.0105786192937747,2.058122032619986,2.059289636362962,1.6830551375298084,1.339738647947154,1.9613925477073886
2019-03-19,2.073645404289769,1.9880135984020952,2.048850414287721,2.0534025766348307,1.6834695098938723,1.3402154011355893,1.9534376373671039
2019-03-20,2.0454736433553675,1.9471144980359265,2.026351712641833,2.025384217504333,1.6838839842774438,1.340692323979206,1.9230930527377834
2019-03-21,2.027745198729781,1.9127380990212588,1.9907191464686058,2.0077677537549627,1.6842985607056402,1.341169416538376,1.8973521358605647
2019-03-22,1.9823516743687082,1.8510368700205733,1.9537025987462269,1.9648228747847385,1.684713239203585,1.341646678873494,1.8386260474226754
2019-03-25,1.9826364494349067,1.8580884390492234,1.9595480687561002,1.9648306870780692,1.6851280197964082,1.3421241110449753,1.8371912016788907
2019-03-26,2.0105857232705975,1.9127380990212592,1.9920884512577908,1.9920115471226636,1.6855429025092459,1.3426017131132575,1.8694543408153823
2019-03-27,1.957045524765357,1.8069645635915126,1.9224252287916876,1.940117900066838,1.6859578873672398,1.3430794851387986,1.8026960584797163
2019-03-28,1.984668893259423,1.851036870020574,1.9624188722695983,1.9672033726731937,1.686372974395539,1.3435574271820796,1.8514500180360927
2019-03-29,2.0049809668748724,1.8841792444552279,1.9827914029225029,1.9873934971666234,1.6867881636192974,1.3440355393036019,1.8715676734255715
2019-04-01,2.03314248601289,1.895493467591729,1.9921266818054792,2.0121421413551297,1.6872034550636765,1.3443993429965913,1.8841193862273182
2019-04-02,2.0196186893352035,1.8764759435963334,1.9757720709925557,1.99919979527666,1.6876188487538426,1.344763245164006,1.871022373197585
2019-04-03,2.0079441924245844,1.8856236133662705,1.9858759323381496,1.9893427407090616,1.6880343447149693,1.3451272458325008,1.853461352042486
2019-04-04,2.030660850567674,1.901752399539581,1.996390503187031,2.011355725163466,1.6884499429722357,1.345491345028738,1.8891920514057206
2019-04-05,2.0423447873704985,1.9183626420165725,2.013864746504962,2.0237222916204485,1.6888656435508276,1.345855542779387,1.9047880302284563
2019-04-08,2.049578376708692,1.9296768651530738,2.0208889381714115,2.029910497117415,1.6892814464759365,1.3462198391111249,1.9099099293483064
2019-04-09,2.0270383210585976,1.8935676423770058,1.9899834485141052,2.0075203420416767,1.6896973517727607,1.3465842340506353,1.888774641734801
2019-04-10,2.022726772822223,1.8719021087113652,1.9702571985941375,2.003391627671074,1.690113359466504,1.3469487276246095,1.88213806334858
2019-04-11,2.0099469227339113,1.8692540990411204,1.9722591782317505,1.9915912578675992,1.6905294695823774,1.3473133198597458,1.858624442906177
2019-04-12,1.9862105211605712,1.8536067691714908,1.9679122291561184,1.9701068844498306,1.6909456821455966,1.34767801078275,1.821753909145522
2019-04-15,1.9893863553060673,1.8637173515487897,1.9718182044138697,1.9730456075526333,1.6913619971813847,1.3480428004203346,1.82583326484388
2019-04-16,2.0040984907377584,1.8808090503294617,1.9898759078490007,1.9883815922691002,1.691778414714971,1.34840768879922,1.8503588291266364
2019-04-17,1.9930315046236258,1.8552918662343734,1.9725350334929832,1.9776325640642674,1.6921949347715908,1.3487726759461334,1.8297912029734884
2019-04-18,2.007742992116416,1.8680504582819175,1.9837725414756817,1.9921133535989282,1.692611557376485,1.349137761887809,1.855163551818913
2019-04-22,2.0114188434291886,1.8603471574230233,1.9773264265115569,1.9954035058306483,1.6930282825549017,1.3495029466509894,1.8553557799568365
2019-04-23,2.033126353947753,1.893086186073325,2.006400727288144,2.01682106208839,1.6934451103320944,1.349868230262423,1.8815454906907578
2019-04-24,2.0237973517473704,1.8846607007589093,2.005398075748713,2.008413820716525,1.6938620407333236,1.350233612748866,1.8643271456141812
2019-04-25,2.0410578667079715,1.9017523995395813,2.019046466107278,2.0254184821753256,1.6942790737838551,1.3505990941370822,1.8938792795524708
2019-04-26,2.0399829013582234,1.8906789045549206,2.005530908056002,2.023472637669812,1.694696209508962,1.3509646744538422,1.8876810990114115
2019-04-29,2.0419112994907653,1.9005487587803793,2.0177680533959514,2.026284687069075,1.6951134479339223,1.351330353725924,1.8867338850542363
2019-04-30,2.0372777332418806,1.896697108350932,2.0111096539012654,2.0219904979294174,1.6955307890840214,1.351696131980113,1.8899817559804954
2019-05-02,2.0293221412420404,1.8767166717481742,1.99411026062251,2.0138342357109575,1.6959482329845508,1.3517797680840848,1.8737853584534907
2019-05-03,2.03562272179338,1.8800868658739407,1.9993025580058341,2.0198569336391925,1.6963657796608071,1.3518634093630346,1.8832059102698604
2019-05-06,2.0135589538734453,1.859865701119343,1.9822456877180252,1.9993766474116064,1.6967834291380948,1.3519470558172828,1.8636058977946466
2019-05-07,2.000780952171872,1.8478292935273202,1.967812718933372,1.9867246464527637,1.6972011814417234,1.3520307074471496,1.851445898861709
2019-05-08,2.0183288164827844,1.875513030988972,1.9859187469781572,2.0032150693880957,1.6976190365970085,1.352114364252955,1.8751386053142387
2019-05-09,2.00922467952686,1.8735872057742484,1.9851926114894893,1.9950160878244665,1.698036994629273,1.3521980262350195,1.8596669863276696
2019-05-10,1.9959249525386824,1.8726242931668868,1.9853277486596315,1.9825532155296086,1.6984550555638456,1.3522816933936632,1.8488729840809541
2019-05-13,1.950163266108785,1.8288117695319241,1.9413355417327238,1.9371969150834767,1.6988732194260607,1.3523653657292065,1.7992267328925233
2019-05-14,1.9604499653040133,1.8288117695319241,1.9452342918691927,1.9472998193517965,1.6992914862412596,1.3524490432419698,1.8064039038788637
2019-05-15,1.9514899843755327,1.8020909446776336,1.9266181085159353,1.9394073209914042,1.6997098560347894,1.3525327259322735,1.797204414421106
2019-05-16,1.9308047445262402,1.7765737605825456,1.9147872569895783,1.9201966252209393,1.700128328832004,1.3526164138004377,1.7658404322073087
2019-05-17,1.9288092180421368,1.750093663880096,1.9007867509303213,1.9179492449269786,1.7005469046582626,1.352700106846783,1.7652178484218304
2019-05-20,1.965189121152349,1.7972763816408244,1.93363568406282,1.9527566349225127,1.7009655835389315,1.3527838050716297,1.8035351931471002
2019-05-21,2.0057139348637216,1.8372372548463394,1.9648231843591235,1.9913807874433413,1.7013843654993828,1.3528675084752984,1.8533269884971015
2019-05-22,2.0075786373946314,1.84277400233867,1.969409323498899,1.9924745734014404,1.7018032505649952,1.352951217058109,1.8508953025523718
2019-05-23,1.9977398444545955,1.8413296334276272,1.962595514910351,1.9822880379218262,1.7022222387611534,1.3530349308203828,1.8420561427776396
2019-05-24,1.991006801333493,1.8290524976837643,1.950824622263476,1.9756475860735945,1.7026413301132484,1.3531186497624395,1.8365201685566102
2019-05-27,2.0082029340079797,1.8473478372236383,1.966699762412975,1.9928251370275847,1.7030605246466775,1.3532023738846,1.8607732788765345
2019-05-28,2.0285373204823522,1.8702170116484813,1.9819070709599036,2.0120964712930043,1.703479822386844,1.3532861031871846,1.8907551800088958
2019-05-29,2.0298797832486173,1.886105069669951,1.984823422078565,2.0125439999461943,1.7038992233591579,1.353369837670514,1.894164091038456
2019-05-30,2.0447025354957518,1.8969378365027714,1.9954768162476881,2.0269416130407754,1.704318727589035,1.3534535773349088,1.9116374326245225
2019-05-31,2.0369160536385365,1.9087335159429537,1.992911612321301,2.0188143078113443,1.7047383351018979,1.3535373221806895,1.9032609934389344
2019-06-03,2.0331273409068826,1.9116222537650387,1.989506234467053,2.0152179176519294,1.7051580459231745,1.353543750293002,1.9030679806963664
2019-06-04,2.0370351674577503,1.9296768651530727,2.0100629654183098,2.020717130875402,1.7055778600783003,1.353550178435842,1.9101254994744072
2019-06-05,2.025013992244428,1.92293647690154,2.01360273609276,2.0107010496534508,1.7059977775927158,1.35355660660921,1.8830266281085737
2019-06-06,2.0415000516216746,1.9349728844935625,2.0249893069985565,2.027288283858851,1.7064177984918685,1.3535630348131062,1.9066844196544197
2019-06-07,2.055628120021965,1.9354543407972438,2.029177999052561,2.04121900198988,1.7068379228012123,1.3535694630475308,1.918775373378634
2019-06-10,2.0527332379249414,1.927751039938349,2.0261198040033666,2.038549138676822,1.7072581505462066,1.3535758913124838,1.9118204416578723
2019-06-11,2.067625665459117,1.9241401176607424,2.0199338240628375,2.0520067088964087,1.7076784817523174,1.3535823196079655,1.9411118907029987
2019-06-12,2.057253805491329,1.909696428550315,2.007768056337893,2.0412682308812853,1.7080989164450178,1.3535887479339759,1.9285754776918214
2019-06-13,2.064043966222863,1.9152331760426458,2.013268642461851,2.0487837786518894,1.708519454649786,1.3535951762905152,1.9374575945708443
2019-06-14,2.052879562054554,1.8979007491101332,2.0036618440154403,2.039437585342629,1.7089400963921066,1.3536016046775836,1.9230671607845131
2019-06-17,2.050965442503952,1.9041596810579848,2.0087796691006328,2.037305223920126,1.7093608416974713,1.3536080330951812,1.9148913842367774
2019-06-18,2.0770975119993307,1.9243808458125828,2.0255282237110652,2.0622568360290425,1.7097816905913776,1.3536144615433081,1.9498286521531754
2019-06-19,2.088319052859893,1.9376208941638078,2.036093873093443,2.0736162338981,1.710202643099329,1.3536208900219644,1.9674630338425434
2019-06-21,2.1111179923206587,1.9549533210963206,2.0489771534661108,2.0947183577529054,1.7106236992468355,1.3536273185311503,2.000989778759139
2019-06-24,2.117892378628164,1.9665082723846625,2.0600544029811525,2.1011495399845073,1.7110448590594138,1.3536337470708661,2.001964453878875
2019-06-25,2.092306930388139,1.9515831269705544,2.045973981442585,2.075500465504363,1.711466122562586,1.3536401756411118,1.9633348365050605
2019-06-26,2.094242596426338,1.940268903834053,2.034281935695072,2.0773487562269506,1.7118874897818812,1.3536466042418875,1.9750191688722187
2019-06-27,2.0973255409269007,1.9549533210963206,2.0471311250105706,2.0804687491108727,1.7123089607428348,1.3536530328731935,1.975712367075709
2019-06-28,2.1076367886776977,1.9691562820549073,2.0602367836520026,2.0913860367609596,1.712730535470988,1.3536594615350297,1.9804833517682685
2019-07-01,2.119103239553896,1.9579419750432048,2.069141863249395,2.1027049675512672,1.7131522139918887,1.3537818604386411,1.9877895902186429
2019-07-02,2.108837947749624,1.9556610990408245,2.070749555954452,2.093587039187567,1.7135739963310905,1.353904270409653,1.9733820912812918
2019-07-03,2.1293396347437614,1.9862628520727588,2.085316474219876,2.1122903842662324,1.7139958825141544,1.3540266914490662,2.0015874513471514
2019-07-04,2.16300921877003,2.0172447511050895,2.1010434432231233,2.144890878162724,1.7144178725666466,1.3541491235578815,2.0328355082247116
2019-07-05,2.171078736276647,2.049937307139206,2.1070416961153824,2.152238711845767,1.71483996651414,1.3542715667371004,2.04172704035947
2019-07-08,2.181487505215336,2.0870015421778843,2.114894614424471,2.1623625291527913,1.715262164382214,1.3543940209877228,2.0503724027869894
2019-07-10,2.1969553649593205,2.111330886203273,2.1157854105213434,2.1758802826914,1.7156844661964539,1.3545164863107506,2.0756139188079294
2019-07-11,2.188259861514051,2.106959207198711,2.1143956712928555,2.167903283074908,1.7161068719824515,1.3546389627071846,2.0624596296391418
2019-07-12,2.169071119085136,2.0793986221699505,2.1036664325501775,2.150197948022512,1.7165293817658052,1.3547614501780263,2.0381280588547592
2019-07-15,2.1658608669648856,2.0664736581564624,2.1063772221928723,2.1478040211950296,1.716951995572119,1.3548839487242772,2.036101817360118
2019-07-16,2.1669696437046384,2.067043877157057,2.103314985550993,2.1484863656468893,1.7173747134270039,1.3550064583469383,2.035566716992512
2019-07-17,2.1686393871519134,2.082249717172925,2.1004430008982995,2.1494730958786814,1.7177975353560768,1.3551289790470114,2.037138280095615
2019-07-18,2.177673488118218,2.090803002181851,2.105348350836732,2.1573573048620873,1.7182204613849612,1.3552515108254979,2.054028071977271
2019-07-19,2.1611224671241054,2.0736964321639992,2.092937609131837,2.1418718318795094,1.7186434915392863,1.3553740536834,2.029221619231753
2019-07-22,2.165816426874353,2.067994242158049,2.0919411192170454,2.1455177888182217,1.7190666258446885,1.355496607621719,2.038980727952261
2019-07-23,2.1633270783864713,2.0622920521520984,2.109348353499248,2.1452632998623926,1.71948986432681,1.355619172641457,2.034171493783278
2019-07-24,2.1697284432937396,2.0613416871511068,2.109274812264206,2.150747947350093,1.7199132070112992,1.355741748743616,2.042316866901036
2019-07-25,2.1415498061321077,2.0432847521322635,2.10058174181795,2.124628012590593,1.7203366539238112,1.3558643359291982,2.0135815063977596
2019-07-26,2.149155717769204,2.0660935121560655,2.1136756525569123,2.1327231922160275,1.7207602050900068,1.3559869341992057,2.0168052507311973
2019-07-29,2.152134304998273,2.0832000821739167,2.1194643325279006,2.1354180453111105,1.7211838605355538,1.3561095435546406,2.0298238032964724
2019-07-30,2.1503088864384274,2.1048684041965284,2.1210940759671355,2.134046675840207,1.7216076202861261,1.3562321639965054,2.0190380393985246
2019-07-31,2.134440595451594,2.095554827186809,2.1099742285671206,2.119229253935978,1.7220314843674036,1.3563547955258026,1.9970567518269957
2019-08-01,2.149039336664908,2.130718332223504,2.133519684288357,2.134111766788254,1.7224232573767013,1.356425847509262,2.0032121714149254
2019-08-02,2.1425404529517063,2.1259665072185454,2.1266652951342357,2.127434942821194,1.7228151195168264,1.356496903214745,2.0139561551155483
2019-08-05,2.101573494065708,2.0832000821739167,2.096792172514892,2.0879026505226,1.7232070708080567,1.3565679626424465,1.9634289890624104
2019-08-06,2.1391110284075503,2.128817602221521,2.1337257205119777,2.124554502455166,1.7235991112706741,1.3566390257925611,2.0039526420482523
2019-08-07,2.1455588831696044,2.1231154122155704,2.137981473406869,2.130706007708969,1.7239912409249665,1.3567100926652844,2.016088122086047
2019-08-08,2.1744370203717387,2.1713939542659513,2.1652453261979976,2.159268961769322,1.724383459791225,1.3567811632608109,2.042232325750582
2019-08-09,2.175063987849057,2.2019957072978857,2.1726114707478947,2.1594241825691936,1.7247757678897462,1.356852237579336,2.0398967538748143
2019-08-12,2.146297911767345,2.160179647254249,2.153217476513911,2.1324757438333983,1.7251681652408308,1.3569233156210545,1.9990788741472527
2019-08-13,2.1705191783646263,2.1763358522711087,2.1743082040774393,2.156677226606045,1.7255606518647844,1.3569943973861616,2.0262310986289185
2019-08-14,2.118434017128532,2.118363587210612,2.1353150342348437,2.105706862657169,1.7259532277819172,1.357065482874852,1.9665725075709397
2019-08-15,2.0864402813241236,2.072746067163008,2.101763407031652,2.0739472109326043,1.7263458930125435,1.3571365720873212,1.9430127916056672
2019-08-16,2.107385284532457,2.076547527166975,2.128218656186513,2.0952841153197825,1.7267386475769833,1.3572076650237639,1.9577019636104243
2019-08-19,2.103550735551349,2.053738767143173,2.152976547775545,2.0948566769480306,1.7271314914955604,1.3572787616843756,1.951089511817024
2019-08-20,2.097987101419005,2.0594409571491235,2.141343444977948,2.0885492692587264,1.7275244247886032,1.357349862069351,1.9462559549040588
2019-08-21,2.126183221803336,2.1088599372006946,2.1702567212791752,2.116088016448661,1.7279174474764454,1.3574209661788852,1.98508701952037
2019-08-22,2.1132422516980234,2.0860511771768926,2.171858129080184,2.1046932593483665,1.7283105595794246,1.3574920740131735,1.9617328699719787
2019-08-23,2.068604447884455,2.0489869421382143,2.130025345397394,2.060491918887043,1.7287037611178835,1.357563185572411,1.9157591569736887
2019-08-26,2.0496804573573857,2.0081212470955694,2.1342509976529813,2.043888156498815,1.7290970521121687,1.3576343008567928,1.8914778008865591
2019-08-27,2.0643014350355013,2.0297895691181815,2.13995747563096,2.05740992014258,1.7294904325826324,1.3577054198665142,1.908083762038037
2019-08-28,2.079927981300403,2.0394832921282973,2.1555050829106444,2.072665733307545,1.729883902549631,1.35777654260177,1.9260774926546242
2019-08-29,2.122075462449649,2.0889022721798685,2.1979004407070426,2.114803084579752,1.7302774620335255,1.3578476690627557,1.9717983668061967
2019-08-30,2.141121078597645,2.1193139522116042,2.20399082173549,2.132702107653686,1.7306711110546815,1.3579187992496662,1.983767118357017
2019-09-02,2.134818375750412,2.1098103022016867,2.1985094218050065,2.127184332535305,1.7310525140761457,1.357892953592783,1.9737855742197694
2019-09-03,2.117920254308596,2.0908030021818518,2.1968636304328837,2.1117722098322607,1.7314340011507057,1.3578671084278275,1.9552510548519018
2019-09-04,2.1307169243757444,2.0832000821739176,2.1873852716872957,2.1216754396255153,1.731815572296885,1.3578412637547905,1.9850672082530938
2019-09-05,2.162994951592343,2.094604462185819,2.2146760970667736,2.1547027166761388,1.7321972275332116,1.3578154195736627,2.0055083169073025
2019-09-06,2.1645187575700757,2.0727460671630085,2.1977073919061216,2.154295936351042,1.7325789668782166,1.3577895758844343,2.0190904117585498
2019-09-09,2.166576970502145,2.044235117133256,2.192497778277803,2.155135799884669,1.7329607903504358,1.3577637326870964,2.0238992536252103
2019-09-10,2.162851680308597,2.0394832921282973,2.191550407148365,2.1517537867066565,1.7333426979684095,1.3577378899816395,2.020974835963681
2019-09-11,2.175948855857134,2.096885338188199,2.2117551562835605,2.165388740263938,1.733724689750681,1.3577120477680542,2.0290974555467467
2019-09-12,2.1919564169088006,2.1003066521917693,2.2223858251311435,2.181324792912906,1.7341067657157991,1.3576862060463313,2.0472475186387675
2019-09-13,2.1780908094443436,2.077307819167769,2.2147428126036135,2.1683633859095317,1.7344889258823155,1.357660364816461,2.030187663700397
2019-09-16,2.1729556722406724,2.0565898621461485,2.20388803496098,2.1625057988922167,1.7348711702687862,1.3576345240784342,2.0337032809616207
2019-09-17,2.193275109522911,2.0984059221897855,2.22214929041115,2.182436457881999,1.7352534988937718,1.3576086838322419,2.0520718564471587
2019-09-18,2.199400280448823,2.1117110322036696,2.2346257661060376,2.188965917411135,1.7356359117758362,1.357582844077874,2.0504059446355436
2019-09-19,2.204136349353715,2.1326190622254884,2.2575309609183414,2.195632635501506,1.7360184089335484,1.3575570048153218,2.0466247387021284
2019-09-20,2.203080255299357,2.136420522229455,2.2476495004066406,2.1933166290678017,1.7364009903854807,1.3575311660445757,2.056005471832785
2019-09-23,2.2002289357942644,2.128817602221521,2.2551710377808067,2.1913904206225716,1.73678365615021,1.3575053277656262,2.0524829892809215
2019-09-24,2.189230651061358,2.1231154122155704,2.2349311127767915,2.1805057354268595,1.7371664062463166,1.3574794899784637,2.0375331323830013
2019-09-25,2.1901277763057987,2.1079095721997025,2.2354627467152697,2.180031178358447,1.7375492406923858,1.3574536526830796,2.049406554469504
2019-09-26,2.205500867693134,2.1288176022215213,2.2406706533296155,2.1947524343454914,1.737932159507006,1.3574278158794642,2.0658522601223255
2019-09-27,2.200653175184551,2.125016142217554,2.2317382400067074,2.1893713855832244,1.738315162708771,1.3574019795676078,2.0611099134992936
2019-09-30,2.2043258272785335,2.144023442237389,2.247113996172933,2.194424261808633,1.7386982503162773,1.3573761437475014,2.0545916142632437
2019-10-01,2.1847336568843225,2.13356942722648,2.225080414493978,2.1744834465091687,1.739059845236405,1.3574407766280419,2.041019523121214
2019-10-02,2.125650534207786,2.10011657919157,2.179424409198833,2.116654774929848,1.7394215153569803,1.3575054125861443,1.981743426827471
2019-10-03,2.128308932896471,2.11741322220962,2.1773928426284486,2.118183266610966,1.739783260693642,1.357570051621955,1.9912489120966168
2019-10-04,2.1495043320701113,2.1411723472344137,2.1961660210582337,2.1391358511476177,1.7401450812620334,1.3576346937356214,2.011556049507763
2019-10-07,2.1201179692072056,2.1003066521917684,2.1943424370717413,2.111885570187516,1.7405069770777997,1.3576993389272891,1.9727465615191775
2019-10-08,2.1036021586529134,2.0812993521719334,2.160465013507895,2.094612188551794,1.7408689481565902,1.357763987197105,1.9611467703024732
2019-10-09,2.1256354517337637,2.1041081121957355,2.188607554588612,2.1168624784891468,1.7412309945140576,1.3578286385452156,1.986006576163823
2019-10-10,2.1408953562943824,2.1003066521917684,2.203351169696419,2.1315357975961526,1.741593116165857,1.3578932929717675,1.9971548274075686
2019-10-11,2.1795325668192636,2.1388914712320335,2.2251659451714145,2.168993111140616,1.7419553131276477,1.3579579504769077,2.036675167204148
2019-10-14,2.187113204902281,2.147824902241356,2.2368307775574334,2.176424530069305,1.7423175854150916,1.3580226110607823,2.0458876026385417
2019-10-15,2.197299645571561,2.1402219822334216,2.263038878262792,2.1882204109395382,1.742679933043854,1.358087274723538,2.049574852165768
2019-10-16,2.207359707199172,2.1637910342580176,2.2600670580500593,2.1971240205966462,1.7430423560296038,1.3581519414653214,2.067880463128578
2019-10-17,2.207058965416607,2.1685428592629763,2.273209929805922,2.1975715077417672,1.7434048543880127,1.3582166112862792,2.0598965224164436
2019-10-18,2.1972403557414872,2.1668322022611908,2.2492892163296303,2.1868318687302253,1.743767428134756,1.358281284186558,2.0542693379054806
2019-10-21,2.219033096939207,2.1894508892847946,2.270488788800031,2.2083452800592784,1.7441300772855117,1.3583459601663042,2.0796393329369716
2019-10-22,2.236160145572121,2.197243882292927,2.2472439485503326,2.2227534457874554,1.7444928018559622,1.3584106392256645,2.1062929411670033
2019-10-23,2.2411048038445447,2.1917317652871753,2.235383565456387,2.2268841773567405,1.744855601861792,1.358475321364786,2.109480005233307
2019-10-24,2.229708356260132,2.1778564362726955,2.229119545973874,2.2163091949318368,1.745218477318689,1.358540006583815,2.0985457549063717
2019-10-25,2.234826875059169,2.1696832972641666,2.2281503332991597,2.2211199800720154,1.7455814282423452,1.358604694882898,2.1059528150535756
2019-10-28,2.2489182681378037,2.1744351222691254,2.2325585150244454,2.234442923560665,1.745944454648455,1.358669386262182,2.122101743999582
2019-10-29,2.2398176015070765,2.188500524283803,2.2353197493214694,2.22606207032325,1.7463075565527169,1.3587340807218131,2.109728528754479
2019-10-30,2.2523474692315877,2.204846802300861,2.243977043224707,2.2384060199757996,1.7466707339708314,1.3587987782619386,2.1264264848005343
2019-10-31,2.2335929409425246,2.196673663292332,2.2438574215176343,2.220419288996827,1.7470339869185034,1.358863478882705,2.1031294152400366
2019-11-01,2.258512818471647,2.231837168329027,2.262615855210653,2.2445794816711353,1.7473656590345077,1.359192706308828,2.122269845544685
2019-11-04,2.273711572444325,2.2447621323425144,2.2832936000968465,2.259587990089588,1.747697394118029,1.359522013500652,2.1337191888207903
2019-11-05,2.2710585815757716,2.218341985314944,2.2629060174771896,2.255703372359517,1.7480291921810218,1.359851400477503,2.132536201167917
2019-11-06,2.272895730609704,2.237729431335176,2.3025231771167682,2.259890023590188,1.7483610532354428,1.3601808672587115,2.1254982975059904
2019-11-07,2.3000249348154487,2.2599679723583828,2.3251258485286317,2.2861982542766737,1.7486929772932507,1.360510413863612,2.1494356044564693
2019-11-08,2.2714670577464777,2.212639795308993,2.3375043768913977,2.2611188066879757,1.7490249643664062,1.3608400403115448,2.111154939998334
2019-11-11,2.284511674527254,2.2210030073177207,2.3294405871594797,2.273457664646761,1.7493570144668733,1.3611697466218544,2.125639918644338
2019-11-12,2.2584400342033755,2.183938772279043,2.3232595144140316,2.2487353674899517,1.7496891276066173,1.3614995328138897,2.093935418014791
2019-11-13,2.2497685507330414,2.1763358522711087,2.3333766494353347,2.2414224885663927,1.7500213037976065,1.3618293989070047,2.0803782343610084
2019-11-14,2.258102198809655,2.2105489923068116,2.3490073338699884,2.250018487116496,1.7503535430518107,1.3621593449205582,2.0901255740118474
2019-11-18,2.262682584175881,2.2191022773157374,2.374257842777529,2.2557943328257464,1.7506858453812024,1.3624893708739132,2.0844836781637985
2019-11-19,2.2531272319021345,2.2143504523107786,2.366566813362267,2.2462244269048295,1.7510182107977563,1.3628194767864377,2.0765381830792484
2019-11-21,2.279534134647043,2.2485635923464815,2.3716159692439622,2.270725689076412,1.75135063931345,1.3631496626775044,2.1085608408921748
2019-11-22,2.299597609754301,2.2694716223683,2.3804953610154693,2.2896116953371823,1.751683130940262,1.3634799285664903,2.132011692963011
2019-11-25,2.30145288834404,2.2749837393740515,2.4058933087666903,2.292819187080759,1.7520156856901743,1.3638102744727778,2.126747976553652
2019-11-26,2.2824888974776267,2.270992206369886,2.4119369565401345,2.2753405993469746,1.7523483035751708,1.3641407004157533,2.0999825621617667
2019-11-27,2.293234522258571,2.2761241773752414,2.427879631201317,2.285963569555981,1.752680984607237,1.3644712064148081,2.112700022694682
2019-11-28,2.3045736820599476,2.3036847624040027,2.437028929958103,2.297049187084235,1.753013728798362,1.3648017924893387,2.124122689412871
2019-11-29,2.303287006902074,2.3036847624040027,2.420829562394179,2.2955573414897588,1.7533465361605363,1.3651324586587459,2.1230083546663994
2019-12-02,2.31404227712812,2.2998833024000356,2.3952378644865804,2.3039499728843946,1.7536588110406737,1.3658760014690587,2.13663203356381
2019-12-03,2.3125173998843387,2.3036847624040027,2.3866869116723803,2.3020274366344937,1.753971141537655,1.3666199492627176,2.137184983687081
2019-12-04,2.3318177651061958,2.31318841241392,2.399854973604576,2.3203236151816147,1.7542835276613857,1.3673643022603033,2.163565549500797
2019-12-05,2.344900904156089,2.3211714784222512,2.3986626940263345,2.3333459734289237,1.7545959694217732,1.3681090606825175,2.16986867091307
2019-12-06,2.354609667885377,2.3493022824516068,2.4046329551436507,2.3424187313203393,1.7549084668287263,1.3688542247501814,2.17974448957446
2019-12-09,2.351246530448231,2.3730614074764005,2.4068486905566004,2.339095859733991,1.755221019892156,1.369599794684237,2.176831252529116
2019-12-10,2.350626236170579,2.3648882684678716,2.4054869759973294,2.3390557889156582,1.755533628621975,1.370345770705746,2.170844326788611
2019-12-11,2.352237499304264,2.4034730875081367,2.411646565387557,2.3396594648245763,1.755846293028097,1.3710921530358915,2.1765691945778247
2019-12-12,2.37478369693829,2.425141409530749,2.4218274071586383,2.3607558289076165,1.7561590131204385,1.3718389418959762,2.2008109281304025
2019-12-13,2.3901796218427727,2.4661971775735925,2.4399525525758583,2.3766906321985424,1.7564717889089174,1.372586137507423,2.2079727993261735
2019-12-16,2.3863762613429076,2.4899563025983866,2.439176790060084,2.372362556331526,1.7567846204034532,1.3733337400917769,2.194853817366392
2019-12-17,2.394450841076977,2.465246812572601,2.439179149523247,2.380370046226767,1.757097507613967,1.3740817498707023,2.208969247224797
2019-12-18,2.4209963550626625,2.474940535582717,2.4403657019329406,2.405678061676065,1.7574104505503825,1.3748301670659848,2.242295133352378
2019-12-19,2.4344806419869256,2.518467252628139,2.457828074380156,2.418192703148995,1.7577234492226241,1.3755789918995305,2.258312837171579
2019-12-20,2.4452411863158825,2.5317723626420237,2.486482275722945,2.4301914644102123,1.7580365036406187,1.3763282245933668,2.2581133514406933
2019-12-23,2.459563087595854,2.5580024366693968,2.484631727028774,2.4436692068564034,1.7583496138142947,1.3770778653696416,2.2726718867721267
2019-12-26,2.4855575973243855,2.6003887157136285,2.49393348929924,2.46830485494802,1.7586627797535823,1.3778279144506242,2.2989543770052703
2019-12-27,2.4748754456942463,2.603049737716405,2.492590663081695,2.458257189567077,1.7589760014684135,1.3785783720587048,2.285827548999043
2019-12-30,2.462776958238553,2.593356014706289,2.4691474646340286,2.4455932929329944,1.759289278968722,1.3793292384163944,2.268396772214945
2020-01-02,2.509559353565852,2.653599904428449,2.518909871651859,2.4924578397012396,1.7595899161537345,1.3794670024847837,2.3258251245706916
2020-01-03,2.509340753789132,2.6700952551857062,2.5381219751383983,2.4910837294022268,1.7598906047133094,1.3796047803127152,2.3088298033643384
2020-01-06,2.490399765870042,2.649296769448294,2.5134913537543166,2.4727434823553884,1.760191344656226,1.379742571901563,2.2925739720355063
2020-01-07,2.487393291263431,2.6593374177353204,2.5154214688342713,2.469401630417292,1.760492135991265,1.3798803772527013,2.28833749925707
2020-01-08,2.4821498435228606,2.6973484433933494,2.511519888705192,2.463438641134465,1.7607929787272087,1.3800181963675047,2.2801989914299527
2020-01-09,2.4762498364979098,2.686590605942964,2.5134721628458028,2.4580565289851273,1.7610938728728402,1.380156029247348,2.2743160258048554
2020-01-10,2.476681166294377,2.6987828217200676,2.5200183227445314,2.458110674571811,1.7613948184369455,1.3802938758936059,2.265612994935959
2020-01-13,2.514282862399802,2.8027752504071284,2.573013658293455,2.4944797267116616,1.7616958154283107,1.3804317363076535,2.301348990380544
2020-01-14,2.521335133072786,2.797037737100256,2.5824826185922576,2.5017141515264094,1.761996863855724,1.3805696104908658,2.307373184841667
2020-01-15,2.506606411942559,2.77910800801628,2.5715678539841664,2.487165471017614,1.7622979637279752,1.3807074984446184,2.2834809926582516
2020-01-16,2.510724016096623,2.7676329814025356,2.572092905866633,2.491764416511586,1.7625991150538556,1.380845400170286,2.289166630215236
2020-01-17,2.5404712304625194,2.8120987095307957,2.595451854198299,2.5210192962051843,1.7629003178421576,1.3809833156692444,2.3239656115630254
2020-01-20,2.5536314729080707,2.819270601164386,2.621725767726938,2.5341792925177824,1.7632015721016758,1.3811212449428694,2.331484674023243
2020-01-21,2.5257295926091112,2.768350170565894,2.5932182117157656,2.5067328670884703,1.7635028778412054,1.3812591879925364,2.295479363034404
2020-01-22,2.5506132184460517,2.8644535184560054,2.632630117556815,2.529732085670558,1.763804235069544,1.3813971448196218,2.3222602733680198
2020-01-23,2.570097092667317,2.9046161116041116,2.6484349540192227,2.548486482168803,1.76410564379549,1.3815351154255016,2.344548341355581
2020-01-24,2.5486834797319267,2.8178362228376677,2.6159797801541176,2.5283052179840553,1.7644071040278437,1.3816730998115516,2.3219660466263004
2020-01-27,2.4785923948984068,2.649296769448293,2.5309686071125754,2.4600440586294665,1.7647086157754068,1.3818110979791485,2.2455745846155826
2020-01-28,2.5075278141027293,2.6679436876956286,2.5567626025945707,2.4897317625782587,1.7650101790469828,1.3819491099296686,2.284748717612739
2020-01-29,2.493620070240802,2.634952986181113,2.542434032866971,2.4758703817447403,1.7653117938513758,1.3820871356644886,2.263287034467086
2020-01-30,2.484387526585122,2.6263467162208043,2.511725587000147,2.4675802217097815,1.7656134601973923,1.382225175184985,2.2660959190947008
2020-01-31,2.45139993497081,2.5739919072955946,2.4768866990654965,2.434651153282056,1.7659151780938402,1.382363228492535,2.2314267898155897
2020-02-03,2.4748303622311143,2.611285743790264,2.515015494335823,2.4575689150700937,1.7662028352519745,1.382527617809115,2.248465264277395
2020-02-04,2.4971926794956363,2.6543170935918066,2.5461538213870867,2.4796279521716316,1.7664905392677617,1.382692026674716,2.2666582844737073
2020-02-05,2.5117615997177127,2.6665093093689105,2.562003202900626,2.4940379990778747,1.7667782901488347,1.3828564550916624,2.2759079886287186
2020-02-06,2.49375044367573,2.6442764453047802,2.528703426937966,2.4767765328023246,1.7670660879028277,1.383020903062279,2.2594646367898306
2020-02-07,2.4659006264897396,2.5754262856223122,2.4791065627937683,2.449880946996506,1.7673539325373757,1.383185370588892,2.231617448744224
2020-02-10,2.4415020462870136,2.508727693429922,2.4324191439171994,2.4268682878402235,1.7676418240601157,1.383349857673826,2.2080795055578393
2020-02-11,2.4950877737678723,2.6091341763001883,2.4978514105263376,2.4789417950913966,1.7679297624786852,1.383514364319407,2.2630079113647765
2020-02-12,2.5289202552587913,2.672964011839143,2.537423949999487,2.511493393678618,1.7682177478007235,1.3836788905279618,2.2885766075225087
2020-02-13,2.504182682613059,2.6535999044284484,2.527918348724082,2.4870386053938005,1.7685057800338704,1.3838434363018162,2.268731406095862
2020-02-14,2.487718787644622,2.6320842295276776,2.511147314686405,2.470756819736932,1.7687938591857681,1.384008001643297,2.243590907922912
2020-02-17,2.510216636814504,2.6751155793292196,2.5434184654239353,2.493163915803326,1.769081985264059,1.3841725865547312,2.261800993270244
2020-02-18,2.4937141099547784,2.6328014186910367,2.524377103376457,2.47765215186805,1.7693701582763872,1.3843371910384463,2.2552928938945733
2020-02-19,2.5256491706980992,2.639256121161268,2.5494777068185854,2.509281794095091,1.7696583782303978,1.3845018150967694,2.2855060572459256
2020-02-20,2.4991674323291444,2.63064985120096,2.5341664272421793,2.4826667465146364,1.769946645133738,1.3846664587320288,2.2476224027379503
2020-02-21,2.4854196654989287,2.6249123378940875,2.524541220825548,2.4688233922875176,1.7702349589940547,1.384831121946552,2.229874253375118
2020-02-26,2.3194926971780574,2.366724239084833,2.3413727632679655,2.304726092749918,1.7705233198189976,1.3849958047426676,2.0736765337892877
2020-02-27,2.264414788321019,2.337319483387112,2.280765177206447,2.24876342630706,1.7708117276162165,1.3851605071227042,2.020034094994825
2020-02-28,2.267195353696916,2.274924026174875,2.273251597736025,2.2529894719262558,1.771100182393363,1.3853252290889908,2.04333744139248
2020-03-02,2.337852840558251,2.438443155420736,2.363845949234425,2.3218943640567775,1.7713724736279621,1.3853713748681418,2.0914697979191836
2020-03-03,2.3171052924948214,2.381068022352013,2.3432815611261657,2.302218145717159,1.771644806724968,1.3854175221844285,2.0701232555051243
2020-03-04,2.37170476795207,2.477888559405483,2.403344178507272,2.355887438650333,1.7719171816908168,1.3854636710379022,2.1032155255997806
2020-03-05,2.2696909654140933,2.4061696430695787,2.2994103945377353,2.254484729787108,1.7721895985319456,1.385509821428614,2.0053168733740248
2020-03-06,2.184533481671776,2.291419376932132,2.20296359930964,2.1694527598006674,1.772462057254792,1.385555973356615,1.922218022407912
2020-03-09,1.9727062875652746,2.043989115573263,1.9513282887115309,1.956758910626057,1.7727345578657951,1.3856021268219567,1.6882181216604
2020-03-10,2.065479655168055,2.2053566773290467,2.0701421601655223,2.050751471157369,1.773007100371395,1.38564828182469,1.8087975364983326
2020-03-11,1.94286500719628,2.0798485737412147,1.9332992085451426,1.9276509130264337,1.7732796847780325,1.3856944383648666,1.6706416045635706
2020-03-12,1.703654997937649,1.6853945338937422,1.6568115269097023,1.6876154006932487,1.7735523110921494,1.3857405964425373,1.4237147538430392
2020-03-13,1.873063088493089,1.8862074996342735,1.8460523085116989,1.8617040198147814,1.7738249793201886,1.3857867560577535,1.6217368047642726
2020-03-16,1.6529510526423623,1.6925664255273325,1.5868116826468972,1.6412959943250798,1.7740976894685943,1.3858329172105661,1.3959695644012289
2020-03-17,1.722062070656,1.7399009103090293,1.670089947705468,1.7102402994631278,1.774370441543811,1.3858790799010268,1.4636258267526223
2020-03-18,1.5867816503558327,1.5455426470387292,1.4658649444647351,1.5759820281445411,1.7746432355522852,1.3859252441291865,1.3121522117318376
2020-03-19,1.5803283693912376,1.5548661061623965,1.505652291927738,1.5718309434995679,1.7749160715004633,1.3859714098950964,1.3403361913211325
2020-03-20,1.553829333602773,1.545542647038729,1.4930368626876058,1.5443066752255077,1.775188949394793,1.386017577198808,1.315573284133389
2020-03-23,1.4794027062949031,1.475975298192902,1.4309663196025515,1.471440393847319,1.7754618692417237,1.386063746040372,1.2469254776624017
2020-03-24,1.6021469198678728,1.564906754449423,1.511426465881436,1.593967972166561,1.7757348310477048,1.38610991641984,1.367748316091317
2020-03-25,1.7063957591833434,1.6983039388342045,1.6191931406336875,1.6964053123238307,1.7760078348191872,1.3861560883372634,1.470262208987683
2020-03-26,1.7694227361227528,1.7312946403487206,1.7093321376271147,1.7602677528770256,1.776280880562623,1.3862022617926932,1.5242840041278025
2020-03-27,1.7045233141513956,1.759265017719723,1.6529157314858165,1.6930132678370402,1.7765539682844647,1.3862484367861807,1.440314045855039
2020-03-30,1.7246556468893572,1.7814978817838532,1.6605948093471876,1.713831015336653,1.7768270979911662,1.3862946133177771,1.4640620669350117
2020-03-31,1.689109880135175,1.8252464207487544,1.6081814486544868,1.6772805972367626,1.7771002696891824,1.3863407913875334,1.432291071061836
2020-04-01,1.6395823059838313,1.7736360757277567,1.5623668478492079,1.6281178944073733,1.7773530988940942,1.3861358423155863,1.39202006077155
2020-04-02,1.661574121062273,1.7978424565488051,1.5957269940666379,1.65032250724365,1.7776059640691804,1.3859309235421935,1.4172600075832014
2020-04-03,1.6096231723434666,1.7424712371220714,1.5957269940665901,1.6022879110698067,1.7778588652195588,1.3857260350628764,1.3639873137274992
2020-04-06,1.7025716356208795,1.8426844143485215,1.6769033498623724,1.6930921021525913,1.7781118023503473,1.3855211768731561,1.4529501036560784
2020-04-07,1.768092643936273,1.914403719828154,1.6641152938124097,1.760140028958324,1.7783647754666654,1.3853163489685547,1.4977728016407625
2020-04-08,1.8025425276027982,1.9504115736955576,1.6880233986015878,1.7908682950523704,1.778617784573632,1.3851115513445953,1.5422310507680368
2020-04-09,1.792483918902722,1.9395091916269611,1.698253843441581,1.782735591820766,1.778870829676368,1.3849067839968012,1.523740273109105
2020-04-13,1.8017360761063117,1.950090806199684,1.7122651048529054,1.791672726233996,1.7791239107799945,1.3847020469206963,1.5463737632914454
2020-04-14,1.8512996903226333,2.0021853474959563,1.763083727590798,1.8401063382323626,1.7793770278896335,1.3844973401118057,1.5676079110901684
2020-04-15,1.832197633365481,1.9807000265681463,1.7464036544820762,1.8204935267891207,1.7796301810104072,1.3842926635656547,1.5462882413851857
2020-04-16,1.8125439666579546,1.9590756576112507,1.7886598396907802,1.8022311333573444,1.7798833701474392,1.3840880172777699,1.526288472843556
2020-04-17,1.8291870664647065,1.97702498418806,1.8025599006147168,1.8180434812617132,1.7801365953058537,1.3838834012436776,1.549403710277671
2020-04-20,1.8300725814644219,1.9763647903022268,1.7925518567494956,1.8171711631983472,1.780389856490775,1.3836788154589053,1.5490598572921819
2020-04-22,1.8751220604022651,2.0235740594842437,1.8136799493538924,1.8596535239256506,1.780643153707329,1.3834742599189809,1.5826878162079285
2020-04-23,1.8616021932108735,2.0093635661336733,1.8517105160417278,1.8483232863140644,1.7808964869606418,1.3832697346194338,1.562801030735119
2020-04-24,1.7653508694182036,1.9091339819674098,1.9198764148125518,1.7608408860680063,1.7811498562558405,1.3830652395557927,1.4776186621353111
2020-04-27,1.8291113937827634,1.9762466732566166,1.9456749278874148,1.8199940529829963,1.7814032615980528,1.3828607747235884,1.5346592236454708
2020-04-28,1.8945821785908126,2.04623840773499,1.892076292964837,1.8813943623531848,1.781656702992407,1.382656340118351,1.5949488329888564
2020-04-29,1.930796364422048,2.084880908692574,1.8770642271670355,1.9148672457916442,1.7819101804440325,1.3824519357356122,1.63140489934601
2020-04-30,1.873927377612247,2.0249906144360983,1.8959683100235183,1.8626318428704558,1.7821636939580587,1.3822475615709042,1.5791323802609922
2020-05-04,1.8310394235452854,1.9803362777224356,1.8815122466626062,1.82130596338238,1.782373435034892,1.381997002447412,1.547166213982476
2020-05-05,1.8528116577225684,2.0048078048186877,1.915317194829594,1.8462947288720488,1.7825832007959446,1.3817464887426103,1.5588285774195856
2020-05-06,1.840258916500693,1.991480356595292,1.9421165122909052,1.8338124985310529,1.7827929912441214,1.3814960204482662,1.550843263649323
2020-05-07,1.829470214196893,1.9836945281730414,2.034968919262689,1.8277513725203622,1.783002806382328,1.3812455975561484,1.5323048212582329
2020-05-08,1.859218013438417,2.0163636995591756,2.0099488095996656,1.8552844920597051,1.78321264621347,1.3809952200580264,1.5743749299985519
2020-05-11,1.8474683748777756,2.0059542820496508,2.03941693875836,1.8484145480775385,1.7834225107404535,1.380744887945672,1.5508613095561488
2020-05-12,1.8068084581865436,1.961244031208663,2.014952831532226,1.8067715986585688,1.7836323999661852,1.380494601210858,1.5274673413220445
2020-05-13,1.801958956090564,1.9583911657781063,1.9916007291800333,1.80344144931612,1.783842313893571,1.380244359845359,1.525510733489611
2020-05-14,1.8237059661288977,1.9801090709127867,1.9807030814157014,1.822964654333898,1.7840522525255191,1.379994163840951,1.5498062124603431
2020-05-15,1.8092432616687313,1.964449792658392,2.0016087730452585,1.8108732156840743,1.7842622158649362,1.379744013189411,1.5212821067576205
2020-05-18,1.8823476179340943,2.0424863374432958,2.024627273935349,1.879959711329088,1.7844722039147305,1.3794939078825181,1.592635426194298
2020-05-19,1.8777253189013927,2.037128350570434,2.0460889680018792,1.8747951614536382,1.7846822166778102,1.379243847912053,1.583770570617456
2020-05-20,1.8845400979593177,2.042700858777082,2.0260728802714385,1.8795684497577163,1.7848922541570835,1.3789938332697975,1.5950904541272042
2020-05-21,1.912463470631318,2.0717566249671737,1.9665806195170847,1.9048945579717071,1.7851023163554594,1.3787438639475345,1.6285860110091774
2020-05-22,1.9028592657595709,2.062985241566983,1.9654686146431646,1.896881213662484,1.785312403275847,1.3784939399370495,1.611837055661224
2020-05-25,1.9764874618966404,2.1412271575737205,1.9571285780888734,1.9684637168195358,1.7855225149211555,1.3782440612301285,1.6802991069826059
2020-05-26,1.9677077270571248,2.130641498416403,1.9143163904431895,1.956763882021351,1.785732651294295,1.3779942278185595,1.6764825938401842
2020-05-27,2.017476887572588,2.1817451876344376,1.9226564269975877,2.0001659109538785,1.7859428123981762,1.3777444396941319,1.725075905595582
2020-05-28,2.0100430492104513,2.1740524429822745,1.9560165732149912,1.9949207747356366,1.7861529982357092,1.3774946968486361,1.7055164964107254
2020-05-29,2.0055846293149546,2.169450509056522,1.9532365610302074,1.9894643940293029,1.7863632088098045,1.377244999273865,1.7144119515687064
2020-06-01,2.044324556900624,2.2102618185610727,1.9699166341389438,2.027203348148179,1.7865437880377488,1.3774153009910288,1.7382935515894202
2020-06-02,2.0922044850588515,2.259672431396547,1.9293284562411346,2.068993258967202,1.7867243855200197,1.3775856237666646,1.7858853155160055
2020-06-03,2.135718025071821,2.304568073362007,1.904864349015066,2.1087027226216177,1.7869050012584624,1.377755967603376,1.8242477750083386
2020-06-04,2.15221721137492,2.3221121431969394,1.9124259821576945,2.123525177598399,1.7870856352549227,1.3779263325037674,1.8404590800235905
2020-06-05,2.1693794197654617,2.339020765619942,1.9004163295194405,2.1376787394113994,1.7872662875112462,1.3780967184704433,1.8563169206464567
2020-06-08,2.2302441207356916,2.402576092350766,1.8792882369151256,2.192929612390104,1.7874469580292784,1.3782671255060088,1.915311540023955
2020-06-09,2.2121013989511473,2.383914037204073,1.880956244225983,2.176451151393887,1.7876276468108656,1.378437553613069,1.8976948119390908
2020-06-10,2.1658162778294625,2.335822709280126,1.8960795105111765,2.134698326660214,1.787808353857854,1.3786080027942296,1.8572764921267837
2020-06-12,2.1139615897250796,2.2807192328468098,1.843704080949794,2.0846658974277497,1.78798907917209,1.3787784730520964,1.8201899959377068
2020-06-15,2.1161879043082146,2.2826921588641667,1.888184275906349,2.08777302155551,1.7881698227554201,1.3789489643892756,1.8119565509485942
2020-06-16,2.1478890593808546,2.3185787303532193,1.9593525878368558,2.122670062464613,1.7883505846096914,1.3791194768083739,1.834624759886457
2020-06-17,2.1928157383341778,2.3663603984371915,1.9599085902738476,2.1657066123343123,1.7885313647367505,1.379290010311998,1.8741711877874685
2020-06-18,2.2102226719243454,2.3859489189593956,2.0066127949782424,2.1847758912271993,1.7887121631384448,1.379460564902755,1.8855077441459145
2020-06-19,2.216494687812213,2.3925844565257375,1.9715846414499614,2.189586601073454,1.7888929798166213,1.3796311405832526,1.8942729549328945
2020-06-22,2.200739190606769,2.3735315671684623,1.9654686146434197,2.17361260290733,1.7890738147731278,1.3798017373560985,1.8700259252989655
2020-06-23,2.2043276155330926,2.376203883785681,1.936000485484711,2.17325463450065,1.789254668009812,1.3799723552239012,1.8825639075194318
2020-06-24,2.171788783853484,2.3419464248248074,1.948343739585128,2.1429999832172206,1.7894355395285217,1.3801429941892687,1.8512228749914885
2020-06-25,2.2002504252025292,2.3736423897628027,1.9688046292651673,2.1720730372018147,1.7896164293311052,1.3803136542548098,1.8827194553902202
2020-06-26,2.158299252954007,2.3297907982979242,1.9715846414499185,2.1330212930169803,1.7897973374194105,1.3804843354231338,1.8405744169063434
2020-06-29,2.1949863742633338,2.3680152256311473,1.9828158906764795,2.166821346273825,1.7899782637952864,1.3806550376968503,1.8778600065239839
2020-06-30,2.190648254627437,2.3633320542983505,2.020735256876937,2.164183825406446,1.790159208460581,1.3808257610785688,1.8645309466706146
2020-07-01,2.214332486394026,2.314240392833702,1.9790866726246086,2.184297659366321,1.7903103279690804,1.3810620488438616,1.8870369385982093
2020-07-02,2.220153882047146,2.356691155089806,2.0152806840336353,2.191887479851857,1.7904614602346047,1.3812983770428644,1.8876599146860098
2020-07-03,2.233573799169579,2.3654845816709344,2.0234116502763415,2.2046175948731555,1.790612605258231,1.3815347456824958,1.898053768563987
2020-07-06,2.279923184906751,2.385738987095276,2.0399459783179035,2.248939188420699,1.790763763041036,1.3817711547696763,1.9406638814509414
2020-07-07,2.2559016200426787,2.3748326712229706,2.0305374611628118,2.225796125062992,1.7909149335840975,1.382007604311327,1.917594151086212
2020-07-08,2.296079835170661,2.3771957219836177,2.0326915845502156,2.2637961368350252,1.7910661168884918,1.3822440943143708,1.9569977809419095
2020-07-09,2.2811568674454614,2.3620324981939436,2.0188935672021207,2.248982362705944,1.7912173129552968,1.3824806247857313,1.9450413869142416
2020-07-10,2.3032070905674162,2.376864771771636,2.0325946261190544,2.2697475624879284,1.7913685217855897,1.3827171957323336,1.9621359606081343
2020-07-13,2.2777514443505384,2.385485868761786,2.0392878146735347,2.246205950298664,1.791519743380448,1.3829538071611038,1.9359542920718202
2020-07-14,2.3071975592164966,2.4000250081543824,2.0543631548614103,2.2740595809804063,1.791670977740949,1.3831904590789694,1.9701467740293461
2020-07-15,2.334128052258048,2.4356886157207254,2.085643320786101,2.300731141828076,1.7918222248681703,1.3834271514928587,1.9966332614700812
2020-07-16,2.315882667042938,2.3975553553194655,2.051083550718842,2.282011682086575,1.7919734847631898,1.3836638844097013,1.9723640667549431
2020-07-17,2.3604938797069948,2.430775855831659,2.0809162834142323,2.3251926612991047,1.7921247574270855,1.3839006578364283,2.018164970580264
2020-07-20,2.396978394180196,2.4352414898208763,2.0848559218097025,2.3595959188235485,1.792276042860935,1.3841374717799717,2.048335372978486
2020-07-21,2.382749193790768,2.3786745048053777,2.0360476926690114,2.3433694302477472,1.7924273410658165,1.384374326247265,2.046047661986038
2020-07-22,2.3753109229058706,2.339152438783631,2.0036333568622386,2.3345775911348046,1.792578652042808,1.3846112212452424,2.045652025094006
2020-07-23,2.3414816973771386,2.3650811055018024,2.0241716124946567,2.304694067363105,1.7927299757929878,1.3848481567808395,2.0064951533990305
2020-07-24,2.3349425857838324,2.3471517165198517,2.008393344254684,2.2978061358022215,1.7928813123174339,1.3850851328609932,2.0082265796984684
2020-07-27,2.374557685958581,2.3358001115086733,1.9979051868064723,2.334551509242328,1.793032661617225,1.3853221494926415,2.0493300555166587
2020-07-28,2.368368447771496,2.3268287449110967,1.99198503725109,2.3278948116740463,1.7931840236934393,1.3855592066827236,2.0421114966353167
2020-07-29,2.397139008674633,2.3655998962554152,2.0250543535428065,2.3563475586681073,1.7933353985471554,1.38579630443818,2.0714576718544024
2020-07-30,2.39213106672409,2.346536412602803,2.0090886818199998,2.3509518005037147,1.793486786179452,1.3860334427659522,2.0597578435455137
2020-07-31,2.359485414917206,2.3908463475311756,2.0431298511504745,2.3233187866956686,1.7936381865914077,1.3862706216729828,2.0186355372158533
2020-08-03,2.3675401998240355,2.4542795988339026,2.099869393823621,2.3336412147603776,1.7937749511576089,1.3864289074086331,2.0170216054619425
2020-08-04,2.3333599224415953,2.447096233488809,2.0915547293454524,2.3012877927407365,1.793911726152082,1.386587211217504,1.9853610426924921
2020-08-05,2.366963048254383,2.468366488504148,2.110869927398055,2.3328603197811764,1.7940485115756224,1.3867455331016585,2.01646845918751
2020-08-06,2.396947460265398,2.5019479917247645,2.1394218663451032,2.363129405876265,1.7941853074290248,1.3869038730631604,2.042436519109336
2020-08-07,2.3797030084957362,2.5504881065492304,2.185435346775309,2.3492264899022617,1.7943221137130845,1.3870622311040741,2.015954346994146
2020-08-10,2.391941871512122,2.5767756550079497,2.205131454908172,2.3615971206760595,1.7944589304285972,1.3872206072264641,2.0290754866166996
2020-08-11,2.36731376179338,2.529522283512824,2.165044484629017,2.3361904296875142,1.7945957575763578,1.3873790014323946,2.004162719941841
2020-08-12,2.36412639532589,2.575842939758619,2.204930315275845,2.335104984127701,1.7947325951571622,1.3875374137239305,2.003052308218592
2020-08-13,2.3312610392839876,2.541968673944065,2.1774597230719235,2.3029073446541375,1.794869443171806,1.3876958441031364,1.9705463339446014
2020-08-14,2.350884427186483,2.5692913743960544,2.198626997102411,2.321791308001336,1.7950063016210844,1.3878542925720783,1.9880596903675416
2020-08-17,2.3142197409946754,2.6113365597188287,2.235066972917126,2.2894022969843824,1.7951431705057932,1.3880127591328213,1.9535755316333916
2020-08-18,2.36598952320659,2.6020788066732727,2.2267997757926086,2.3370602541793724,1.795280049826728,1.3881712437874312,2.002023691529541
2020-08-19,2.3470307606908056,2.6254390657107347,2.248334075226111,2.320355037281051,1.7954169395846848,1.3883297465379738,1.9782574283915815
2020-08-20,2.366485544113874,2.635979989757537,2.2561760226842944,2.3386654070939517,1.7955538397804593,1.3884882673865158,1.9903040519533766
2020-08-21,2.370346489404535,2.6829019577336357,2.299157630083252,2.3447309993830445,1.7956907504148474,1.3886468063351234,1.9913518914562196
2020-08-24,2.3864551418918993,2.689711014384469,2.3033492871024746,2.3601499344581582,1.795827671488645,1.3888053633858632,2.0065861675378023
2020-08-25,2.3846975274304376,2.6659370278869003,2.282423405218918,2.357129079198336,1.795964603002648,1.388963938540802,2.0030493659511746
2020-08-26,2.3538599880684368,2.7402746301775447,2.345212295260456,2.3313352281681867,1.7961015449576525,1.3891225318020073,1.9738167622543923
2020-08-27,2.359504294821168,2.728828230671261,2.3360099269787584,2.3362295830233046,1.7962384973544547,1.3892811431715462,1.9737443824759295
2020-08-28,2.3851034488206833,2.665369850342049,2.2808703778546855,2.3578127331522927,1.7963754601938506,1.3894397726514862,2.0035454322377135
2020-08-31,2.335500795776702,2.687941715259016,2.301735148875415,2.312450777839419,1.7965124334766371,1.3895984202438956,1.949137415461297
2020-09-01,2.3819861087259406,2.6596816582433247,2.277739087602169,2.3544602255669846,1.7966466191048187,1.3900206592948714,2.0040303179080667
2020-09-02,2.3923331863229,2.6861035086541216,2.2972550460365038,2.3652417463190116,1.7967808147556326,1.390443026646091,1.998998648322344
2020-09-03,2.3474995247241783,2.569677137735825,2.200276774463168,2.319035629772097,1.7969150204298268,1.3908655223365396,1.9756611716226504
2020-09-04,2.3525088503450764,2.5405953726951096,2.1741421095755276,2.3225980764355856,1.79704923612815,1.3912881464052136,1.9858682895952162
2020-09-08,2.3384424169914646,2.506704706915594,2.141266164144808,2.307712421756757,1.7971834618513514,1.3917108988911215,1.962500801767867
2020-09-09,2.3614722269586585,2.5290082147802195,2.1627111840913225,2.3305806012638928,1.7973176976001795,1.3921337798332842,1.986855322238104
2020-09-10,2.30751138853279,2.497884848230522,2.1382393979899703,2.2786034088617115,1.797451943375383,1.392556789270734,1.9386519589910647
2020-09-11,2.2906027156218665,2.502991731370454,2.140470325179439,2.2624333261430625,1.7975861991777111,1.3929799272425147,1.929405981708115
2020-09-14,2.332362705362256,2.50420179037865,2.140095586181264,2.3013449923341813,1.7977204650079124,1.3934031937876823,1.9668963531379922
2020-09-15,2.335091641290309,2.520120170773378,2.1528009735726434,2.304519123037462,1.797854740866736,1.3938265889453052,1.967355150703913
2020-09-16,2.3245845206660314,2.4939709179599987,2.1341725411646273,2.2934150212753432,1.7979890267549312,1.3942501127544629,1.9551500370039117
2020-09-17,2.322256154456974,2.4714105897880314,2.1158655094751255,2.289880906826694,1.798123322673247,1.3946737652542471,1.9634305582716993
2020-09-18,2.290370034050174,2.513838797834189,2.1531478103117045,2.2617785439744336,1.7982576286224323,1.3950975464837612,1.927964074522529
2020-09-21,2.259227142885084,2.481357601611267,2.1233872336090815,2.2317666478117473,1.7983919446032366,1.3955214564821206,1.902484234840796
2020-09-22,2.2724651270063823,2.547513868046643,2.177641344013486,2.2471594777545545,1.7985262706164091,1.395945495288453,1.9084240843026254
2020-09-23,2.2459475974262975,2.5454261512405703,2.178635061434732,2.2217912047495183,1.7986606066626991,1.3963696629418971,1.877849610512442
2020-09-24,2.267696205114243,2.505128280802267,2.1448977924954433,2.240801974149742,1.7987949527428562,1.3967939594816043,1.9029030175698431
2020-09-25,2.269330609812433,2.5744479659416446,2.2016149614121026,2.245097725127515,1.7989293088576297,1.3972183849467374,1.9026541017463487
2020-09-28,2.2404121027156134,2.6560319305888855,2.2730295266249803,2.2217353589995366,1.799063675007769,1.3976429393764713,1.856891839699774
2020-09-29,2.2132217785263295,2.6650386572691738,2.299030434163892,2.196496377274652,1.799198051194024,1.398067622809993,1.8355894312969723
2020-09-30,2.236398656579332,2.6523517707757427,2.2682355724887913,2.217902658730098,1.7993324374171442,1.398492435286501,1.855656283535714
2020-10-01,2.257899728820318,2.658936556701204,2.290981777244426,2.239007003954323,1.799466833677879,1.39906283051048,1.8728222562522643
2020-10-02,2.231969080848895,2.6563026423310196,2.2797093598556706,2.2128084416412626,1.7996012399769783,1.3996334583783425,1.8441284797951503
2020-10-05,2.2691489618331113,2.7346615948440074,2.306074087814674,2.24965485013548,1.7997356563151918,1.4002043189849762,1.8848006192099807
2020-10-06,2.2587222931178617,2.7142487584750774,2.2893929611717874,2.2394322751327023,1.7998700826932694,1.4007754124253065,1.8754999157530716
2020-10-07,2.263248903527759,2.782730532099873,2.3365232732216428,2.243859073649561,1.8000045191119614,1.401346738794298,1.8737586818955765
2020-10-08,2.3089106915881517,2.804460325653895,2.3491555676328653,2.289129543587702,1.8001389655720172,1.401918298186954,1.920706873862441
2020-10-09,2.3063818535150795,2.7669270458787665,2.332307577614531,2.286629687508722,1.8002734220741872,1.4024900906983169,1.9121464448876977
2020-10-13,2.327310967715774,2.808411197209171,2.377696310455454,2.3077791118641837,1.8004078886192212,1.4030621164234671,1.932144251917716
2020-10-14,2.341515611940796,2.7919492323955186,2.3669713884982855,2.322061495299208,1.8005423652078694,1.4036343754575247,1.9484563786297968
2020-10-15,2.3470474024453343,2.850553827132123,2.3914275024225815,2.3271658219754188,1.8006768518408818,1.4042068678956474,1.9429568885247401
2020-10-16,2.333501978313288,2.9104753790538194,2.414274414615637,2.313536498562937,1.800811348519009,1.404779593833033,1.9283448039263136
2020-10-19,2.3315264301946512,2.8709666635010525,2.373363614002006,2.3113788963202575,1.800945855243001,1.4053525533649172,1.9351812603457426
2020-10-20,2.3745084133001355,2.9256203866823793,2.3984348659472485,2.3538132659841726,1.8010803720136084,1.4059257465865749,1.9721004395943622
2020-10-21,2.3751201257627086,2.9427408300885785,2.402034806359353,2.3542195117880946,1.8012148988315815,1.4064991735933199,1.9723477862085677
2020-10-22,2.4043171886282613,2.9730308453456997,2.4173190041004977,2.383422349321821,1.8013494356976707,1.4070728344805048,1.9991281080886998
2020-10-23,2.396516720101837,2.9954191174922675,2.432631764380029,2.3753334906041723,1.8014839826126265,1.407646729343521,1.9862217539876008
2020-10-26,2.379207770271401,2.9328636512003867,2.3886318603211274,2.3587201159740263,1.8016185395771995,1.408220858277799,1.9814593999461316
2020-10-27,2.3568462341266936,2.9414238729034863,2.400279618903236,2.336442742435207,1.8017531065921406,1.4087952213788082,1.9537742327596315
2020-10-28,2.261740391193494,2.8235562048377316,2.3254718191079418,2.242510610743748,1.8018876836582,1.409369818742057,1.870669301107523
2020-10-29,2.2827331960327113,2.8762344922414202,2.359066412734391,2.263478342258745,1.8020222707761286,1.4099446504630921,1.8944702830010056
2020-10-30,2.2252879627537476,2.811703590171901,2.3102914913495467,2.206567798992995,1.8021568679466775,1.4105197166374999,1.8428872352474168
2020-11-03,2.2757221998987665,2.9532764875693154,2.4047445239899887,2.2560596670215527,1.8022914751705974,1.4111149983724232,1.8826531562977518
2020-11-04,2.317593700262791,2.887428628314704,2.3926255978406465,2.297981493444882,1.8024260924486388,1.411710531334139,1.9196688419176546
2020-11-05,2.37514125261138,2.9078414646836337,2.4021102639048677,2.3554431443968933,1.8025607197815534,1.4123063156286721,1.9762504097107323
2020-11-06,2.3773021667392693,2.9078414646836332,2.3666962118947015,2.3574883287780954,1.8026953571700917,1.412902351362093,1.9796577515310034
2020-11-09,2.4293054027979633,2.870966663501051,2.369999892204139,2.4090684334364663,1.8028300046150048,1.4134986386405162,2.0304618830236802
2020-11-10,2.4539327917406157,2.8103866329868086,2.360644784716715,2.4343546786688406,1.8029646621170439,1.4140951775701012,2.0609006202103513
2020-11-11,2.444014407118656,2.7985340183209786,2.3679513163089063,2.4243942741427116,1.8030993296769604,1.4146919682570525,2.0558373702876835
2020-11-12,2.396181481803484,2.79326618958061,2.358195519412057,2.376976953462793,1.8032340072955053,1.4152890108076195,2.0106869037127244
2020-11-13,2.446575617653839,2.859114048835221,2.403397771753265,2.4271779091420136,1.80336869497343,1.415886305328096,2.0541538048715657
2020-11-16,2.4889082779350296,2.89993972157308,2.4250959036114517,2.4687771309868483,1.8035033927114859,1.4164838519248204,2.0876352388699364
2020-11-17,2.4951124691979163,2.897305807202896,2.4107398173426815,2.4749272051537226,1.8036381005104243,1.4170816507041772,2.1036943305841382
2020-11-18,2.472349148988866,2.881502320981789,2.3792323470947214,2.452176853161898,1.8037728183709967,1.4176797017725948,2.081538272328028
2020-11-19,2.4789543099289224,2.903890593128357,2.3771274199221546,2.458651002875543,1.8039075462939547,1.418278005236547,2.0923424744351222
2020-11-20,2.4712560646400945,2.910475379053818,2.391310515213373,2.4506150055660503,1.8040422842800496,1.4188765612025516,2.080035558282486
2020-11-23,2.4981282330617924,2.9914682459369897,2.4447145001656927,2.477305189057274,1.8041770323300335,1.4194753697771727,2.106249984062712
2020-11-24,2.5467587556568185,3.069168719857431,2.4742666924171886,2.5254572213982236,1.8043117904446577,1.4200744310670188,2.153471022294731
2020-11-25,2.552980923842196,3.106701999632559,2.4737259621286865,2.531129712646785,1.8044465586246743,1.4206737451787428,2.160262363947097
2020-11-26,2.55497677271648,3.1672820301468017,2.4905413669097274,2.53288396170529,1.804581336870835,1.4212733122190433,2.1621171693268955
2020-11-27,2.571042431283978,3.233788367993959,2.5283247451623176,2.5486229682684733,1.8047161251838912,1.421873132294664,2.1689506834789074
2020-11-30,2.5374950259846836,3.217984881772852,2.514835358352702,2.5152375940664586,1.8048509235645955,1.4224732055123932,2.1359551159066963
2020-12-01,2.5822739229212806,3.3220244993951384,2.5311409667311104,2.559271793749579,1.8049857320136995,1.4233818492581856,2.185122169808446
2020-12-02,2.590385737573335,3.266053819028719,2.516894623013545,2.5674941291217923,1.8051205505319554,1.4242910734250736,2.1945103566832262
2020-12-03,2.5953402210566474,3.160697244221341,2.472140170156015,2.5725781769839626,1.8052553791201151,1.4252008783838173,2.2026125765455324
2020-12-04,2.6177756767212887,3.250250332807612,2.5060101403245234,2.5951055840050365,1.805390217778931,1.4261112645054135,2.231223773363803
2020-12-07,2.6141365800388847,3.266053819028719,2.4966751474303677,2.5911279617315164,1.8055250665091551,1.4270222321610961,2.2280765279832124
2020-12-08,2.616748094211532,3.2462994612523355,2.5021340063055026,2.59409962801251,1.8056599253115397,1.4279337817223354,2.2320640849381537
2020-12-09,2.5992016137834795,3.2225942319206755,2.4879153970515535,2.5768605947805376,1.8057947941868369,1.4288459135608398,2.2165308744869847
2020-12-10,2.635900549995004,3.2891005697678333,2.478541644207689,2.613277035306711,1.8059296731357994,1.429758628048555,2.2582614455673595
2020-12-11,2.6426754899722873,3.306221013174032,2.4903372525991845,2.619797232190845,1.8060645621591795,1.430671925557664,2.258249088044207
2020-12-14,2.637826950965685,3.2732970835467263,2.484128130650238,2.6150153863149543,1.80619946125773,1.431585806460588,2.248110426826881
2020-12-15,2.666482688624858,3.3490221216895293,2.520331478589163,2.643488981135675,1.8063343704322028,1.4325002711299852,2.278268864004274
2020-12-16,2.6963173106687144,3.3951156231677575,2.537335678596652,2.6725625080746287,1.806469289683351,1.433415319938753,2.3117856052116514
2020-12-17,2.7057029862687196,3.4471354319789005,2.5501107258916034,2.6823076026097805,1.806604219011927,1.434330953260026,2.3224409285874366
2020-12-18,2.7011835772812063,3.5063985053080504,2.5668128635888214,2.6775567150868134,1.8067391584186834,1.4352471714671775,2.3150479913238353
2020-12-21,2.6596532201137704,3.457012610867092,2.5587007155395556,2.636317227598938,1.8068741079043733,1.43616397493382,2.2718731592439405
2020-12-22,2.669481147680051,3.480717840198752,2.5690357976505958,2.6463020629899097,1.8070090674697494,1.4370813640338036,2.287832213865958
2020-12-23,2.7028087023559495,3.4912534976794904,2.5903820160644226,2.679022268189441,1.8071440371155645,1.4379993391412178,2.3107950418478636
2020-12-28,2.7370294704258398,3.5004721979751356,2.6229771044277377,2.713021131038149,1.8072790168425714,1.4389179006303907,2.3366252075034035
2020-12-29,2.742631063676939,3.546565699453364,2.62813435065368,2.718371118840382,1.8074140066515234,1.4398370488758898,2.3422243423983224
2020-12-30,2.7401902846190556,3.5906837651539534,2.641792214392067,2.7155951100491165,1.8075490065431734,1.440756784252522,2.334536982241841
2021-01-04,2.730632355531104,3.6499468384831038,2.6667157532571606,2.704167440967672,1.8076840165182746,1.4409280809044598,2.3313489374197314
2021-01-05,2.738886169982366,3.6993327329240624,2.689436064137204,2.709151536422272,1.80781903657758,1.4410993979224604,2.3415782204735067
2021-01-06,2.7424344293340206,3.79283669306561,2.7505162764450763,2.7149357922141886,1.8079540667218428,1.441270735308945,2.3361618984607757
2021-01-07,2.8084964028445576,4.045033994010772,2.912906012490933,2.782319392542558,1.8080891069518161,1.4414420930663352,2.4006140315948454
2021-01-08,2.8610080169650707,4.05030182275114,2.921361662050708,2.831435443581365,1.8082241572682538,1.4416134711970532,2.4533926206756203
2021-01-11,2.8289604682341607,4.004866799865458,2.8848333195324187,2.8007031886035754,1.8083592176719088,1.4417848697035212,2.417663686672836
2021-01-12,2.8398288116353823,3.9712843916456064,2.8705974345087406,2.8118973753173786,1.8084942881635346,1.4419562885881618,2.4322351679809056
2021-01-13,2.8083051114759003,3.85209976639476,2.7957078079861075,2.7804058701475958,1.808629368743885,1.4421277278533975,2.3917315224135
2021-01-14,2.8332169658492843,3.8909500033549813,2.822618643349795,2.803129470850487,1.808764459413713,1.4422991875016518,2.422084737693911
2021-01-15,2.782312468275651,3.785593428547603,2.7471048167935868,2.7518645721974435,1.808899560173773,1.4424706675353482,2.360655686255427
2021-01-18,2.805210690751135,3.8349793229885614,2.779026232524399,2.76928315202297,1.809034671024818,1.44264216795691,2.378168650376045
2021-01-19,2.7930600053276753,3.8349793229885614,2.7745801920418685,2.7557115444591753,1.8091697919676017,1.4428136887687613,2.366296797498831
2021-01-20,2.778205961575604,3.8033723505463475,2.74982564604126,2.7383783729415896,1.8093049230028782,1.4429852299733263,2.3468780286965165
2021-01-21,2.756799544001322,3.8079817006941705,2.74160242880451,2.716923295555236,1.8094400641314012,1.4431567915730301,2.3210368785759528
2021-01-22,2.7395887840123536,3.7954706074357945,2.7332082151038097,2.699241833298126,1.8095752153539246,1.4433283735702969,2.3024319409412337
2021-01-26,2.7149520218035113,3.7520110203277506,2.6999577981836724,2.6729830757162056,1.8097103766712024,1.4434999759675522,2.2844560600803105
2021-01-27,2.694547572532315,3.6157059516707055,2.620691570248864,2.652393644737684,1.8098455480839883,1.443671598767221,2.2730447701294683
2021-01-28,2.7630910140776943,3.6973572971464232,2.6882526720588946,2.723153973973181,1.8099807295930368,1.4438432419717298,2.3319087528336433
2021-01-29,2.6872331935158495,3.5854159364135847,2.609344566104519,2.6469378333285314,1.8101159211991018,1.4440149055835039,2.25706335427508
2021-02-01,2.740966641628516,3.6446790097427346,2.653886642496351,2.698712750767609,1.8102511229029377,1.444603848271214,2.3051207810582257
2021-02-02,2.753694810519708,3.578831150488124,2.6185338213067975,2.713693186721851,1.8103863347052984,1.4451930311596926,2.3191699118241624
2021-02-03,2.7854549615998114,3.661140974556388,2.669213322031826,2.744793711100623,1.8105215566069381,1.4457824543469049,2.3484142845906137
2021-02-04,2.783363562417606,3.643362052557643,2.6626950026145484,2.7427128351295917,1.8106567886086116,1.4463721179308575,2.3393148322250408
2021-02-05,2.7988822252444012,3.7612297206233967,2.7303337226419995,2.758354498875427,1.8107920307110728,1.4469620220095964,2.358526661552346
2021-02-08,2.7947679172209288,3.7783501640295953,2.733520808334836,2.755979921801502,1.8109272829150762,1.4475521666812072,2.3478579998976037
2021-02-09,2.7955837021552474,3.7974460432134327,2.7489705020457476,2.7530803589358355,1.8110625452213767,1.4481425520438165,2.3434496987020035
2021-02-10,2.7739422975525914,3.811932572249447,2.7431748392424273,2.7294952139591313,1.8111978176307288,1.4487331781955899,2.323122750023582
2021-02-11,2.78755740529909,3.8013969147687092,2.7391481783680827,2.741837813198901,1.8113331001438868,1.4493240452347333,2.340080017904673
2021-02-12,2.7913825937181267,3.819175836767454,2.7491378963423747,2.7465881966713313,1.8114683927616055,1.4499151532594936,2.342608210220686
2021-02-17,2.804773635372906,3.886340653207158,2.7880970418284714,2.7583494401487134,1.81160369548464,1.4505065023681563,2.3607927959170687
2021-02-18,2.7820861738897187,3.9258493687599243,2.7995945608465926,2.739146443466358,1.8117390083137443,1.4510980926590478,2.3381016372933514
2021-02-19,2.7741254139243345,4.016719414531288,2.8503729189512503,2.7305109143426156,1.8118743312496741,1.4516899242305348,2.323028597466231
2021-02-22,2.6830369838382433,4.0186948503089255,2.820621860183223,2.6417548781693463,1.8120096642931838,1.452281997181023,2.2099900178674035
2021-02-23,2.721693581734017,4.049643344158593,2.858537099148651,2.6813285424698816,1.8121450074450283,1.45287431160896,2.2602000074929687
2021-02-24,2.732598101217098,4.145122740077779,2.9077819572268107,2.695532229667206,1.812280360705963,1.453466867612832,2.268836935420559
2021-02-25,2.660377661583734,3.968650477275421,2.7970299213342305,2.6229866358582092,1.8124157240767427,1.4540596652911661,2.201921536004815
2021-02-26,2.6220548888777455,3.9475791623139456,2.7740781492970084,2.5841745426295812,1.8125510975581225,1.4546527047425295,2.158352636242178
2021-03-01,2.6357077343511737,4.055569651491508,2.829532754705375,2.5980325509855424,1.8127097386181799,1.4552940894408966,2.1642305019370855
2021-03-02,2.6561100733845144,4.0707146591200685,2.8548768177248953,2.6189754544349886,1.8128683935630794,1.4559357569382643,2.187866128401722
2021-03-03,2.646055059935198,4.082567273785898,2.8603121453209535,2.6088326073931363,1.8130270623940363,1.4565777073593245,2.180886089332333
2021-03-04,2.6593255384001973,4.016719414531288,2.8294337683093445,2.625606216358873,1.8131857451122662,1.4572199408288236,2.210430769526499
2021-03-05,2.72457553824027,4.184631455630546,2.9368728106623965,2.691940429118655,1.8133444417189841,1.4578624574715628,2.2597051181133962
2021-03-08,2.6327555700382663,4.141830347115048,2.8856819315302085,2.604068661770542,1.8135031522154057,1.4585052574123993,2.169658985321807
2021-03-09,2.6514669990032083,4.185289934223092,2.914787083991927,2.617183908086784,1.813661876602747,1.4591483407762444,2.1837630384128643
2021-03-10,2.667239552800044,4.0470094297884085,2.8487705337410234,2.6371218161763883,1.8138206148822236,1.459791707688065,2.212123946349514
2021-03-11,2.7098835113204385,4.13327012541195,2.90087332094952,2.677151447215644,1.8139793670550515,1.4604353582728828,2.255419803695835
2021-03-12,2.6964575283454306,4.118125117783388,2.8853756592445117,2.666298030122663,1.8141381331224464,1.4610792926557747,2.2392695016917
2021-03-15,2.7243875398394244,4.0957368456368215,2.880705521993797,2.693355706575712,1.8142969130856246,1.461723510961873,2.252810600950268
2021-03-16,2.706912115552834,4.191874720148554,2.922266396973643,2.6773990811491117,1.8144557069458023,1.4623680133163646,2.2364916089475466
2021-03-17,2.758883119538968,4.261014972365896,2.975881030475154,2.7301342279259364,1.8146145147041957,1.4630127998444924,2.286130798694176
2021-03-18,2.7193503810934208,4.214262992295122,2.9513308863295333,2.6892535287865997,1.8147733363620213,1.4636578706715537,2.2525102935225525
2021-03-19,2.7413929182941374,4.111540331857929,2.906997009842555,2.7097414056140345,1.8149321719204958,1.4643032259229019,2.2796997867248363
2021-03-22,2.727482425137995,4.06742226615734,2.8806218765753737,2.695716186373337,1.8150910213808358,1.464948865723945,2.255323689626873
2021-03-23,2.6916243036085787,3.9693089558679695,2.819724971792184,2.662893598102752,1.8152498847442577,1.465594790200146,2.2216433583511
2021-03-24,2.670682888287458,4.023962679049296,2.8399662541273965,2.6456141975251257,1.8154087620119788,1.4662409994770245,2.1981520991410677
2021-03-25,2.703451242561526,4.029230507789665,2.853959059185854,2.677489015798241,1.8155676531852156,1.4668874936801541,2.231217496526647
2021-03-26,2.7307092111220426,4.148415133040511,2.919855839288574,2.704049024172809,1.8157265582651856,1.4675342729351648,2.25143518900831
2021-03-29,2.7360008224684678,4.187923848593278,2.9435464243429315,2.7113357131068887,1.8158854772531057,1.468181337367741,2.2639515946010507
2021-03-30,2.775117365660575,4.214262992295122,2.967018435885828,2.748829482643427,1.8160444101501931,1.4688286871036236,2.2920198450052687
2021-03-31,2.7589936896948366,4.1681694908168945,2.9365106034860857,2.7338430179153494,1.8162033569576654,1.469476322268608,2.2877839606803168
2021-04-01,2.7462395937435566,4.143805782892689,2.9740847304794547,2.7140035333640165,1.8163918696036894,1.4696929053241528,2.260707058244531
2021-04-05,2.793071996564096,4.243236050367152,3.017590186974832,2.7632608376765995,1.8165804018163647,1.469909520301423,2.305137846209245
2021-04-06,2.796447183814564,4.31303478117704,3.0117016011817697,2.76891286764256,1.816768953597722,1.4701261672051238,2.304753978386882
2021-04-07,2.7905298565625953,4.378882640431652,3.043645395713235,2.765453664193381,1.816957524949793,1.4703428460399603,2.3072001795175368
2021-04-08,2.805709450618497,4.388101340727298,3.0358391217892216,2.7800795495592103,1.8171461158746085,1.4705595568106395,2.3207277443459855
2021-04-09,2.814106698475587,4.449339849834085,3.0925531935277526,2.7794626403198563,1.8173347263742,1.4707762995218678,2.3081087516959653
2021-04-12,2.8329542763181963,4.4816053008688455,3.119398632035982,2.8031810377315125,1.8175233564505997,1.4709930741783532,2.330506075880286
2021-04-13,2.8404192581479837,4.536917502642719,3.1357651238037905,2.8115119818940872,1.8177120061058392,1.471209880784804,2.340027057091162
2021-04-14,2.852133688209756,4.610008626415338,3.1349954006246556,2.826661331508481,1.8179006753419509,1.471426719345929,2.3595941161713028
2021-04-15,2.8588205274125786,4.646224949005374,3.15019738645025,2.8351957721556866,1.818089364160967,1.471643589866438,2.367557657162678
2021-04-16,2.871906270688809,4.668613221151942,3.1550813683205727,2.8490454539026646,1.8182780725649201,1.4718604923510414,2.3756638000482067
2021-04-19,2.8611871255561727,4.711414329667439,3.1413870525452277,2.8400668351569505,1.8184668005558435,1.4720774268044505,2.3721301368801577
2021-04-20,2.844069690452862,4.651492777745743,3.113058778105902,2.824180770460409,1.8186555481357698,1.472294393231377,2.3550298748025913
2021-04-22,2.8238103736578153,4.721291508555631,3.0955838618105513,2.8031410597510495,1.818844315306732,1.4725113916365336,2.3414854409742833
2021-04-23,2.8576150715703226,4.710097372482347,3.123624990693564,2.834488331901198,1.819033102070764,1.472728422024633,2.3642111222023625
2021-04-26,2.8544783851989486,4.797675025290981,3.133108176729939,2.833417380332974,1.8192219084298995,1.4729454844003895,2.3654772779475612
2021-04-27,2.833222189811988,4.793724153735704,3.137434515916824,2.811899466223231,1.819410734386172,1.4731625787685176,2.3418167402854597
2021-04-28,2.8513372800377246,4.760800224108399,3.0965130832455725,2.8324032368684904,1.819599579941616,1.473379705133733,2.374459235767608
2021-04-29,2.836516576979142,4.76409261707113,3.1012536455425983,2.8199893495106143,1.8197884450982653,1.4735968635007508,2.3551036276391826
2021-04-30,2.821612822350867,4.7048295437419805,3.1062778821637154,2.8041328383342115,1.8199773298581547,1.4738140538742885,2.332116476913296
2021-05-03,2.82150399849316,4.5770846967880345,3.0779535469084083,2.803823828781235,1.820211128039906,1.474394318216478,2.338307792163715
2021-05-04,2.7931117810228843,4.609350147822794,3.075908598622759,2.774681321012576,1.820444956255872,1.4749748110180898,2.308934548084391
2021-05-05,2.822797497520879,4.707463458112164,3.075304035068903,2.808990288422107,1.8206788145099109,1.4755555323690714,2.345270373779761
2021-05-06,2.817971792714041,4.779896103292237,3.080395187605651,2.805615322317275,1.8209127028058814,1.476136482359407,2.3522566896863064
2021-05-07,2.8519699695978,4.836525262251203,3.089892454353872,2.845062956131981,1.8211466211476426,1.4767176610791148,2.3937916980590184
2021-05-10,2.8434266109030033,4.846402441139394,3.070711497684792,2.8414767137107186,1.8213805695390546,1.47729906861825,2.391259778870943
2021-05-11,2.8554769759656864,4.915542693356736,3.0726642862280253,2.8533031151862236,1.8216145479839778,1.4778807050669023,2.411953334069547
2021-05-12,2.793153783845711,4.816770904474819,3.0386926406039474,2.7888932324404156,1.8218485564862725,1.4784625705151968,2.348126138534889
2021-05-13,2.811886238149422,4.694293886261241,3.024201335082438,2.8096620190761623,1.8220825950498,1.4790446650532945,2.3676604403711194
2021-05-14,2.8348144847085774,4.580377089750764,3.0199165716140746,2.8323560693147796,1.822316663678422,1.479626988771392,2.39070643644535
2021-05-17,2.860596839538025,4.706804979519617,3.04953772303303,2.858652436146417,1.8225507623760013,1.4802095417597207,2.411440594934311
2021-05-18,2.8630286745518236,4.7318271660363695,3.033579467111675,2.8602557956420087,1.8227848911463997,1.4807923241085483,2.4122661951715756
2021-05-19,2.8570342685142,4.681782793002864,3.034277123714278,2.8521231527023923,1.823019049993481,1.4813753359081776,2.4055252643676246
2021-05-20,2.85985684129482,4.5632566463445645,3.009926099782222,2.8546746280110393,1.823253238921109,1.4819585772489472,2.4067902432058563
2021-05-21,2.861778040853357,4.552062510271281,3.03662302153636,2.8564275403299093,1.8234874579331475,1.482542048221231,2.4046655338283207
2021-05-24,2.889012528484767,4.543502288568181,3.0412155452735834,2.885703962161407,1.8237217070334613,1.4831257489154388,2.4328946281846786
2021-05-25,2.8753071117164697,4.444730499686264,3.018551556424242,2.8692516516961253,1.8239559862259158,1.483709679422016,2.4124182123214637
2021-05-26,2.890083193292184,4.48423921523903,3.0230581444692044,2.8829056505684933,1.8241902955143767,1.4842938398314427,2.4320619665056125
2021-05-27,2.9013631449467736,4.541526852790542,3.0299333397386508,2.8977927827437635,1.82442463490271,1.4848782302342358,2.439464711327271
2021-05-28,2.9170564882783667,4.490165522571946,3.00592082751028,2.9112789323536736,1.8246590043947828,1.4854628507209475,2.462900852061021
2021-05-31,2.9215332916820143,4.508602923163236,3.0035505836644583,2.9214004550874293,1.8248934039944618,1.4860477013821654,2.4757361994417852
2021-06-01,2.958320109975013,4.569182953677479,2.995419616853382,2.962365639587366,1.8251607150847133,1.4864218122861075,2.515973079430032
2021-06-02,2.969125064318681,4.557988817604195,2.9803754965691756,2.9783382097958793,1.8254280653307968,1.4867960173720653,2.542147294222223
2021-06-04,2.9795034160229403,4.503993573015414,2.961146210358262,2.9918732697886146,1.8256954547384472,1.4871703166637495,2.5524322842057634
2021-06-07,2.981692331154101,4.48423921523903,2.954034863892222,3.0011583858430804,1.8259628833134014,1.4875447101848762,2.565191721087164
2021-06-08,2.965522569157702,4.415757441614234,2.938010543321321,2.9815206671504444,1.8262303510613964,1.4879191979591675,2.5457892328312246
2021-06-09,2.968917850490832,4.467118771832831,2.9545709190350955,2.9854648403883273,1.8264978579881705,1.4882937800103515,2.548136966078984
2021-06-10,2.978324887647941,4.490824001164491,2.9751579069601464,2.994606854261335,1.8267654040994625,1.4886684563621624,2.5514591782953175
2021-06-11,2.9726958627490037,4.536917502642718,3.009182837194216,2.985246365513479,1.8270329894010122,1.4890432270383402,2.5390008334462766
2021-06-14,2.982622126694635,4.48753160820176,2.9821989665073154,2.9977610368494,1.82730061389856,1.4894180920626312,2.5540442544480637
2021-06-15,2.9729098015251267,4.436828756575709,2.955313319417179,2.991765362840148,1.8275682775978475,1.4897930514587872,2.5517516396765867
2021-06-16,2.9551678259857015,4.30644999525158,2.921738376501841,2.973211990872815,1.827835980504617,1.490168105250566,2.5354399052668284
2021-06-17,2.9307832115356405,4.178705148297634,2.871739890214966,2.9473629248433646,1.8281037226246115,1.4905432534617318,2.511857239615702
2021-06-18,2.9364349102945875,4.266282801106267,2.888106805185101,2.9524440027629355,1.8283715039635753,1.4909184961160546,2.5186858499886853
2021-06-21,2.95210213546783,4.3584698040627226,2.9172508497431466,2.972495708252246,1.8286393245272532,1.4912938332373107,2.5355471999519756
2021-06-22,2.939476544871951,4.370322418728553,2.916845474392374,2.959725425676844,1.8289071843213904,1.4916692648492813,2.52578848353379
2021-06-23,2.9334078099510412,4.400612433985674,2.9115444364776057,2.9502015826801244,1.8291750833517335,1.4920447909757553,2.5191297400663593
2021-06-24,2.9421927024171186,4.4704111647955616,2.9174559163923446,2.9622973964276214,1.8294430216240303,1.4924204116405257,2.5404246947250377
2021-06-25,2.917337659641933,4.439462670945894,2.923113523366896,2.9235508587977304,1.8297109991440286,1.4927961268673928,2.4961335663870603
2021-06-28,2.917163775293081,4.457900071537185,2.9351064302805177,2.9281059611198645,1.8299790159174771,1.4931719366801626,2.499537965939914
2021-06-29,2.9150490782068945,4.5211140164216115,2.949157855942568,2.925364837611488,1.8302470719501265,1.493547841102647,2.4975425201775736
2021-06-30,2.9099414836641424,4.496091829904859,2.963244127018655,2.919235655921962,1.830515167247727,1.4939238401586636,2.4872292844268276
2021-07-01,2.906971598876567,4.449828689886783,2.960241976448266,2.9061370302833223,1.830810557643301,1.4946036520539574,2.4649569085321574
2021-07-02,2.941991742870133,4.524078173866411,2.995728137411282,2.942876985246496,1.8311059957060496,1.4952837732984967,2.5033134834896558
2021-07-05,2.938257233265669,4.517224375345215,3.006160908975071,2.9358477495858204,1.8314014814436645,1.4959642040330514,2.489551518023637
2021-07-06,2.930408711510537,4.417844296787866,2.9743967745479387,2.9131994257712814,1.8316970148638394,1.4966449443984553,2.453750596544712
2021-07-07,2.961362507275562,4.453255589147381,3.0004287626718287,2.9473403159649596,1.8319925959742687,1.4973259945356063,2.4914867453795058
2021-07-08,2.9273730375892764,4.388715653072781,2.9666926201753765,2.912077577102125,1.832288224782648,1.4980073545854664,2.4602802725481085
2021-07-12,2.9653563302982566,4.464678586682708,3.00744811789407,2.9576825832405294,1.8325839012966743,1.4986890246890618,2.502767790959347
2021-07-13,2.971592902780275,4.489809181260428,3.010678333543063,2.9639724174063216,1.832879625524046,1.499371004987483,2.51402510224869
2021-07-14,2.9582673101798598,4.510941726700784,3.007876114245964,2.9612499243196093,1.833175397472463,1.5000532956218842,2.5187086035233786
2021-07-15,2.94680564311038,4.478957333601867,2.9943457832261244,2.9463890308008485,1.8334712171496252,1.5007358967334843,2.500297267084711
2021-07-16,2.915722737379437,4.442974891365586,2.966371455094295,2.9147404039880986,1.8337670845632352,1.5014188084635665,2.470725125727984
2021-07-19,2.899331512406598,4.381290704674818,2.9453141530237916,2.887372908684177,1.834062999720996,1.5021020309534778,2.4400139345784817
2021-07-20,2.923237145626759,4.400138650608109,2.9663932960075545,2.9146943344366023,1.8343589626306123,1.5027855643446302,2.459762237331522
2021-07-21,2.9330973617728304,4.424698095309062,2.9794445175335054,2.9230803138947605,1.8346549732997894,1.5034694087784994,2.4701168609772695
2021-07-22,2.9445096934603994,4.4486863901332505,2.9894123895927223,2.9310169944975644,1.834951031736235,1.504153564396626,2.4743813833717496
2021-07-23,2.9308044183051356,4.408705898759605,2.974544506016171,2.9092911917539532,1.8352471379476565,1.5048380313406147,2.452924800156287
2021-07-26,2.9281460883545587,4.396140601470744,2.976690658654613,2.9133623945717844,1.835543291941764,1.5055228097521345,2.4715803447905818
2021-07-27,2.894824372862297,4.3116104197093215,2.943741375964918,2.880807543976493,1.8358394937262679,1.5062078997729196,2.4442794377287673
2021-07-28,2.9176368935869705,4.3475928619456035,2.958969527958535,2.9090425389402053,1.8361357433088799,1.5068933015447676,2.477106511453554
2021-07-29,2.906917821801171,4.345879412315305,2.956162295580234,2.8983691692825286,1.8364320406973136,1.5075790152095419,2.465136190693445
2021-07-30,2.8707320845116295,4.229364837454964,2.9107910399860417,2.8428490295432707,1.8367283858992831,1.5082650409091691,2.389136638702697
2021-08-02,2.8807067484560704,4.269916478705377,2.9288540923931117,2.8562710314270845,1.837084726801339,1.5088873106651648,2.403160465968847
2021-08-03,2.896709891641238,4.272201078212442,2.9449242721510083,2.874369615685336,1.8374411368365557,1.5095098371529938,2.4239685734455594
2021-08-04,2.870313155371078,4.216228390289337,2.911887528192467,2.842495827074237,1.8377976160183453,1.510132620478577,2.3891448770514656
2021-08-05,2.8671254639689394,4.175105599162158,2.894293476366727,2.832375714575353,1.838154164360123,1.5107556607478785,2.3858438491605356
2021-08-06,2.886058351457216,4.181388247806589,2.9115711642249247,2.856187556866399,1.8385107818753064,1.5113789580669066,2.4089394714785364
2021-08-09,2.8978211133695564,4.196809294479281,2.9287725558116695,2.8684454934023536,1.8388674685773156,1.512002512541713,2.4130394230488146
2021-08-10,2.8727768947724055,4.189384346081317,2.906159667259531,2.8456427742081565,1.8392242244795736,1.5126263242783935,2.3970156385436185
2021-08-11,2.87432712528137,4.149403854707672,2.9010335305799995,2.8459337443169193,1.8395810495955056,1.5132503933830874,2.3941492816257886
2021-08-12,2.8545416595438544,4.089433117647203,2.8757843549645714,2.8178317810215345,1.83993794393854,1.513874719961978,2.3675637378486742
2021-08-13,2.8578459880138776,4.078581269988642,2.8760422491499393,2.8217986609517802,1.8402949075221071,1.5144993041212917,2.3772294786164765
2021-08-16,2.827536473963409,3.9357938007970494,2.830119218787318,2.7844367342940224,1.8406519403596404,1.5151241459673,2.33773012699414
2021-08-17,2.793065098825934,3.8621154666941884,2.790785742777328,2.7488230009204604,1.8410090424645758,1.5157492456063169,2.312696923506337
2021-08-18,2.793058829412895,3.884390311888077,2.7977804709458027,2.7436258110559297,1.8413662138503515,1.516374603144701,2.287958535213737
2021-08-19,2.808613766859153,3.9672070440191995,2.8224326633397894,2.756769154694939,1.8417234545304084,1.517000218688855,2.2981989988836977
2021-08-20,2.8258183627153053,4.033460429724099,2.852996478013065,2.7764605250575625,1.8420807645181907,1.517626092345225,2.315618791202771
2021-08-23,2.8293034471624448,4.022608582065538,2.846857666163678,2.7728215373520273,1.8424381438271447,1.5182522242203011,2.304220447228564
2021-08-24,2.8649834214017047,4.160826852242999,2.9019746989127735,2.8228557792084494,1.8427955924707187,1.5188786144206174,2.357947819475803
2021-08-25,2.8636393539070735,4.171107550024794,2.906389483239581,2.825453019013412,1.8431531104623646,1.5195052630527524,2.369853410352734
2021-08-26,2.833591320450163,4.078581269988642,2.8631945433317414,2.7894867600439284,1.8435106978155367,1.5201321702233275,2.328784457138905
2021-08-27,2.860522177552981,4.147690405077373,2.896784315705112,2.82325568858386,1.8438683545436914,1.5207593360390093,2.367105136433914
2021-08-30,2.8507099717392816,4.103711864566362,2.8827742073979583,2.8070294663125686,1.8442260806602881,1.5213867606065072,2.3487132189601994
2021-08-31,2.8309678233238755,4.043741127505894,2.8541573741265065,2.7852552341589782,1.844583876178789,1.522014444032576,2.3299036956644046
2021-09-01,2.8538286478191455,4.046025727012959,2.8736349826468826,2.8073186796489686,1.8449709649421369,1.522850539944823,2.3419585575749684
2021-09-02,2.8085386537576955,3.9626378450050685,2.8242556308240125,2.7536899203317766,1.8453581349366572,1.5236870951538772,2.288634472115046
2021-09-03,2.80888188791275,3.940934149687947,2.8144990748709153,2.752789191038395,1.8457453861793967,1.5245241099120463,2.2936590802589674
2021-09-06,2.845391937957554,3.9820569408151254,2.834546855287085,2.7751894768808154,1.8461327186874048,1.5253615844717767,2.312006863721424
2021-09-08,2.7723907837181003,3.814138877045813,2.754756206926416,2.696987415911372,1.8465201324777354,1.5261995190856537,2.224606025489052
2021-09-09,2.7871124344319136,3.8906729605325068,2.7867906496008534,2.7282284441679967,1.8469076275674456,1.527037914006401,2.262816663982658
2021-09-10,2.7767432360594926,3.8781076632436466,2.776639811729383,2.7154726941440317,1.8472952039735964,1.5278767694868816,2.2417317872175673
2021-09-13,2.8015075889127323,4.001476036625182,2.820836943295343,2.7496240372319067,1.8476828617132524,1.5287160857800965,2.283272483973953
2021-09-14,2.7970625877959163,3.998049137364584,2.8198549194395106,2.74473690889917,1.8480706008034808,1.529555863139187,2.2788949785106527
2021-09-15,2.781101819981318,3.9637801447586023,2.808350052081756,2.7247284283637514,1.848458421261354,1.5303961018174324,2.256965082543344
2021-09-16,2.7609422492364355,3.9466456484556103,2.7879328444582225,2.6992934382607143,1.8488463231039467,1.5312368020682514,2.2320880153798135
2021-09-17,2.7227655155825152,3.898669058807236,2.751391712812976,2.658685664412951,1.8492343063483374,1.5320779641452023,2.185896182290329
2021-09-20,2.667222307816734,3.80043128000342,2.6984852260256202,2.599771355939781,1.8496223710116089,1.532919588301982,2.134982598449733
2021-09-21,2.68612804612452,3.8781076632436458,2.722458556403781,2.625043496545782,1.8500105171108467,1.5337616747924274,2.16256125555573
2021-09-22,2.7350418775922463,3.9352226509202826,2.766605414584521,2.6754349197800775,1.8503987446631405,1.5346042238705146,2.2024299598145056
2021-09-23,2.7636720344086934,3.963208994881834,2.798262590369871,2.7050114165942394,1.850787053685583,1.5354472357903595,2.237385665940051
2021-09-24,2.7564598996001894,3.940934149687946,2.7914564231626047,2.6927879041537137,1.8511754441952712,1.5362907108062167,2.2220527258244123
2021-09-27,2.764640645776238,3.9312246017829175,2.7986481110952037,2.702141235989752,1.8515639162093054,1.5371346491724815,2.2279439297982777
2021-09-28,2.697238963006334,3.8107119777852136,2.7268718609076887,2.6329218030653587,1.851952469744789,1.5379790511436884,2.160092104739222
2021-09-29,2.7084340962662177,3.803858179264017,2.7322872915148775,2.6466237285032523,1.8523411048188296,1.5388239169745117,2.1793733715775727
2021-09-30,2.7091464251352435,3.7964332308660547,2.7320800566147425,2.6471151849541075,1.8527298214485384,1.5396692469197664,2.176867932796252
2021-10-01,2.7307027861162774,3.769145301084448,2.712374547651023,2.671497787269186,1.8531790533330903,1.5405802735075775,2.214539547899028
2021-10-04,2.682824561599914,3.7384463800801395,2.6901208092576354,2.6191842259755465,1.8536283941430147,1.5414918391523618,2.1653732786019226
2021-10-05,2.6983304161642185,3.8305431430930628,2.7565176601098993,2.637241164037656,1.854077843904723,1.5424039441730808,2.166639434347122
2021-10-06,2.6992912152267405,3.8578310728746694,2.7761276647612134,2.637061613212439,1.8545274026446323,1.5433165888888842,2.168638803132685
2021-10-07,2.721050794356867,3.8987629675470794,2.8059788331698785,2.6509930091577716,1.8549770703891673,1.5442297736191115,2.169146050035409
2021-10-08,2.755751370499617,3.874886028988174,2.789026523629568,2.691984237316386,1.8554268471647575,1.545143498683291,2.2132363195843734
2021-10-11,2.7498796788243487,3.8578310728746703,2.7769554353004464,2.680163797680659,1.8558767329978403,1.5460577644011393,2.2004331409940376
2021-10-13,2.7781978903916884,3.8612420640973717,2.7792985349597763,2.7079372394876233,1.856326727914859,1.546972571092563,2.225451044691271
2021-10-14,2.7872632489972675,3.939694862219492,2.835590125044347,2.7126661131560286,1.8567768319422628,1.5478879190776573,2.220146332689233
2021-10-15,2.810382451707402,3.9294618885513897,2.8281988460263743,2.7387273539114125,1.857227045106508,1.5488038086767077,2.248833636158029
2021-10-18,2.8333611858092134,4.00791468667351,2.8849067696166935,2.75352964161425,1.8576773674340568,1.5497202402101884,2.2445220374848738
2021-10-19,2.7983473368061045,4.08977847601833,2.9440224764689824,2.705452478113262,1.858127798951378,1.5506372139987634,2.1708590381256996
2021-10-20,2.799815420092414,4.069312528682124,2.9292240294263827,2.7093265066178933,1.8585783396849473,1.5515547303632868,2.1730886883744485
2021-10-21,2.768886558172611,4.164820282917748,2.9980687766115874,2.665501821573683,1.8590289896612462,1.5524727896248023,2.1132347307599684
2021-10-22,2.740281581573533,4.106833432131832,2.9562850391382103,2.63727553599761,1.8594797489067625,1.5533913921045435,2.085011913240767
2021-10-25,2.771604636196068,4.1068334321318325,2.9562850391382676,2.670938292235479,1.859930617447991,1.5543105381239342,2.1324485215988855
2021-10-26,2.7373409181403816,4.130710370690737,2.9733558215177287,2.6305391451180125,1.8603815953114329,1.555230228004588,2.0874314378135055
2021-10-27,2.728099390650088,4.103422440909131,2.953597403106994,2.6246011425057914,1.8608326825235955,1.5561504620683093,2.086324556811158
2021-10-28,2.7306069489646356,4.229629116149063,3.044260861948018,2.6202051249875766,1.861283879110992,1.5570712406370928,2.0734150642914804
2021-10-29,2.710721683532358,4.2637390283760706,3.068848814097402,2.5911157883894447,1.8617351851001434,1.557992564033124,2.0301784445958244
2021-11-01,2.761398513951884,4.29443794938038,3.0911502575122527,2.6379365745724477,1.8622798595205947,1.558694252118981,2.070392374898217
2021-11-03,2.762473317435929,4.277382993266876,3.0788881079390946,2.64592446825217,1.8628246932925085,1.559396256230846,2.071687364864104
2021-11-04,2.737937931813178,4.349013808943593,3.1304566594148207,2.611017072479748,1.863369686462505,1.56009857651105,2.0284401530057465
2021-11-05,2.7451878881128935,4.297848940603081,3.09333283363919,2.6254305448433395,1.863914839077218,1.560801213101989,2.056139443075849
2021-11-08,2.7511136744306373,4.308081914271184,3.100788180304947,2.6269109802286157,1.8644601511832952,1.5615041661461233,2.0552940315713086
2021-11-09,2.7464335668602704,4.229629116149065,3.044029828835587,2.6278053716713434,1.865005622827398,1.5622074357859763,2.070082848365928
2021-11-10,2.7557529133190397,4.175053256585851,3.004938009305321,2.637147446855174,1.8655512540562007,1.5629110221641367,2.078565013027374
2021-11-11,2.772332088183119,4.117066405799937,2.963409436563376,2.6608924330455874,1.8660970449163927,1.5636149254232568,2.1104819453644423
2021-11-12,2.7691225732289633,4.202341186367458,3.0247073767353374,2.6502778391482256,1.8666429954546757,1.5643191457060532,2.085764349094924
2021-11-16,2.7513766736909178,4.267150019598773,3.0713330253128235,2.6243647861704202,1.8671891057177656,1.5650236831553073,2.0478899136915225
2021-11-17,2.7226024055103966,4.273972002044173,3.076097559998513,2.596949466325137,1.867735375752392,1.5657285379138637,2.0193458005703633
2021-11-18,2.722054758420172,4.352424800166292,3.1322803679642304,2.5944584446732653,1.8682818056052983,1.5664337101246328,2.0090978831562794
2021-11-19,2.7521362749118805,4.413822642174908,3.1765009133895696,2.614831626612592,1.868828395323241,1.5671391999305881,2.0210438811724067
2021-11-22,2.7162972163229195,4.3558357913889925,3.134650735697991,2.5884117702662888,1.8693751449529907,1.5678450074747683,2.0031421454503966
2021-11-23,2.706090566311386,4.325136870384685,3.112470978115853,2.597480975829714,1.869922054541332,1.5685511329002761,2.0331817150241345
2021-11-24,2.7300781700532286,4.355835791388993,3.134694583920122,2.622286234504837,1.8704691241350626,1.5692575763502787,2.050057972475672
2021-11-25,2.764112949921503,4.349013808943592,3.130257653733013,2.652424179352872,1.8710163537809938,1.569964337968008,2.0754999549833033
2021-11-26,2.680037662118972,4.212574160035556,3.0328029590113155,2.5771453474153727,1.8715637435259516,1.5706714178967602,2.005140729631315
2021-11-29,2.703111424536403,4.379712729947898,3.151771473364647,2.5941258403121603,1.8721112934167745,1.571378816279896,2.016709136662236
2021-11-30,2.666568661382445,4.30808191427118,3.1002885816581363,2.563981115174965,1.8726590035003154,1.572086533260841,1.9990833856239585
2021-12-01,2.645147361288153,4.297848940603076,3.0925922554659273,2.5421331852294533,1.8732831297319499,1.572631098723615,1.9767048919511088
2021-12-02,2.69565595900598,4.297848940603077,3.0924600691102886,2.5988921864098873,1.8739074639745208,1.5731758528220252,2.0491174276579756
2021-12-03,2.6925141513506348,4.219396142480958,3.035444393259499,2.6047058615344536,1.8745320062973547,1.5737207956214143,2.060954169477344
2021-12-06,2.7477701126468057,4.284204975712276,3.0825918145781332,2.654224539863268,1.8751567567698013,1.5742659271871478,2.096049142927303
2021-12-07,2.761760520919937,4.345602817720892,3.126845485713463,2.6663282840487295,1.8757817154612337,1.5748112475846132,2.1097561860682013
2021-12-08,2.7684809445693186,4.301259931825782,3.09492918575316,2.675983676106353,1.8764068824410476,1.575356756879222,2.120306372421612
2021-12-09,2.7360839634390057,4.284204975712277,3.0826008744993896,2.6390065164260883,1.877032257778662,1.575902455136407,2.084915014567161
2021-12-10,2.7717757023159315,4.345602817720894,3.1266458745438257,2.6746141195380266,1.8776578415435194,1.576448342421624,2.1136923514189228
2021-12-13,2.762212702673928,4.342191826498193,3.1238097254318142,2.664666298370793,1.8782836338050848,1.5769944188003522,2.1063362905736174
2021-12-14,2.7433685170703965,4.301259931825782,3.094621832877097,2.6463844026907712,1.8789096346328467,1.5775406843380926,2.094108227187762
2021-12-15,2.75840704123394,4.383123721170602,3.1533124189263155,2.6637479387964182,1.8795358440963172,1.5780871391003692,2.1072750700308633
2021-12-16,2.763388551222839,4.277382993266875,3.0771993811578837,2.669939272060761,1.880162262265031,1.5786337831527293,2.1248335412208674
2021-12-17,2.7440743630014306,4.263739028376071,3.0674443720649576,2.650796606202646,1.8807888892085456,1.5791806165607416,2.1027514319525094
2021-12-20,2.7031351271004787,4.2637390283760706,3.067358529286564,2.6093894752171374,1.8814157249964425,1.5797276393899986,2.0599751790320635
2021-12-21,2.7255806628817045,4.355835791388994,3.1335943266629447,2.628360814535907,1.8820427696983262,1.5802748517061154,2.069392396278694
2021-12-22,2.719125679540771,4.345602817720892,3.126110275354962,2.6225040800472645,1.8826700233838243,1.5808222535747292,2.064367788134772
2021-12-23,2.7276583677206756,4.4001786772841065,3.1655891942290815,2.6260273132778162,1.8832974861225873,1.5813698450615006,2.057455421215979
2021-12-27,2.7397561981474143,4.434288589511115,3.1900357792058722,2.6414931145527274,1.8839251579842895,1.5819176262321126,2.070461812409263
2021-12-28,2.728499965251423,4.413822642174909,3.1750631424505396,2.6313866295827886,1.8845530390386278,1.5824655971522712,2.0569228708134673
2021-12-29,2.731472143515262,4.458165528070021,3.2069845996758204,2.6246034041197412,1.885181129355323,1.5830137578877048,2.0420756009728263
2021-12-30,2.7304344662828477,4.349013808943594,3.128848884600838,2.6292305033608163,1.8858094290041183,1.5835621085041647,2.056104332018004
2022-01-03,2.7269489723094167,4.374704185874063,3.1708120347453925,2.6264196557712665,1.8864647336230143,1.5839682886333257,2.038434054666147
2022-01-04,2.7047557378789566,4.312313270471497,3.161420302727758,2.6077073479858854,1.8871202659553457,1.584374572946779,2.030432068047187
2022-01-05,2.6395622011708686,4.1875314396663645,3.118697952486689,2.548834254988877,1.8877760260802412,1.5847809614712476,1.9812373568317148
2022-01-06,2.6398828590077836,4.150830901194267,3.0965633765664617,2.5498986174800935,1.888432014076857,1.5851874542334612,1.992131788472937
2022-01-07,2.6394283918266956,4.09211003963891,3.0568955279952426,2.5487066737603996,1.8890882300243768,1.5855940512601565,2.0148543312824376
2022-01-10,2.629788849864639,4.0884399857917,3.0593252055871103,2.5418732872255787,1.8897446740020118,1.5860007525780775,1.999666935328369
2022-01-11,2.6521231037273334,4.092110039638909,3.047594972783297,2.5662658558501543,1.8904013460890008,1.5864075582139743,2.0356367429570406
2022-01-12,2.679279505484583,4.055409501166811,3.0288495575903096,2.590779435851983,1.89105824636461,1.5868144681946041,2.0730364925504685
2022-01-13,2.6544260791628993,3.9269576165144677,2.982456434818119,2.5640690876341963,1.8917153749081335,1.5872214825467312,2.069973396018009
2022-01-14,2.668640434977932,3.9820084242226144,2.9801198333904857,2.5821452145148998,1.8923727317988923,1.587628601297127,2.0974010167299237
2022-01-17,2.6714310614195003,3.9269576165144673,2.9777445243222873,2.5807440759479316,1.8930303171162355,1.588035824472569,2.0865358116117125
2022-01-18,2.6508043297585435,3.9049372934312085,2.9482084246745,2.5636517039737474,1.8936881309395397,1.5884431520998423,2.092298536575027
2022-01-19,2.642931825155581,3.7801554626260763,2.859447045915266,2.5567210518463845,1.8943461733482092,1.5888505842057383,2.1186967559932466
2022-01-20,2.655318301027224,3.743454924153978,2.8156005900250323,2.566195756360016,1.8950044444216754,1.5892581208170558,2.140048202186335
2022-01-21,2.6266267864101422,3.644363470279314,2.7673077964646455,2.540488621149986,1.8956629442393975,1.5896657619605998,2.1369037029219995
2022-01-24,2.61429073461347,3.6920741702930417,2.7893592808805345,2.5260793707108933,1.8963216728808627,1.5900735076631831,2.1171989457267335
2022-01-25,2.629685511808471,3.5709623933351193,2.7361479178490087,2.543245316416518,1.8969806304255854,1.5904813579516246,2.161659744819103
2022-01-26,2.636374767103102,3.5856426087239583,2.7228233262147885,2.5532436483157706,1.897639816953108,1.5908893128527504,2.182950188001074
2022-01-27,2.6375149511295035,3.5305918010158113,2.6944567025789397,2.5534845883272417,1.8982992325429995,1.5912973723933932,2.2088905906091783
2022-01-28,2.651282821701498,3.6627137395153637,2.752929911883089,2.567787753003221,1.8989588772748582,1.591705536600393,2.1951296058989653
2022-01-31,2.6749897754615177,3.721434601070721,2.771902576674244,2.5915164022667,1.8996187512283091,1.5921138055005966,2.1997079701512794
2022-02-01,2.689823662384749,3.710424439529091,2.7677727746625926,2.6045660441972354,1.9003708689376981,1.5928759239187114,2.2209864481124217
2022-02-02,2.6795092118889077,3.72510465491793,2.7873752259301385,2.5911896056120334,1.901123284433708,1.5936384071502465,2.1948208639713216
2022-02-03,2.6560680459014723,3.6260132010432655,2.7552563613389642,2.5707424812782014,1.9018759978342414,1.5944012553698323,2.1909288326318586
2022-02-04,2.6687982262714045,3.677393954904202,2.766606850709817,2.581662721802078,1.9026290092572482,1.5951644687521824,2.201697531378786
2022-02-07,2.6479012757486236,3.6113329856544256,2.731580535644854,2.56149307951261,1.9033823188207248,1.5959280474720945,2.1968223904196575
2022-02-08,2.659566786313401,3.6663837933625727,2.756617778623303,2.5738634919041146,1.9041359266427138,1.596691991704449,2.201491964961905
2022-02-09,2.6786492498963046,3.7214346010707193,2.7820679776466433,2.5905127414408584,1.9048898328413053,1.5974563016242112,2.2059432232617957
2022-02-10,2.671367032371089,3.655373631820943,2.7416844824096898,2.583618112214324,1.905644037534636,1.598220977406429,2.2237219722057664
2022-02-11,2.6400685468548755,3.4975613163909216,2.675786351827003,2.5574730143532354,1.9063985408408886,1.5989860192262353,2.227734832660496
2022-02-14,2.6345824321061126,3.515911585626971,2.6539132395188814,2.5509290975017906,1.9071533428782936,1.599751427258846,2.234145837211399
2022-02-15,2.6687793443231858,3.581972554876748,2.6737121482074366,2.5811490136385977,1.9079084437651277,1.6005172016795606,2.2523680839307216
2022-02-16,2.662298948527802,3.5416019625574404,2.654692543628444,2.5777100077982738,1.9086638436197148,1.6012833426637636,2.259287708442477
2022-02-17,2.620423110544787,3.4498506163771956,2.616794154445956,2.5399851468515537,1.909419542560425,1.6020498503869225,2.2268743175165473
2022-02-18,2.5939896339598913,3.4131500779050974,2.5830812314984497,2.5145812694189535,1.9101755407056762,1.6028167250245895,2.21415136475112
2022-02-21,2.559938773053368,3.2663479240167055,2.5285596041133633,2.4824141670495607,1.9109318381739326,1.6035839667524001,2.191504732440983
2022-02-22,2.5592988923455517,3.3397490009609005,2.514143856512256,2.4823765002640688,1.9116884350837053,1.6043515757460745,2.21438576538869
2022-02-23,2.5194206742008562,3.2039570086141382,2.4521505103801275,2.4439634503409975,1.9124453315535526,1.6051195521814168,2.197042275871302
2022-02-24,2.55520086117287,3.3801195932802086,2.5327975330431935,2.4781500966152783,1.9132025277020797,1.6058878962343148,2.188887487497809
2022-02-25,2.594247097026174,3.457190724071614,2.6112162231308926,2.5135225133169268,1.9139600236479384,1.6066566080807416,2.219292290533601
2022-03-02,2.614547886830703,3.4388404548355647,2.5868516917789592,2.531858008534379,1.9147630713707475,1.6078866049850007,2.259143733490195
2022-03-03,2.5870074124174582,3.3250687855720615,2.5362959868352988,2.5075425273098673,1.9155664560314432,1.6091175435294192,2.2589856356543114
2022-03-04,2.5596628410494167,3.2810281394055436,2.5282997830866525,2.485534596370461,1.9163701777713957,1.6103494244348822,2.2454164867796993
2022-03-07,2.4959512601190967,3.1929468470725078,2.472024124814037,2.4242594005294076,1.9171742367320348,1.611582248422826,2.188918675532431
2022-03-08,2.4899153086287447,3.1378960393643616,2.433890274985544,2.410663650039087,1.9179786330548492,1.6128160162152398,2.1812685840965673
2022-03-09,2.5475425778564276,3.2479976547806553,2.478577881817177,2.467021054611639,1.9187833668813876,1.6140507285346657,2.2341683945949304
2022-03-10,2.5340773292912,3.181936685530879,2.465202146860563,2.4533639264900162,1.9195884383532575,1.6152863861041984,2.229515492901381
2022-03-11,2.505955546371608,3.1635864162948297,2.4632899455196653,2.4260314363433624,1.920393847612126,1.6165229896474866,2.191264839570901
2022-03-14,2.4673501825334894,3.1268858778227315,2.4646069848279213,2.390183969868784,1.92119959479972,1.6177605398887327,2.1562430305040494
2022-03-15,2.4877045707336847,3.2516677086278643,2.534540918533046,2.4109180679156137,1.9220056800578256,1.618999037552694,2.1372493212679387
2022-03-16,2.5505836560016633,3.3397490009608997,2.568942004885495,2.472989424698398,1.9228121035282881,1.6202384833646817,2.1794832162278146
2022-03-17,2.575874162804966,3.3397490009608997,2.5664030383638736,2.4983191121072883,1.9236188653530129,1.6214788780505633,2.218005342765321
2022-03-18,2.62470685819872,3.3911297548218378,2.591360763278201,2.544717266396839,1.9244259656739646,1.6227202223367616,2.261836888932733
2022-03-21,2.6154173788346884,3.321398731724852,2.5527794574885707,2.5364341623711106,1.925233404633167,1.6239625169502554,2.27838459318935
2022-03-22,2.6471550008214395,3.3397490009609014,2.566874081025944,2.5658250905398305,1.9260411823727042,1.6252057626185803,2.300312527645047
2022-03-23,2.620317033860198,3.259007816322286,2.496123285330192,2.5401167915813936,1.9268492990347197,1.6264499600698283,2.3039393626146403
2022-03-24,2.6553105051340977,3.3213987317248526,2.5219038907982463,2.5732094019597933,1.9276577547614162,1.6276951100326496,2.335236653433648
2022-03-25,2.641174281337437,3.2663479240167055,2.4937981905107254,2.5607823661963374,1.9284665496950566,1.6289412132362515,2.3357901920104025
2022-03-28,2.649268138671675,3.321398731724852,2.526032389375764,2.570206688520595,1.9292756839779632,1.6301882704104005,2.329055341892447
2022-03-29,2.6882686033772503,3.3801195932802095,2.5537944424675425,2.60455758637093,1.9300851577525184,1.6314362822854205,2.3540918799499897
2022-03-30,2.6774938539991506,3.350759162502531,2.549573868959916,2.5956549358709564,1.9308949711611636,1.6326852495921955,2.35890915631658
2022-03-31,2.649749527104231,3.299378408641594,2.500051274992544,2.5705982844898787,1.9317051243464007,1.633935173062169,2.3537988301152373
2022-04-01,2.654679369369321,3.329781199342688,2.523775466943212,2.5795373173953764,1.9325500375312907,1.6347558007006973,2.384612608322019
2022-04-04,2.658771183888028,3.3226872148457716,2.51862042703342,2.5807256450303884,1.933395320274806,1.6355768404912696,2.3789116709744653
2022-04-05,2.6209776130129576,3.304107731639526,2.499803519245807,2.5431382669489215,1.9342409727385885,1.6363982926408849,2.3319460215542587
2022-04-06,2.599879902342636,3.2767452200085216,2.48006542289821,2.523247192279806,1.9350869950843512,1.6372201573566465,2.319051044220507
2022-04-07,2.6132652857774006,3.283501395719885,2.487081936053164,2.537567647124001,1.9359333874738776,1.6380424348457616,2.3314942854301393
2022-04-08,2.596646693016795,3.2730293233672723,2.4784321675002667,2.5223753891819904,1.936780150069022,1.6388651253155417,2.3209048688444995
2022-04-11,2.552356294343919,3.2601925895156696,2.465926335513491,2.484109453865815,1.9376272830317098,1.639688228973402,2.294043732685975
2022-04-12,2.5334340583486363,3.238572827239318,2.449232422791841,2.465339843957393,1.938474786523937,1.6405117460268623,2.2782341452487502
2022-04-13,2.556800441843252,3.2287763724578644,2.445100854369704,2.4840821880315787,1.9393226607077696,1.6413356766835463,2.290691705493147
2022-04-14,2.537008629348078,3.2203311528186593,2.437373667243358,2.4683197777439263,1.9401709057453462,1.642160021151182,2.2789157705337333
2022-04-18,2.5220138431674948,3.2095212716804777,2.428261030421049,2.4566966382314885,1.941019521798875,1.6429847796376018,2.2692188417313086
2022-04-19,2.536583525587428,3.208507845323791,2.4259318044811864,2.4659767551857485,1.9418685090306358,1.6438099523507426,2.256849745660589
2022-04-20,2.5113033780276393,3.193982067544355,2.4137680883581605,2.443407374450643,1.942717867602979,1.6446355394986456,2.2428665216847974
2022-04-22,2.469198187837967,3.1270959280019155,2.3600193089618515,2.39784702432553,1.9435675976783262,1.6454615412894569,2.1787982563730908
2022-04-25,2.477383364714394,3.152093778133942,2.373779612684938,2.403943873418952,1.9444176994191698,1.6462879579314262,2.1710981463911345
2022-04-26,2.449629218918947,3.0977065636575154,2.33110050864568,2.371122767347073,1.9452681729880739,1.6471147896329086,2.122607813995338
2022-04-27,2.4584191214728572,3.1514181605628035,2.3707199562067505,2.3848632891019985,1.9461190185476727,1.6479420366023636,2.144900589610767
2022-04-28,2.490998316186163,3.168646408626788,2.3845264774883512,2.412507055980078,1.9469702362606727,1.6487696990483554,2.156073359749656
2022-04-29,2.4437004972692087,3.1078408272245555,2.339039221588262,2.3663014390303467,1.9478218262898503,1.6495977771795527,2.116003404399545
2022-05-02,2.442420175083884,3.044670584323388,2.29494206416199,2.3578624203263217,1.9487331247172408,1.6499661547809676,2.0917293059053774
2022-05-03,2.431791804811712,3.0612232148162044,2.305014924378114,2.350224971105297,1.9496448495002723,1.6503346146461073,2.089560854818906
2022-05-04,2.474217873802823,3.117975090791616,2.3468060979611076,2.3906547558349933,1.9505570008384179,1.6507031567933421,2.12517504039242
2022-05-05,2.4099200104092007,3.0355497471130395,2.284659846095524,2.3295021173576873,1.9514695789312433,1.651071781241047,2.0655539142062205
2022-05-06,2.4066915355778833,3.027442336259411,2.2794258345270633,2.3271378277638273,1.952382583978408,1.6514404880076003,2.0622299366294365
2022-05-09,2.3533412284064403,2.991972413774763,2.249719387199065,2.279221537139622,1.9532960161796649,1.6518092771113855,2.0252611311370474
2022-05-10,2.354540366129083,2.971028269069559,2.235298926412737,2.2804167380873754,1.9542098757348596,1.6521781485707894,2.022513445671711
2022-05-11,2.3462873971036315,2.964609902143754,2.2364979157522784,2.2770357444452003,1.9551241628439326,1.6525471024042029,2.0477573155065847
2022-05-12,2.3634893658384515,3.0183214990490383,2.274791869489045,2.2961760637305506,1.956038877706917,1.6529161386300215,2.0730753304803717
2022-05-13,2.402584596306462,3.040279070110969,2.2923352157169465,2.3294820448454594,1.9569540205239395,1.6532852572666445,2.0973302061607466
2022-05-16,2.411976385740163,3.0716952871687764,2.316880409544313,2.343176154614755,1.9578695914952207,1.6536544583324755,2.122997762503697
2022-05-17,2.4271350125705853,3.096017519729663,2.3342532202515707,2.357858347763907,1.9587855908210745,1.6540237418459216,2.133915339981934
2022-05-18,2.363862971340957,3.0267667186882248,2.2813810341471696,2.2971602617427282,1.9597020187019092,1.6543931078253948,2.084050184097664
2022-05-19,2.3592808921822157,3.0531158039625046,2.300677405259667,2.2958378000180533,1.960618875338226,1.654762556289311,2.098919815170676
2022-05-20,2.364846370569778,3.0747355662388385,2.3190423243610763,2.305855512750453,1.9615361609306208,1.6551320872560897,2.128002363229182
2022-05-23,2.390674816786675,3.1196641347193665,2.35429795280131,2.3355966583727192,1.9624538756797827,1.6555017007441555,2.1644460720631824
2022-05-24,2.375140251597059,3.1365545739977403,2.365610371748118,2.3256444272247014,1.9633720197864948,1.655871396771936,2.1690550358966347
2022-05-25,2.3910630397885995,3.14499979363695,2.371385085841049,2.337600535110686,1.9642905934516341,1.6562411753578634,2.1690358130828424
2022-05-26,2.4181119853447277,3.1301362070719803,2.365752350161179,2.3622271071752134,1.9652095968761722,1.6566110365203746,2.1947329882511255
2022-05-27,2.439089693802024,3.139594853067897,2.372471997553824,2.3797297346839335,1.9661290302611738,1.6569809802779096,2.195749051265863
2022-05-30,2.4328518638736845,3.1102054887234996,2.3504828983052226,2.3707278891660932,1.9670488938077983,1.657351006648913,2.1779077301014858
2022-05-31,2.4279221467157583,3.110205488723494,2.351185606716779,2.366772366828424,1.967969187717299,1.6577211156518339,2.1841531830723815
2022-06-01,2.4354871165919776,3.1304740158575695,2.3651626132724117,2.3743298236079378,1.968916256322826,1.6582483728362445,2.1843381536173427
2022-06-02,2.4713318419768115,3.168646408626755,2.3932188062434663,2.4065359166707565,1.969863780697147,1.6587757977208406,2.2045999801102636
2022-06-03,2.430664285954572,3.1304740158575672,2.3648115458748284,2.369290165252513,1.9708117610595972,1.6593033903589611,2.179284907403894
2022-06-06,2.4222115597489333,3.091288196731705,2.3371001556954156,2.357392679178816,1.9717601976296169,1.659831150803962,2.1613094188452933
2022-06-07,2.4422184497636077,3.0838564034492326,2.332889324325305,2.371567785857479,1.972709090626752,1.6603590791092162,2.1590311231085795
2022-06-08,2.423308836719702,3.033185085614059,2.294091528010827,2.3486534150398457,1.9736584402706543,1.6608871753281136,2.1256444301210426
2022-06-09,2.3912481458225234,3.008525044267586,2.273682364921102,2.318665288465191,1.9746082467810813,1.6614154395140608,2.1006555567956586
2022-06-10,2.35400053602399,2.9902833698469093,2.257429074780267,2.283006492893519,1.975558510377896,1.6619438717204817,2.0690265743631526
2022-06-13,2.2898023034516592,2.905493364669357,2.193519167403436,2.2218456326851004,1.9765092312810677,1.6624724720008175,2.0124752138488917
2022-06-14,2.282892126864641,2.875090573968255,2.172297828304145,2.2130463127729145,1.9774604097106712,1.6630012404085257,2.0019824997856968
2022-06-15,2.297428237973184,2.905493364669362,2.1938482638749948,2.228072817336364,1.9784120458868868,1.6635301769970812,2.0165677116750467
2022-06-17,2.2584563729130256,2.871374677327002,2.1611274714721027,2.1854399654377414,1.9793641400300017,1.6640592818199758,1.9580777892351775
2022-06-20,2.2630780890961524,2.8436743569104443,2.1430037544980296,2.191006538473648,1.9803166923604083,1.6645885549307187,1.9586217164050357
2022-06-21,2.2797173735778005,2.8544842380486295,2.1493790713053857,2.2015428135829076,1.9812697030986053,1.665117996382835,1.9553230423280399
2022-06-22,2.278219366493172,2.8504305326218145,2.146695299335725,2.199623942335376,1.9822231724651977,1.6656476062298686,1.9521418627965708
2022-06-23,2.281458700567185,2.805164155355739,2.1122969024957814,2.1944403378486856,1.983177100680897,1.666177384525379,1.9238572576616078
2022-06-24,2.329101190752714,2.804826346570208,2.1141705749795423,2.234143687462598,1.9841314879665197,1.6667073313229426,1.9354678371921747
2022-06-27,2.3390264006662385,2.8436743569105025,2.1463488440797804,2.2499725882376875,1.9850863345429899,1.6672374466761541,1.976489714127329
2022-06-28,2.3191951108682196,2.8389450339125393,2.1433130352522882,2.2339286839680357,1.9860416406313373,1.6677677306386245,1.9731121872835522
2022-06-29,2.286348444373025,2.7980701708588147,2.1139375289307747,2.2042548708393195,1.986997406452698,1.6682981832639816,1.9540888592221082
2022-06-30,2.2773232766292124,2.7541550287349987,2.0814873747317635,2.19342788264755,1.9879536322283147,1.6688288046058708,1.9329117914112788
2022-07-01,2.3033104282029884,2.786038491020595,2.100484655576605,2.2167706881016747,1.988928474794293,1.6682866616263936,1.9409922384946972
2022-07-04,2.298211169945943,2.779004766484572,2.1178719084638233,2.210042732795012,1.9899037953985979,1.6677446947698413,1.9342222773188966
2022-07-05,2.3128371923511715,2.7966975795428484,2.177938064801508,2.2203221836031064,1.9908795942756479,1.6672029039789977,1.9280607770449716
2022-07-06,2.330305674984644,2.8175047441064645,2.1859412253356227,2.2363509548825045,1.991855871659976,1.6666612891966655,1.9363842554170503
2022-07-07,2.3592893685086054,2.852488253544103,2.173891672507834,2.265863597696813,1.9928326277862298,1.6661198503656656,1.9758251539933658
2022-07-08,2.339457704178224,2.828233134646149,2.156428206368117,2.247770921220721,1.9938098628891727,1.6655785874288382,1.967179203112363
2022-07-11,2.3080741544841348,2.789848741525178,2.1484868623059836,2.2173751100503387,1.9947875772036825,1.665037500329041,1.9264488068026726
2022-07-12,2.3117185694784843,2.795908149177605,2.161848308939215,2.2213935225562547,1.995765770964753,1.664496589009151,1.9276011948744067
2022-07-13,2.2993595457633234,2.7794059417787893,2.124128094867819,2.209136215223012,1.996744444407492,1.6639558534120638,1.9199503188338982
2022-07-14,2.2779729190524995,2.7515322073573047,2.1197180201213572,2.1850125185826395,1.997723597767124,1.6634152934806927,1.885421633786168
2022-07-15,2.2915502736471245,2.7693429412268067,2.1242757882621044,2.1993588398385375,1.998703231278988,1.6628749091579709,1.8938590759828724
2022-07-18,2.295822210084351,2.7755690794594594,2.1340186574352873,2.2034651396142304,1.9996833451785385,1.6623347003868492,1.9010211433298048
2022-07-19,2.340577223916723,2.829649454121451,2.175339246466072,2.244416342263473,2.0006639397013455,1.6617946671102968,1.9270831596578193
2022-07-20,2.368595060520735,2.8631878508362436,2.1928103282285867,2.267368049218442,2.001645015083095,1.661254809271302,1.927907582988117
2022-07-21,2.3930910122195934,2.89266451172909,2.2254371057164217,2.2890912484535337,2.002626571559588,1.6607151268128715,1.9425471287491038
2022-07-22,2.3736481347441343,2.868812748627183,2.1843765920157963,2.274073671365882,2.003608609366741,1.6601756196780304,1.9404218309180847
2022-07-25,2.3629970002073404,2.8556106862328363,2.138432075025502,2.2690405177268937,2.0045911287405866,1.6596362878098223,1.9668047505457347
2022-07-26,2.3387977637441693,2.8266253909238674,2.1405594433346447,2.248245269230194,2.005574129917273,1.6590971311513092,1.9570332843020746
2022-07-27,2.376752206920562,2.870566682420741,2.125915880626218,2.282040462496955,2.0065576131330642,1.6585581496455717,1.989717363830386
2022-07-28,2.3868118409744286,2.883010944614845,2.078507713397418,2.2945962275437175,2.0075415786243402,1.6580193432357089,2.0124453988723987
2022-07-29,2.4026769245250326,2.901750081855581,2.043713404134759,2.309590887113902,2.0085260266275973,1.6574807118648385,2.0235873732789873
2022-08-01,2.3936737046845487,2.8907491054753462,2.0289013016213144,2.299237730979388,2.009541204434043,1.6571961213760937,2.0051568140265275
2022-08-02,2.4216515770372684,2.925141495716896,2.064924896023883,2.3254339644955206,2.010556895346102,1.656911579751716,2.0274517473047293
2022-08-03,2.448213257517129,2.9559784819050434,2.1111242754148423,2.348394943766483,2.0115730996231154,1.6566270869833155,2.035552397957746
2022-08-04,2.482452806566894,2.9977140918530383,2.0934014105675223,2.3825559047116918,2.0125898175245562,1.656342643062504,2.0770881909351027
2022-08-05,2.4739097142709254,2.987182268595442,2.078320707421133,2.3772674164969594,2.013607049310026,1.6560582479808936,2.0884590737467486
2022-08-08,2.4815612718837277,2.9964015391995464,2.0543425671511786,2.3899083487973267,2.014624795239261,1.6557739017300992,2.1263231131386098
2022-08-09,2.4741535517367303,2.988623679453783,2.025668916615839,2.3860666632678247,2.0156430555721263,1.6554896043017362,2.1312029617256054
2022-08-10,2.518641773509927,3.041841076044564,2.0466750822874857,2.426800882444339,2.0166618305686193,1.6552053556874218,2.162287232383608
2022-08-11,2.5244346264697928,3.0500586198211805,2.0748948525911466,2.430842104589176,2.0176811204888683,1.6549211558787746,2.1521301329571347
2022-08-12,2.55581317881766,3.0864245052535457,2.0473123288714588,2.4637342505940327,2.018700925593134,1.6546370048674148,2.21188405347943
2022-08-15,2.5791601779265743,3.1145931489897123,2.0399911814618528,2.4857360396823482,2.0197212461418075,1.6543529026449635,2.2171354123656366
2022-08-16,2.5879744799272753,3.1248281852498936,2.079220222277702,2.4944319432024606,2.0207420823954125,1.654068849203044,2.226558514147101
2022-08-17,2.586877967750747,3.1220706171592556,2.062158481983701,2.4941302773103593,2.0217634346146034,1.6537848445332806,2.230390915533576
2022-08-18,2.583233411366935,3.117262919535089,2.03162853412579,2.490175063335228,2.022785303060167,1.6535008886272988,2.2324526603883834
2022-08-19,2.5370850815958015,3.0616655720322066,2.0227504893897383,2.446313004710866,2.0238076879930222,1.6532169814767261,2.187011105490283
2022-08-22,2.5008626168591848,3.0180985565423817,2.0000336760033663,2.413657373055073,2.024830589674219,1.6529331230731912,2.1674807266772764
2022-08-23,2.5138318637971135,3.034274526537321,1.9865938473674698,2.43036347271315,2.02585400836494,1.6526493134083242,2.2137051208595113
2022-08-24,2.523457276507023,3.0453834582987,1.9865938473674698,2.438115076062596,2.026877944326499,1.6523655524737564,2.214504240690021
2022-08-25,2.554810353769369,3.0842136396503217,2.039385264605976,2.4646566648336155,2.027902397820343,1.652081840261121,2.2269378704927574
2022-08-26,2.4920292115657188,3.0085721647347765,1.9636640450563678,2.4090995311192662,2.02892736910805,1.6517981767620522,2.2027551784396846
2022-08-29,2.4776502872939097,2.9905426665012476,1.9424763777087237,2.39778859877525,2.0299528584513307,1.651514561968186,2.2032310411566254
2022-08-30,2.457615123543545,2.9658505286850163,1.929679932665926,2.3766133947810357,2.0309788661120285,1.6512309958711597,2.1661098262120255
2022-08-31,2.4621299814577444,2.9721462149643387,1.9649045052399834,2.377097141432931,2.032005392352119,1.6509474784626121,2.1483040084078167
2022-09-01,2.4669486182131353,2.9787138464379987,1.962755048622997,2.3849480479984386,2.033037408009257,1.6507191469448357,2.165612779169682
2022-09-02,2.45723353298257,2.9667587159678455,1.9529505416132087,2.3787758452286707,2.0340699478068918,1.6504908470060666,2.1746149405593265
2022-09-05,2.4720815215348693,2.9855953547045875,1.9900200930524654,2.3950150306456925,2.035103012011225,1.650262578641937,2.200881738699578
2022-09-06,2.4447792273240823,2.9520460786113727,1.9488789606993533,2.365508728829061,2.0361366008885913,1.6500343418480798,2.1530290937286685
2022-09-08,2.462554975032728,2.9742850148245514,1.980613417120289,2.3818196869073036,2.037170714705463,1.6498061366201293,2.156008041412996
2022-09-09,2.503461765037593,3.0250192659135138,2.003819583881451,2.4223174784492625,2.0382053537284457,1.6495779629537195,2.202785581869663
2022-09-12,2.51499411900116,3.0381630790432737,2.0072367778135805,2.4349003670929803,2.0392405182242817,1.6493498208444852,2.224482646408691
2022-09-13,2.455369139360634,2.9670668507269693,1.972766991302209,2.378626238968404,2.0402762084598485,1.6491217102880622,2.173236390198791
2022-09-14,2.447038042583668,2.955799969764131,1.945150533505126,2.370128111987734,2.041312424702158,1.6488936312800864,2.1683857681348058
2022-09-15,2.4422107502820185,2.951067262709504,1.971326170946697,2.3646224006331824,2.04234916721836,1.6486655838161948,2.1567536119765123
2022-09-16,2.426187519993601,2.9321031173126464,1.985680475631315,2.350071715024322,2.0433864362757377,1.6484375678920244,2.1435471465988596
2022-09-19,2.4472751656225498,2.9577556537404592,1.933143609309103,2.3752602483412333,2.0444242321417114,1.6482095835032138,2.1934385867387234
2022-09-20,2.43694168722732,2.9442187769524346,1.9191159440594976,2.3674826566076232,2.0454625550838372,1.647981630645401,2.2070322545084786
2022-09-21,2.4198319834402953,2.923311310350865,1.8759301588200286,2.352158788734157,2.0465014053698067,1.647753709314225,2.1956348912900774
2022-09-22,2.4192067787589377,2.922391801917737,1.8481940261360397,2.3580139043265866,2.047540783267447,1.647525819505326,2.237505710450672
2022-09-23,2.4004585221796217,2.899676009703107,1.8716023108248478,2.3357826966182804,2.0485806890447216,1.6472979612143444,2.191322311861117
2022-09-26,2.380958678849482,2.876424151020127,1.8840648776372784,2.3110771636644585,2.0496211229697305,1.6470701344369205,2.1402869181494486
2022-09-27,2.3698396884755897,2.8625969843717827,1.9089801755891487,2.299296720451794,2.05066208531071,1.6468423391686968,2.12581468932892
2022-09-28,2.390115062725184,2.888406379566305,1.9627957256712947,2.3171902188399587,2.0517035763360316,1.646614575405315,2.127282880770099
2022-09-29,2.3570900810999125,2.848777338470873,1.935453053368333,2.2875946866573433,2.052745596314204,1.6463868431424178,2.111848726655309
2022-09-30,2.3786041397211974,2.876075745487142,1.9227510513103323,2.313874257425928,2.0537881455138716,1.6461591423756485,2.1583844127302827
2022-10-03,2.4265143776907094,3.0436113382021714,1.9854745879913558,2.365565572355317,2.054831224203816,1.6466204013994987,2.2779909178089306
2022-10-04,2.4540564234906577,3.034836800776822,1.9812086078295805,2.388913652648228,2.055874832652955,1.6470817896695933,2.2798672998164555
2022-10-05,2.4706639589217314,3.068959717673449,2.0214508511969362,2.4053949342652814,2.056918971130342,1.647543307222148,2.2988488476805755
2022-10-06,2.471397631037993,3.054469333343665,2.0029236823768484,2.4058480443774974,2.0579636399051693,1.6480049540933874,2.3059693309813443
2022-10-07,2.424596874946785,3.0308941511483143,1.9847007589663386,2.3624960835404747,2.0590088392467636,1.6484667303195477,2.28271404161817
2022-10-10,2.402874708534619,3.0023941385154833,1.944961323167811,2.3421893696673273,2.0600545694245898,1.6489286359368742,2.2741891160035945
2022-10-11,2.40035727824529,2.975981267953721,1.9639296890265134,2.3386767039895604,2.061100830708249,1.6493906709816228,2.2523472919076406
2022-10-13,2.41726124391325,2.948665911099015,1.9616638890755937,2.3531178700310424,2.06214762336748,1.6498528354900595,2.242009537261751
2022-10-14,2.3734628875093238,2.9284987770492017,1.9394015090308125,2.310979299404792,2.063194947672157,1.6503151294984606,2.1983119623374017
2022-10-17,2.416940224221336,2.976362212224715,1.9831434067883458,2.352524605306451,2.064242803892293,1.650777553043112,2.2287475611054943
2022-10-18,2.4367750044415133,3.022399628581209,2.0031068053633105,2.3721488405911666,2.065291192298037,1.6512401061603101,2.2703137575128287
2022-10-19,2.4325355338970365,3.0304182745522676,1.9970794675683248,2.3706270218493213,2.0663401131596757,1.6517027888863622,2.2807327187394324
2022-10-20,2.421569568966422,3.069797597104369,2.006156806811342,2.3635997978005583,2.067389566747633,1.6521656012575847,2.2983249279291535
2022-10-21,2.459876773731213,3.144233304017599,2.047233706278704,2.4026912091598125,2.068439553332471,1.6526285433103047,2.352417141336124
2022-10-24,2.458503715862509,3.0081611618618886,2.001925150652479,2.39555862722848,2.069490073184887,1.653091615080859,2.275602581270814
2022-10-25,2.4701111556065722,2.98538462432336,1.999590993152146,2.4022926505647675,2.070541126575718,1.6535548166055953,2.248394257557061
2022-10-26,2.447910218995276,2.883934860774289,1.9572349731036511,2.378747750645972,2.0715927137759373,1.654018147920871,2.2118748343748575
2022-10-27,2.4605293218009794,2.958649625940223,1.9876360116189729,2.3917205467711087,2.0726448350566566,1.6544816090630543,2.2486918188685197
2022-10-28,2.477568144051023,2.9869016747694506,1.999242259518918,2.4074199559014438,2.0736974906891246,1.6549452000685223,2.2466967654085015
2022-10-31,2.469714688608662,3.068319068210083,2.0336965173301813,2.401587271134526,2.074750680944728,1.6554089209736638,2.276080797801689
2022-11-01,2.472621694786418,3.0852402595781996,2.0383549994013808,2.40505209657997,2.075804406094991,1.6557314597353312,2.293569243027164
2022-11-03,2.443692237121578,3.086017909953173,2.033401732841704,2.377590535398574,2.0768586664115776,1.6560540613402341,2.2929356747766616
2022-11-04,2.4628986469611394,3.101122981723135,2.0325365272252673,2.397196084793888,2.0779134621662867,1.656376725800617,2.3176330674765824
2022-11-07,2.4531165577778755,3.0313408125180703,2.005224782252728,2.3844036594883047,2.0789687936310575,1.6566994531287265,2.2624545689391833
2022-11-08,2.4639308790638097,3.029066436760492,2.0052740294299953,2.3958919464474295,2.080024661077967,1.6570222433368118,2.278498753165139
2022-11-09,2.4213939500609354,2.883155480107654,1.9406097326060798,2.353588449735309,2.0810810647792293,1.6573450964371244,2.2278866536592243
2022-11-10,2.4646799478140484,2.7325784187813817,1.891208415199167,2.3867249647726707,2.0821380050071974,1.6576680124419179,2.1532583944360497
2022-11-11,2.501764220360985,2.6719065776117676,1.8566319976567414,2.423788109628074,2.083195482034363,1.657990991363449,2.2018652406215673
2022-11-14,2.5077472233044076,2.69580852618949,1.8784630588610827,2.430704592505863,2.084253496133356,1.6583140332139759,2.21967164687926
2022-11-16,2.4791416932474055,2.6475409607563303,1.8515583124940163,2.4022213840951223,2.0853120475769447,1.6586371380057598,2.1624357188125987
2022-11-17,2.4608290812861258,2.62469389340161,1.8382857494564357,2.3848910002582744,2.0863711366380358,1.6589603057510642,2.1518327677968396
2022-11-18,2.453638510413401,2.641782366872291,1.8579834490657572,2.3787998216169495,2.0874307635896745,1.6592835364621552,2.1355010259686438
2022-11-21,2.44855318525851,2.659545283760944,1.857540627529036,2.3757430555776473,2.0884909287050446,1.6596068301513005,2.1527232940684433
2022-11-22,2.4555500804424866,2.622299357523896,1.8397969591096315,2.3808759446073746,2.089551632257469,1.6599301868307712,2.1387643928366336
2022-11-23,2.464045252593115,2.6372372315731747,1.8500419891614228,2.3882357035179216,2.0906128745204104,1.6602536065128397,2.134931795298998
2022-11-24,2.4937366679047446,2.714947788054551,1.8790360809762636,2.419047381300736,2.0916746557674677,1.660577089209782,2.193581188632879
2022-11-25,2.471134515579983,2.6398613085705454,1.8640677703130861,2.3951610392630562,2.0927369762723815,1.660900634933875,2.1375906242883347
2022-11-28,2.4444150332793373,2.6260456491352278,1.8411741323314434,2.372420778374336,2.0937998363090293,1.6612242436974,2.1337745034482354
2022-11-29,2.4545563572792677,2.6601412980499246,1.8578115863213522,2.3841492158907776,2.0948632361514297,1.661547915512639,2.175504878377449
2022-11-30,2.47807123365821,2.6576504316987135,1.8501871375218242,2.407454366149811,2.095927176073739,1.6618716503918767,2.2064261474205393
2022-12-01,2.4684915871984683,2.668448138588222,1.8705082805643414,2.3971250897570946,2.096991656350253,1.6623608305079751,2.175818524084122
2022-12-02,2.491040245064018,2.7055515237820913,1.894883297555754,2.4197713304674444,2.098056677255407,1.6628501546166534,2.195400882954832
2022-12-05,2.441530924181486,2.6178142023019615,1.8373501829949226,2.3727112123593774,2.0991222390637763,1.6633396227602961,2.1459213602533755
2022-12-06,2.428981959954378,2.6357139512097,1.8466228606693178,2.3621533169008715,2.100188342050074,1.6638292349813009,2.1613615950541614
2022-12-07,2.4116550285140326,2.6385486722161198,1.8415587210476165,2.346817524790584,2.101254986489155,1.6643189913220773,2.1393922727034624
2022-12-08,2.3949414653555383,2.5549278622419234,1.7981541457565686,2.329244936094471,2.1023221726560117,1.6648088918250479,2.1037023727817465
2022-12-09,2.397083626011304,2.550970087311382,1.79661661810796,2.3323289776711777,2.1033899008257766,1.6652989365326478,2.109008653993074
2022-12-12,2.385864868572811,2.4881801762334534,1.7778086720264281,2.3196669272883477,2.1044581712737234,1.665789125487324,2.06632164985095
2022-12-13,2.374672578945919,2.431360461261513,1.741104874019901,2.3082486332205527,2.1055269842752637,1.6662794587315364,2.0309426495196505
2022-12-14,2.3759706927369746,2.4523095189556408,1.7614233787921583,2.3079778923323264,2.10659634010595,1.6667699363077575,2.034985324950874
2022-12-15,2.3486881119008873,2.4483812795635918,1.7461990657822803,2.284345079565531,2.1076662390414755,1.6672605582584719,2.034826834812668
2022-12-16,2.321977594472379,2.444543242223423,1.7320558244196564,2.257976887801905,2.1087366813576716,1.6677513246261773,2.017526498550732
2022-12-19,2.3368219711967697,2.539734534333,1.78479077052217,2.2727742228217003,2.1098076673305104,1.6682422354533832,2.0544823580664855
2022-12-20,2.349466473055481,2.6076866797308993,1.820922218082108,2.288646728346804,2.110879197236105,1.668733290782612,2.096151926135744
2022-12-21,2.367187597184863,2.6437102313740075,1.8364480098342255,2.3056602966855957,2.1119512713507085,1.6692244906563989,2.107313515658448
2022-12-22,2.348241137756303,2.616742125625533,1.8280018182905138,2.2877121369987403,2.1130238899507128,1.669715835117291,2.1096355531040967
2022-12-23,2.3738832917667474,2.716819100480786,1.8706330145247085,2.3141928836947394,2.114097053312652,1.6702073242078483,2.1517305730418816
2022-12-26,2.37175738570424,2.6775784815045776,1.85049655175486,2.307570460779725,2.1151707617132005,1.6706989579706433,2.1329035922927444
2022-12-27,2.3802833098894096,2.6454892523040137,1.8415709364364758,2.3187419012596138,2.116245015429172,1.6711907364482608,2.1297740005166563
2022-12-28,2.3825746823342904,2.711459609534213,1.8702121661752347,2.3238954310851927,2.1173198147375216,1.6716826596832988,2.162305866743919
2022-12-29,2.403280924281703,2.7023053560073858,1.8674195767976558,2.3409212120260436,2.1183951599153454,1.6721747277183667,2.152456920791606
2023-01-02,2.373812035143042,2.6807094480198352,1.8771170983119183,2.31164204013767,2.1194710512398793,1.672595658557192,2.0865779841113588
2023-01-03,2.361168098117217,2.6783620667168404,1.8732058178634179,2.2932491170203537,2.120547488988501,1.673016695355501,2.0432230852655318
2023-01-04,2.384230979091111,2.7084085473951713,1.8917283609603115,2.317558705144829,2.121624473438728,1.6734378381399668,2.0661476637710128
2023-01-05,2.383024918220533,2.7605204123216516,1.90355375553568,2.320833545546589,2.1227020048682195,1.673859086937269,2.11139699053119
2023-01-06,2.397613308946891,2.7746047001396197,1.909263032251605,2.3378255217574777,2.123780083554776,1.674280441774093,2.137335627778844
2023-01-09,2.4161348260413176,2.805590133339148,1.9274723662590503,2.3550473172923265,2.124858709776338,1.6747019026771328,2.1405891870887763
2023-01-10,2.4381779075178924,2.8450261392294576,1.944972913795272,2.3783284296567455,2.125937883810988,1.675123469673088,2.1736826340903996
2023-01-11,2.4664690959566316,2.840800852884067,1.9454771392866634,2.405510950494622,2.127017605936949,1.6755451427886643,2.2070355890782194
2023-01-12,2.447675792799038,2.847373520532452,1.9434228087006313,2.387441379415035,2.128097876432587,1.6759669220505755,2.1939550527460225
2023-01-13,2.4392899795907015,2.8661525709564084,1.9569586602691749,2.3794329096440343,2.129178695576407,1.676388807485541,2.1756317881787095
2023-01-16,2.421952534530254,2.8262470888055002,1.9470955233576337,2.365015568871182,2.1302600636470577,1.6768107991202879,2.1422190070867404
2023-01-17,2.4456082021895207,2.840331376623468,1.9450241931064434,2.387462122405149,2.131341980923328,1.6772328969815489,2.1858912785113014
2023-01-18,2.458938584401946,2.8717862860835957,1.962894981893326,2.3989437808975227,2.1324244476841483,1.6776551010960645,2.2013729012070895
2023-01-19,2.4553598650701347,2.863805189653414,1.9555957426435824,2.3953749617754956,2.1335074642085905,1.6780774114905814,2.214975788081419
2023-01-20,2.4772963081048704,2.850190378096045,1.9610279296529196,2.4142252559244626,2.1345910307758698,1.6784998281918528,2.1976901631565693
2023-01-23,2.4889344839035905,2.841270329144666,1.9606624975439413,2.423206485940512,2.1356751476653417,1.6789223512266391,2.1917397215320373
2023-01-24,2.4874021786075735,2.8638051896534136,1.9646064331439355,2.424119886797623,2.1367598151565046,1.6793449806217076,2.2170602864709195
2023-01-25,2.48948187076124,2.8346976614962807,1.94393009839977,2.4296868662061826,2.1378450335289974,1.6797677164038316,2.241420691475991
2023-01-26,2.5006325430949885,2.877889477471381,1.9668187281051261,2.438540499587184,2.1389308030626024,1.6801905585997916,2.239605900933066
2023-01-27,2.502576593419207,2.8271860413266974,1.94914351898539,2.43573397106755,2.140017124037243,1.6806135072363748,2.2030945199484693
2023-01-30,2.482173610331957,2.8361060902780766,1.9476546465513247,2.420250846999855,2.141103996732986,1.6810365623403754,2.2022481276881236
2023-01-31,2.500200710795115,2.863805189653413,1.9617139799120715,2.4379141437890857,2.1421914214300393,1.6814597239385938,2.224953213044282
2023-02-01,2.498422323812015,2.8473735205324506,1.9562201743056327,2.4335325755179227,2.1432793984087533,1.682129625274469,2.1983356966279013
2023-02-02,2.4977705365978413,2.7135727862617585,1.8960632467196206,2.431039216440477,2.1443679279496215,1.6827997935021368,2.160421442538787
2023-02-03,2.478949727315286,2.747375077024881,1.9161265573252793,2.409819238468249,2.1454570103332795,1.6834702287279282,2.1287004652117036
2023-02-06,2.4718524502859185,2.7131033100011597,1.8963510835886297,2.4039772012837544,2.146546645840505,1.684140931058216,2.1325864158651715
2023-02-07,2.4804461738217674,2.7314128841645178,1.916046212102834,2.409429350745392,2.1476368347522183,1.6848119005994164,2.115092674558346
2023-02-08,2.4935107114145483,2.729534979122122,1.9099186017675873,2.4252217737458452,2.1487275773494834,1.6854831374579875,2.1567112433257063
2023-02-09,2.472003640245304,2.6685030652442627,1.8834789907284355,2.4033979289700085,2.149818873913506,1.6861546417404294,2.118590442063905
2023-02-10,2.4550647057277377,2.6469071572567127,1.863898980293046,2.38787123103073,2.1509107247256347,1.686826413553285,2.1199678155174735
2023-02-13,2.465840443954167,2.657705111250488,1.8708338905660655,2.4015711979513137,2.1520031300673614,1.68749845300314,2.13483999655558
2023-02-14,2.4583028778666645,2.6525408723839,1.8723199819365492,2.3933717873501275,2.1530960902203207,1.6881707601966223,2.1154669309738123
2023-02-15,2.4924998429159846,2.699488498443792,1.8993379604066205,2.4268156132616596,2.1541896054662906,1.6888433352404018,2.1498194722788333
2023-02-16,2.4840960282810576,2.6966716408801985,1.8923818802927321,2.4214271103022478,2.1552836760871914,1.6895161782411912,2.1565145037110764
2023-02-17,2.4555973155964974,2.6656862076806696,1.8705915220912028,2.3959416794995168,2.156378302365088,1.6901892893057462,2.1415179628368035
2023-02-22,2.4071134934951974,2.6220249154449697,1.8372663645190994,2.3470336822196542,2.1574734845821872,1.6908626685408643,2.1017999026697884
2023-02-23,2.4109265077708333,2.63939553708713,1.8442046369711171,2.352548699106855,2.1585692230208395,1.6915363160533863,2.110446638155436
2023-02-24,2.390506751819052,2.5938563398090344,1.822941402486673,2.33118197631958,2.159665517963539,1.6922102319501948,2.0752484891947134
2023-02-27,2.390729391676405,2.599490054936221,1.829166876204326,2.3368789233615406,2.160762369692923,1.6928844163382157,2.073534520348618
2023-02-28,2.39069221667413,2.6417429183901247,1.8520940333174114,2.3305912833987126,2.161859778491773,1.693558869324417,2.0582519910813937
2023-03-01,2.3750834182528506,2.6994884984437917,1.8755280426669028,2.312350312524057,2.1629577446430135,1.6941295534202951,2.0475174226365054
2023-03-02,2.3770437297561853,2.6896294969712145,1.8770393989534742,2.3151917902601116,2.1640562684297127,1.694700429821468,2.0267438377641542
2023-03-03,2.3986077394684893,2.712164357479963,1.8954512486293364,2.336309916968031,2.165155350135082,1.6952714985927373,2.037343454210174
2023-03-06,2.3989619680413856,2.661930397595879,1.864468376965343,2.338607226320751,2.1662549900424786,1.6958427597989265,2.0537089340380867
2023-03-07,2.390166745139116,2.635639727002339,1.8463050240563013,2.326026011530623,2.1673551884354016,1.696414213504881,2.0444429493367
2023-03-08,2.4112285275873013,2.6577051112504884,1.8652747452194227,2.3514574741118217,2.1684559455974957,1.6969858597754683,2.089800747688991
2023-03-09,2.3851859971482607,2.5999595311968213,1.8181581085201945,2.3271921386189116,2.1695572618125474,1.6975576986755774,2.0609835921515165
2023-03-10,2.3513827361938056,2.5436223799249507,1.7867848944503628,2.295262132486709,2.1706591373644897,1.698129730270119,2.032483024588132
2023-03-13,2.3590324411349117,2.529068615846384,1.7858146509441923,2.2999964638850576,2.1717615725373984,1.6987019546240263,2.0227374502977438
2023-03-14,2.3579479080275965,2.531885473409978,1.7913804880429711,2.302626962183116,2.1728645676154947,1.699274371802254,2.019030585654402
2023-03-15,2.362525818461526,2.4600556055383427,1.7532293306239561,2.2993584611620705,2.173968122883143,1.699846981869779,2.013990873871072
2023-03-16,2.3830679646998907,2.4675672257079255,1.7595263160015464,2.3193635856462747,2.175072238624852,1.7004197848915994,2.028882866176455
2023-03-17,2.361981642717396,2.4511355565869635,1.7611849902272134,2.2953288933030804,2.176176915125277,1.7009927809327359,2.0003795524968138
2023-03-20,2.341120925005038,2.4548913666717547,1.751068754660984,2.2770149605480645,2.177282152669214,1.7015659700582306,1.9796142059732305
2023-03-21,2.356984969662706,2.4318870299024073,1.7467809772150817,2.290069391884585,2.1783879515416085,1.702139352333148,1.9810900473096948
2023-03-22,2.340881089005029,2.441276555114386,1.7487273802470114,2.2706132393435077,2.1794943120275465,1.7027129278225743,1.9658392945305763
2023-03-23,2.3150187048179567,2.4178027420844397,1.7436715010028923,2.2427771904409424,2.1806012344122614,1.7032866965916176,1.92083652977996
2023-03-24,2.3301783885128997,2.4084132168724612,1.7327415695772757,2.257230358625107,2.18170871898113,1.703860658705408,1.9385476065733358
2023-03-27,2.342537440852996,2.396206834096889,1.7253347684927105,2.2651292246929247,2.182816766019675,1.7044348142290975,1.955047842248956
2023-03-28,2.3503441674381826,2.4417460313749846,1.7436859156517308,2.2779168970420987,2.1839253758135637,1.70500916322786,1.9847572894184844
2023-03-29,2.35483037329894,2.469445130750321,1.7608935492239202,2.28628147799997,2.1850345486486082,1.7055837057668912,1.9966720993999894
2023-03-30,2.383526308279031,2.4966747538650584,1.774490068208878,2.3128230323979584,2.186144284810766,1.7061584419114095,2.03435136439805
2023-03-31,2.375816622354171,2.4628724631019363,1.7595848048536589,2.3013135077153875,2.18725458458614,1.7067333717266546,1.9984311830131483
2023-04-03,2.3644411253068336,2.4472580558742725,1.7484726977066312,2.291760824280544,2.1883654482609787,1.707227715129428,1.9910555070517282
2023-04-04,2.368730840379402,2.4622719089777956,1.7592373175234846,2.2947289596736766,2.1894768761216747,1.7077222017153155,1.9981810902826873
2023-04-05,2.341211830175637,2.3841998728394755,1.704091440220197,2.2689521392643885,2.1905888684547676,1.7082168315257895,1.9806922527548902
2023-04-06,2.341497901661401,2.416629795543085,1.7269458785080964,2.268644741897826,2.191701425546942,1.7087116046023343,1.9776299408270752
2023-04-10,2.3553985666779744,2.4232358909086353,1.7313247469372546,2.2833762317905304,2.192814547685027,1.7092065209864455,1.9977336694841126
2023-04-11,2.4044711714336824,2.3625799243704027,1.688610655857086,2.3315752500808418,2.193928235155999,1.7097015807196314,2.083395235370601
2023-04-12,2.399838912939536,2.2989211872114645,1.643462441550495,2.327113000695303,2.19504248824698,1.7101967838434118,2.09665407310828
2023-04-13,2.4029807326354278,2.3481666253910207,1.6780626166742423,2.329153723411343,2.1961573072452367,1.7106921303993192,2.0881830890630195
2023-04-14,2.391038005177211,2.337957205280625,1.6714572864947237,2.3179945349492646,2.1972726924381822,1.7111876204288972,2.0846821831388818
2023-04-17,2.3959469897143997,2.341560530025471,1.6738238352382675,2.3228090358087647,2.198388644113376,1.7116832539737021,2.079509677019456
2023-04-18,2.402156858934138,2.348166625391021,1.6789547109987435,2.3304051192165485,2.199505162558523,1.7121790310753024,2.0824040835533295
2023-04-19,2.391805257890419,2.4076214836809724,1.7209859244438932,2.321664974144461,2.200622248061475,1.7126749517752782,2.038264383911757
2023-04-20,2.3858536874620717,2.369786573860094,1.6943097453488432,2.3153806638343917,2.2017399009102285,1.7131710161152214,2.0471672928138616
2023-04-24,2.3756502261138404,2.3487671795151615,1.6797135682768716,2.305248763917461,2.2028581213929286,1.7136672241367368,2.0389242364178526
2023-04-25,2.3500699769268087,2.3013234037080283,1.6456195986774562,2.280058996790825,2.2039769097978645,1.7141635758814404,2.0246740507117407
2023-04-26,2.339415022610112,2.3499682877634434,1.6794046295817744,2.2694695838727563,2.2050962664134732,1.714660071390961,2.0068637214308254
2023-04-27,2.3487206125386217,2.3932081847015896,1.7095552179352524,2.2782672818757845,2.2062161915283376,1.7151567107069388,2.018852676551244
2023-04-28,2.387071978838349,2.410023700177536,1.7212219222090783,2.3142399518504866,2.2073366854311876,1.7156534938710262,2.0484385484892504
2023-05-02,2.356692311095019,2.4202331202879312,1.7285845303084681,2.284779183681245,2.2084577484108987,1.7158411322735907,1.999308959459279
2023-05-03,2.3448293815585255,2.3661832491152484,1.6909502455315049,2.273041114095361,2.209579380756495,1.716028791197881,1.9967617404806342
2023-05-04,2.3495890590831428,2.3835993187153353,1.7026261873205935,2.2752395055093286,2.2107015827571455,1.7162164706461411,2.004161543034875
2023-05-05,2.398175145712674,2.414227579046523,1.723875443728712,2.3227681896475407,2.2118243547021663,1.716404170620616,2.0624996444760173
2023-05-08,2.424289662595589,2.4772857620813205,1.7690215068255997,2.3482475027405303,2.2129476968810224,1.7165918911235505,2.080029085294171
2023-05-09,2.4258026918042317,2.4610708007295155,1.7572816284254245,2.351201135357914,2.214071609583323,1.7167796321571895,2.1010468783621503
2023-05-10,2.4326026713803897,2.492299615184844,1.7786561773060654,2.35516770377346,2.2151960930988266,1.7169673937237788,2.1076091154582968
2023-05-11,2.438053083970781,2.513319009529776,1.7938737560628342,2.359804151276779,2.216321147717438,1.717155175825564,2.123461856150973
2023-05-12,2.433388428385506,2.495302385805548,1.78066696792809,2.356290213615026,2.217446773729209,1.7173429784647907,2.1275308158377904
2023-05-15,2.4433505424093176,2.5007073729228164,1.7842687918167766,2.364670169421373,2.2185729714243387,1.7175308016437052,2.1386188486750637
2023-05-16,2.430101326578724,2.582382733805982,1.8416676122557682,2.3537885749362237,2.2196997410931743,1.717718645364554,2.122231596068264
2023-05-17,2.4589438422055547,2.588388275047392,1.8467120933413026,2.381254084321102,2.2208270830262102,1.7179065096295838,2.1470696291507263
2023-05-18,2.4871786848535784,2.6778708395443904,1.909446552968829,2.4088024533573758,2.2219549975140875,1.7180943944410414,2.1597902281022194
2023-05-19,2.503770243544609,2.6718652983029814,1.9057323532142043,2.4254221528973416,2.2230834848475958,1.7182822998011738,2.1722664227069246
2023-05-22,2.498469452866079,2.6784713936685316,1.9103087907333214,2.420580468787191,2.2242125453176724,1.7184702257122286,2.1618431461547756
2023-05-23,2.479071963261392,2.649044241585626,1.8889675334426232,2.4030680251927268,2.2253421792154024,1.7186581721764531,2.1562608802597154
2023-05-24,2.4484993267473754,2.642438146220076,1.8843922766759105,2.3727492341586056,2.2264723868320178,1.7188461391960956,2.134115610317468
2023-05-25,2.492319270787693,2.7595462004275566,1.9672781809038262,2.4139256524522,2.2276031684588995,1.7190341267734037,2.1587294426227404
2023-05-26,2.508939313789844,2.810593300979535,2.0052378600550913,2.4297020027540532,2.2287345243875754,1.7192221349106263,2.1754244564013785
2023-05-29,2.511037165750489,2.8394198989383,2.025140546095962,2.431540702437201,2.229866454909723,1.7194101636100116,2.164202452321042
2023-05-30,2.495848142176859,2.882659795876446,2.0564183792262263,2.4170468151490296,2.2309989603171667,1.719598212873809,2.137400946115506
2023-05-31,2.493672130524589,2.858637630910809,2.0397010216078963,2.4149517009556756,2.2321320409018797,1.7197862827042667,2.12500497733571
2023-06-01,2.521800083006503,2.910885839711069,2.0760549275248312,2.442786375369383,2.2332656969559825,1.7197207694115515,2.1687386440737098
2023-06-02,2.5463408642017673,2.879657025255742,2.0539069003531596,2.467271733059187,2.2343999287717455,1.7196552586144902,2.207841181897048
2023-06-05,2.543669868401997,2.8886653371178554,2.0602209030396526,2.464170440499717,2.2355347366415868,1.7195897503129876,2.210551402490605
2023-06-06,2.5731926031275774,2.7997833267449987,1.9980622127537466,2.4917243483254468,2.2366701208580717,1.719524244506949,2.2480904194084466
2023-06-07,2.5811035211180813,2.834615465945173,2.0215564271027966,2.497894833929577,2.237806081713917,1.7194587411962792,2.2653136682640516
2023-06-09,2.5937088523711593,2.882059241752306,2.054862308963991,2.5123426033955973,2.238942619501985,1.7193932403808834,2.2953506878726944
2023-06-12,2.6119235308992748,2.9607318320147673,2.1107574956214155,2.5286745046181287,2.2400797345152896,1.719327742060666,2.301565933564773
2023-06-13,2.6062573188558242,2.9607318320147673,2.1114298786276833,2.5244057287819617,2.241217427046992,1.7192622462355325,2.2899218121856504
2023-06-14,2.631093209302088,2.9601312778906266,2.1116791296949073,2.547098701408873,2.242355697390401,1.7191967529053873,2.3355477491752277
2023-06-15,2.6522391089657256,2.9841534428562637,2.1293470812938406,2.5666749016694284,2.2434945458389777,1.7191312620701358,2.338533758301357
2023-06-16,2.64035891084893,2.9703406980010225,2.1181790319667315,2.557103506506087,2.244633972686329,1.7190657737296826,2.3294601978890546
2023-06-19,2.644450571495614,2.94271520829054,2.099711748246185,2.560997732789521,2.2457739782262136,1.719000287883933,2.3510238796385035
2023-06-20,2.644649825194414,2.946919087159526,2.102479889171772,2.560761664517916,2.246914562752537,1.718934804532792,2.346407265909766
2023-06-21,2.6373705840319834,2.8814586876281654,2.0565362874782647,2.5547082113288653,2.2480557265593553,1.7188693236761643,2.3620573824529787
2023-06-22,2.61927321266379,2.8946708783592654,2.0655510101775723,2.536917690956789,2.249197469940874,1.718803845313955,2.332908142999684
2023-06-23,2.616136259842148,2.8862631206212925,2.0616809888530785,2.5318467477880966,2.250339793191447,1.7187383694460692,2.3337496314810013
2023-06-26,2.5936689348760034,2.8460259943038504,2.03096375201725,2.5125502153885226,2.251482696605579,1.7186728960724116,2.319349193985451
2023-06-27,2.5959958198394837,2.86524372627636,2.044283646762055,2.5162890411068317,2.252626180477924,1.7186074251928873,2.3052247411736344
2023-06-28,2.597672101329367,2.9018775278489564,2.07178375793132,2.5167231786407034,2.2537702451032846,1.7185419568074014,2.2887176402073743
2023-06-29,2.626425125947623,2.898274203104111,2.0692138056580314,2.5435677547507183,2.254914890776614,1.7184764909158587,2.322089425706664
2023-06-30,2.63275507227673,2.917491935076621,2.082896449435498,2.5472352218550225,2.2560601177930155,1.7184110275181645,2.3162902166273764
2023-07-03,2.6513429991165007,2.888875387388071,2.1031449055722513,2.56593866475913,2.2572059264477415,1.718509142557348,2.347395475459622
2023-07-04,2.6563598468506426,2.9370349432541683,2.1085964301593454,2.56938284381164,2.258352317036195,1.7186072631985443,2.3356968240577
2023-07-05,2.66367847471515,2.9837985699647267,2.1126869197407645,2.5767168924143973,2.259499289853928,1.7187053894420738,2.344971635561338
2023-07-06,2.64094293671788,2.9321491912097817,2.0958335635149643,2.5559052279721395,2.2606468451966437,1.718803521288256,2.303318740340776
2023-07-07,2.6552212576760104,3.0075293656088906,2.099350830240338,2.5685401182037286,2.261794983360196,1.7189016587374106,2.3321978796451734
2023-07-10,2.6497143423660203,2.9684433492537967,2.0833595017871076,2.5625508729303426,2.2629437046405867,1.7189998017898578,2.3134546554418467
2023-07-11,2.6442696980912634,2.9579738805872537,2.0737905591684753,2.557403568204742,2.2640930093339704,1.7190979504459174,2.3058651747147767
2023-07-12,2.6493821976005307,2.931451226632012,2.0827906312777493,2.561823300532054,2.2652428977366506,1.7191961047059094,2.308041864150016
2023-07-13,2.674278887545762,2.9377329078319385,2.1131264872946725,2.5850008846293293,2.2663933701450816,1.7192942645701539,2.3393750506315136
2023-07-14,2.6471654062409447,2.8560710522329034,2.093419898527868,2.5595494487183417,2.2675444268558693,1.719392430038971,2.308905910014866
2023-07-17,2.665993153459245,2.9056265372545402,2.112003337559669,2.5761548373385144,2.268696068165769,1.7194906011126798,2.3188884349079193
2023-07-18,2.6700047557527053,2.9258675100098563,2.123091866742782,2.5802441815467514,2.2698482943716867,1.7195887777916015,2.311468624935241
2023-07-19,2.663875014281604,2.911210253876696,2.1127786937839934,2.573761417949867,2.2710011057706803,1.7196869600760554,2.305797502564182
2023-07-20,2.6575220807281625,2.915398041343313,2.083321739948438,2.5691703755876705,2.272154502659957,1.7197851479663617,2.3162097946513067
2023-07-21,2.67800710272994,2.9642555617871795,2.0953442091101455,2.5894888907511855,2.2733084853368766,1.7198833414628407,2.3580659024748156
2023-07-24,2.683827386085662,2.955879986853945,2.0945652904359906,2.594792862905782,2.2744630540989488,1.7199815405658123,2.3801313388944765
2023-07-25,2.6959975039002493,2.992872109475731,2.106751211694837,2.6079490360641344,2.275618209243835,1.7200797452755967,2.393196575436104
2023-07-26,2.6987935226845403,2.9970598969423476,2.1015825465870495,2.6103674625077087,2.276773951069347,1.7201779555925139,2.4040360847522053
2023-07-27,2.6737943420894354,2.959369809742793,2.0841812100968977,2.5851028137626835,2.2779302798734493,1.720276171516884,2.3536107211517017
2023-07-28,2.6862790542608783,2.985194499120267,2.1070097310634583,2.5968424566502066,2.2790871959542565,1.7203743930490274,2.357484118130856
2023-07-31,2.712320057024062,3.036145913297442,2.124746928592854,2.620936520043044,2.2802446996100336,1.720472620189264,2.3919257120630375
2023-08-01,2.7192367791059397,3.043125559075137,2.1312848921152225,2.626963528781635,2.2813660741791475,1.7206608926619655,2.3783012485609825
2023-08-02,2.697671247223513,3.0528970631639094,2.0986546274989024,2.6073432369405434,2.282488000215796,1.72084918573745,2.3706578262645976
2023-08-03,2.7195260569338644,3.0717421067636868,2.1173028434607546,2.627222725946542,2.2836104779911803,1.721037499417972,2.3653038803211115
2023-08-04,2.7021102521504625,3.0794197171191513,2.108179504968185,2.61103545679746,2.284733507776632,1.7212258337057862,2.3441570197890984
2023-08-07,2.706650454429447,3.0577828152082964,2.117904330376998,2.6164831063661587,2.285857089843619,1.7214141886031482,2.3416427542055263
2023-08-08,2.6933800336312097,3.0347499841419014,2.1041114780998553,2.6044587778113573,2.2869812244637395,1.7216025641123125,2.335968885718211
2023-08-09,2.673550366879518,2.997757861520116,2.0749094382733366,2.586209848280648,2.288105911908729,1.7217909602355355,2.322601772539579
2023-08-10,2.6701239511916746,3.023582550897588,2.073060734227196,2.5829241033192254,2.289231152450453,1.7219793769750724,2.321441146119077
2023-08-11,2.665601897283867,3.009623259342197,2.063183958690086,2.579305765035656,2.2903569463609137,1.7221678143331796,2.315861430189112
2023-08-14,2.664731648024755,2.9565779514317136,2.076061559981603,2.5796121615124883,2.2914832939122447,1.7223562723121133,2.2912328865467533
2023-08-15,2.652190713813936,2.96285963263164,2.0670099468544745,2.566853174804859,2.2926101953767155,1.7225447509141298,2.2787158925005295
2023-08-16,2.6351530108659063,2.9523901639650965,2.05111795972943,2.550812434154107,2.2937376510267278,1.7227332501414863,2.2673410866656605
2023-08-17,2.6098920279662887,2.8756140604104483,2.0275016963034913,2.527502461404177,2.2948656611348186,1.7229217699964399,2.2553911656263104
2023-08-18,2.6138311065380337,2.9035326435212294,2.024936937274724,2.53057068828663,2.2959942259736574,1.7231103104812473,2.263751520416685
2023-08-21,2.6101223743102295,2.872822202099371,2.0392268606132786,2.527856993326608,2.297123345816049,1.7232988715981665,2.244544987170731
2023-08-22,2.6226392488641355,2.944014589031863,2.0504626599812057,2.5398601738922943,2.2982530209349323,1.723487453349455,2.2784136235612036
2023-08-23,2.636371380350282,2.941920695298555,2.070466446227274,2.5541084329728285,2.2993832516033805,1.7236760557373711,2.317223700003272
2023-08-24,2.615094879038194,2.97821485334257,2.0349958236264345,2.5326101103877905,2.3005140380946005,1.7238646787641732,2.295470732383318
2023-08-25,2.605197965233132,2.922377687121007,2.0286572320778826,2.523598099184004,2.301645380681933,1.7240533224321197,2.272160128392701
2023-08-28,2.622640333364254,2.907022466410078,2.0446097347589407,2.5413262948945947,2.3027772796388546,1.724241986743469,2.29734162215833
2023-08-29,2.6501843451976237,2.9356390140986295,2.077860579491089,2.56799141380423,2.303909735238976,1.7244306717004807,2.322500558540428
2023-08-30,2.648235826925946,2.9279614037431645,2.072938471160825,2.5660344239853474,2.305042747756042,1.7246193773054137,2.3054646340437177
2023-08-31,2.637566634142093,2.8344341503220476,2.0695125709569537,2.5568467619010167,2.3061763174639314,1.7248081035605274,2.270289042466527
2023-09-01,2.6632696360764507,2.9112102538766953,2.085965072802344,2.581233732918309,2.307292631482238,1.7250214298481614,2.3124840994964964
2023-09-04,2.6644232727677686,2.9056265372545393,2.0855927869203037,2.5813171003220825,2.308409485856882,1.7252347825202405,2.310202076887721
2023-09-05,2.663095819041954,2.888875387388071,2.0910730720278012,2.5786845611093687,2.3095268808494245,1.7254481615800281,2.3014670733795577
2023-09-06,2.6434547174763625,2.8490914064552078,2.0661670928367752,2.5594383663482323,2.3106448167215543,1.725661567030788,2.275065911693921
2023-09-08,2.622436543035066,2.842111760677512,2.056669789493288,2.540523364752494,2.3117632937350856,1.725874998875784,2.261885730571861
2023-09-11,2.640091670320564,2.8721242375216023,2.0808770470271063,2.557402341631309,2.312882312151961,1.7260884571182809,2.292680285964851
2023-09-12,2.6568273863469343,2.9475044119207108,2.0868386517182427,2.573352318995915,2.3140018722342486,1.726301941761543,2.3139583716236705
2023-09-13,2.651381418018315,2.944712553609633,2.091237791180815,2.568862605561296,2.315121974244143,1.7265154528088364,2.3180353735080947
2023-09-14,2.6585039208866363,2.925169545432086,2.091200702634806,2.5766642831409605,2.316242618443968,1.7267289902634264,2.341879116354707
2023-09-15,2.6392825085646834,2.8756140604104496,2.0682717794158716,2.5579339036349413,2.3173638050961713,1.7269425541285788,2.3294427404357143
2023-09-18,2.6299435977912338,2.8686344146327545,2.0604808886043666,2.547973610420437,2.3184855344633304,1.7271561444075605,2.3202369741408
2023-09-19,2.623906429752413,2.8511853001885163,2.053936092341408,2.542981814059361,2.3196078068081483,1.727369761103638,2.3115586583182077
2023-09-20,2.627211314918486,2.8616547688550593,2.048298101792385,2.546312226987117,2.3207306223934547,1.7275834042200788,2.328222484062224
2023-09-21,2.587188522811418,2.791858311078106,2.013570610032249,2.5077358286851656,2.3218539814822083,1.727797073760151,2.2781986418885865
2023-09-22,2.582644392716421,2.7709193737450204,2.008248177668904,2.502708480696325,2.322977884337494,1.7280107697271219,2.2755229438993907
2023-09-25,2.589419769567503,2.718572030412306,2.0190736963877383,2.5089964880035676,2.3241023312225244,1.7282244921242607,2.2738746856922796
2023-09-26,2.557095501935905,2.6892575181459857,1.9934854579176515,2.4769821570067707,2.325227322400639,1.728438240954836,2.239917388976968
2023-09-27,2.569916006642016,2.6794860140572125,1.9982409364696179,2.4874352399844057,2.3263528581353046,1.728652016222117,2.2425383607922043
2023-09-28,2.5928202331148147,2.7402089323231618,2.024314840771004,2.5103733561800716,2.327478938690117,1.7288658179293739,2.2700722954334602
2023-09-29,2.602942755947054,2.784180700722642,2.030196668378781,2.5191376428914896,2.3286055643287975,1.7290796460798763,2.2864393444706623
2023-10-02,2.588132448560838,2.762136514651995,2.013421149403262,2.5057930143089298,2.329706510901509,1.729277010275756,2.2568536686838168
2023-10-03,2.5660739471378706,2.7457258427994025,2.0004506952312244,2.4849201820591196,2.330807977993184,1.729474396999589,2.2247276392089663
2023-10-04,2.580028377519241,2.7702193828778983,2.005382435390366,2.4984664722164043,2.3319099658499205,1.7296718062539467,2.2284233232361226
2023-10-05,2.574820130448761,2.7934882459524695,2.004203213478924,2.4936766055924293,2.3330124747179317,1.7298692380414014,2.2220803831381373
2023-10-06,2.5921568180406442,2.8204311400388153,2.0246601982942862,2.511184859578927,2.3341155048435485,1.7300666923645245,2.2394505492134402
2023-10-09,2.600849421586111,2.817491915229396,2.0359608779056537,2.519550707593307,2.3352190564732167,1.7302641692258887,2.2587996843535483
2023-10-10,2.6214208831811394,2.795937599960319,2.0486512596721584,2.5374945708794403,2.3363231298534997,1.7304616686280663,2.289808829116832
2023-10-11,2.626119163733663,2.816022302824686,2.0451860355408624,2.5419471575935435,2.337427725231077,1.7306591905736306,2.295963856402439
2023-10-13,2.5914485728684977,2.766300416465339,2.036693704936955,2.5102824338380905,2.3385328428527443,1.7308567350651545,2.270529719941253
2023-10-16,2.603263636929426,2.7618915792512095,2.0416501983598367,2.5216436854766617,2.339638482965415,1.7310543021052114,2.2858249990339523
2023-10-17,2.584026590995551,2.768504835072403,2.048435245854024,2.5044419568328418,2.3407446458161196,1.7312518916963755,2.2735573131135447
2023-10-18,2.5444134039633726,2.7013925352573236,2.012687512991293,2.4668021834680323,2.3418513316520038,1.7314495038412203,2.237293082591993
2023-10-19,2.535276959299654,2.59998927933235,1.9689806311472957,2.456932686843967,2.3429585407203306,1.7316471385423207,2.2362075820662097
2023-10-20,2.5101892379650685,2.5644736462185307,1.9481910854355862,2.432070144724344,2.3440662732684805,1.7318447958022511,2.219553956182573
2023-10-23,2.5129984595569637,2.5502673929730033,1.9265853634168235,2.4336237601215376,2.3451745295439506,1.7320424756235864,2.212281455731916
2023-10-24,2.5281164760208075,2.5796596410671984,1.9445522834349347,2.4475793284531,2.3462833097943556,1.732240178008902,2.2314528779200256
2023-10-25,2.4960376192350364,2.527488400700002,1.9202574168499589,2.4167217046992495,2.3473926142674264,1.7324379029607735,2.2131729627593257
2023-10-26,2.51410375914767,2.5147517598591844,1.9221576601055816,2.4318111840210275,2.3485024432110118,1.7326356504817766,2.251361436171723
2023-10-27,2.4890933944158555,2.4931974445901077,1.9122891242698579,2.409156008969398,2.3496127968730764,1.7328334205744873,2.222419136193437
2023-10-30,2.491929931965809,2.539000364536895,1.924750916729832,2.413112541321671,2.3507236755017042,1.7330312132414822,2.2073188313549172
2023-10-31,2.5031549422354016,2.513772018256044,1.9233651555496598,2.4247310817152785,2.351835079345094,1.7332290284853382,2.219326224684483
2023-11-01,2.5249511790317065,2.5568806487941975,1.9526942304478243,2.4449318196396357,2.3529071387764238,1.7334598564542185,2.2567771697309698
2023-11-03,2.592726101507917,2.635749847846955,1.9948466471190247,2.5098190230192166,2.353979686894836,1.733690715164305,2.3177215316502617
2023-11-06,2.5894919325848864,2.5705970312381554,1.9770086738359351,2.5069715253515263,2.3550527239230945,1.7339216046196924,2.3230427203498367
2023-11-07,2.6096589372578984,2.593620958911942,1.9772513908152098,2.525835948350313,2.3561262500840634,1.7341525248244745,2.3394568456657137
2023-11-08,2.613363847736365,2.6193391759943627,1.977032666575264,2.529158022848633,2.357200265600708,1.7343834757827468,2.337664220203998
2023-11-09,2.6073660430527466,2.624482819410847,1.9792351795298577,2.5241650430264175,2.3582747706960965,1.7346144574986049,2.334868477704181
2023-11-10,2.634673785863537,2.63844413725559,1.9975185687578465,2.551084402805346,2.359349765593399,1.734845469976145,2.3649580658240112
2023-11-13,2.632723129055307,2.6453023284775687,2.0077584493396303,2.548195663401557,2.3604252505158847,1.735076513219464,2.361859465931384
2023-11-14,2.689518254793182,2.6991881166502605,2.046608667518039,2.60167749640291,2.3615012256869283,1.735307587232659,2.415910683745676
2023-11-16,2.711285173258572,2.676654059778044,2.042647136797562,2.6232469015710014,2.362577691330004,1.7355386920198284,2.444813165038249
2023-11-17,2.7228018710472965,2.73176452495466,2.077380464342143,2.6344968962055284,2.363654647668688,1.7357698275850701,2.447441002144125
2023-11-20,2.7317325350078794,2.730049977149165,2.090061357685717,2.6428021731917304,2.3647320949266586,1.736000993932483,2.4706623573564204
2023-11-21,2.727241489185418,2.750869486215887,2.098502198291203,2.6393599650027735,2.3658100333276963,1.7362321910661669,2.4641691654689972
2023-11-22,2.7401075116756375,2.7827110883179316,2.1073658070675925,2.6523935189388372,2.366888463095684,1.736463418990222,2.472197044041229
2023-11-23,2.746118129211728,2.7827110883179316,2.105890943927828,2.6586131790619714,2.367967384454606,1.7366946777087486,2.482798033545376
2023-11-24,2.731035205159337,2.7952027937579644,2.109205504457354,2.6442758667293713,2.369046797628549,1.736925967225848,2.462035825440371
2023-11-27,2.7301655800395124,2.785650313127351,2.098625862585299,2.643478347967943,2.3701267028417012,1.7371572875456216,2.4662369910098008
2023-11-28,2.74230434145603,2.790793956543835,2.1095643991527346,2.6545900605090327,2.371207100318354,1.737388638672172,2.482063839749206
2023-11-29,2.7487452699365464,2.8821548610366254,2.1435823163239034,2.660229341282193,2.3722879902829006,1.7376200206096017,2.4747536782756088
2023-11-30,2.766134485396349,2.8968509850837227,2.1469860912737957,2.6766604761045727,2.373369372959836,1.737851433362014,2.4976147038048784
2023-12-01,2.781638227444882,2.8970959204845075,2.144513561839389,2.6915852772401982,2.374426014558886,1.7383136403341544,2.5143618937923815
2023-12-04,2.7764255464124172,2.9206097189598634,2.145636715635305,2.686109460630635,2.37548312658259,1.73877597023699,2.48725144950804
2023-12-05,2.773369712925884,2.910322432126895,2.1297805172398965,2.683637831207128,2.3765407092403863,1.7392384231032163,2.489221984072915
2023-12-06,2.751610356019723,2.8775010884217105,2.1043292843698365,2.6621225648019107,2.377598762741804,1.739700998965537,2.4641028663765296
2023-12-07,2.7646542185318643,2.9046889179088407,2.1148975682423488,2.6756389243163947,2.378657287296466,1.7401636978566646,2.4716923471035996
2023-12-08,2.7849709453645217,2.9421640342289392,2.1425714627378634,2.696241998918508,2.3797162831140892,1.7406265198093207,2.4929551329718502
2023-12-11,2.7873166625106305,2.9524513210619077,2.1530612563646185,2.699614905663817,2.3807757504044833,1.7410894648562352,2.4894801190009836
2023-12-12,2.794294734770715,2.9835581169615977,2.1590541577213465,2.706874024911956,2.3818356893775507,1.7415525330301467,2.4794101106900586
2023-12-13,2.840678568567886,3.024462328892686,2.184795896549861,2.7518640749300967,2.382896100243289,1.7420157243638026,2.539472576988837
2023-12-14,2.8685788181977907,3.107495429758788,2.22999943073922,2.777199810858999,2.3839569832117875,1.7424790388899594,2.566482788029833
2023-12-15,2.863750369059699,3.140806644265542,2.2347273044454052,2.772924688764347,2.3850183384932304,1.7429424766413815,2.553831234287063
2023-12-18,2.86825213512402,3.115333362583906,2.237361421800319,2.7771471000289467,2.3860801662978948,1.7434060376508425,2.571224350048221
2023-12-19,2.8778049462050546,3.104556204949368,2.236111754063054,2.786323809188922,2.3871424668361514,1.7438697219511252,2.586270713317425
2023-12-20,2.8623045202612043,3.0785930524661618,2.2345406944667605,2.771222085705596,2.3882052403184644,1.7443335295750202,2.5657389828267667
2023-12-21,2.883637253200778,3.0800626648708715,2.2358431870747095,2.791434332773572,2.389268486955393,1.7447974605553271,2.5927654744141377
2023-12-22,2.8878129821741263,3.0800626648708715,2.2448814286965284,2.795503929138877,2.390332206957588,1.7452615149248547,2.6039641365062978
2023-12-26,2.8945390028512654,3.078103181664592,2.254219726026334,2.800917521199274,2.3913964005357955,1.7457256927164198,2.6192637309245423
2023-12-27,2.9075520109847375,3.1116593315721315,2.2649396037882266,2.8137980931171835,2.392461067900855,1.7461899939628485,2.6322253996530844
2023-12-28,2.9151052335160417,3.1354180654482717,2.2762441235905078,2.8213460282669054,2.393526209263701,1.7466544186969755,2.632059063468432
2024-01-02,2.884544900603162,3.139962149601095,2.2664525020347894,2.79390219706052,2.394573119491923,1.7470030805377683,2.602859805469045
2024-01-03,2.8776008137700915,3.139962149601095,2.2675354461577495,2.7864884470403006,2.395620487630746,1.7473518119773772,2.605553353213905
2024-01-04,2.844854758274471,3.1036094763785065,2.244201641374929,2.7559254568238574,2.3966683138804576,1.7477006130296948,2.5740114618969474
2024-01-05,2.8512805877137155,3.1354180654482717,2.2531203612907333,2.760850697940977,2.397716598441431,1.7480494837086173,2.5896449055914625
2024-01-08,2.8766450905441174,3.0899772239200356,2.246900534510481,2.7861755102210104,2.398765341514129,1.7483984240280435,2.597561958757646
2024-01-09,2.8697317958898276,3.058168634850271,2.2346462766866866,2.780740131137182,2.3998145432991005,1.7487474340018743,2.578340125721122
2024-01-10,2.861368172891582,3.0445363823918,2.221152292294461,2.774058835008424,2.4008642039969827,1.7490965136440144,2.566463172913718
2024-01-11,2.8484950937539173,2.999095540863564,2.210017678087039,2.7628147297018706,2.401914323808501,1.7494456629683706,2.5626904014802316
2024-01-12,2.8488030644095996,2.9581987834881516,2.20136263447912,2.7637997323283585,2.4029649029344684,1.7497948819888522,2.569338356633799
2024-01-15,2.8527883756743226,2.8945816053486215,2.1922199583321507,2.7675977437898314,2.404015941575785,1.7501441707193726,2.5797979211507602
2024-01-16,2.834222628941131,2.8673171004316798,2.175184635839717,2.75182609837265,2.4050674399334397,1.7504935291738464,2.5361176075285914
2024-01-17,2.816256295996707,2.9218461102655633,2.178456155240268,2.7341645373822057,2.4061193982085087,1.750842957366192,2.521009848945949
2024-01-18,2.8100173810785556,2.8991256895014454,2.1685688431278085,2.7305006373858007,2.407171816602157,1.7511924553103304,2.4973130233190353
2024-01-19,2.8312198107606985,2.894581605348622,2.1714182420235724,2.751571129194325,2.408224695315636,1.7515420230201848,2.503588095115264
2024-01-22,2.82942666019148,2.8445966796675624,2.156923921113951,2.7521918762334106,2.4092780345502867,1.7518916605096821,2.4833041035411334
2024-01-23,2.8507122489699435,2.8582289321260332,2.1756899208474643,2.7716277576412267,2.4103318345075375,1.7522413677927513,2.5158842229540377
2024-01-24,2.847514816264893,2.8673171004316806,2.1847102636988183,2.767728985920051,2.4113860953889055,1.7525911448833242,2.507119796771702
2024-01-25,2.8555033287485747,2.9127579419599163,2.195060005276804,2.7757164721740395,2.4124408173959946,1.7529409917953356,2.514044521213647
2024-01-26,2.856162187971041,2.8764052687373276,2.195849929606467,2.776759435122533,2.4134960007304977,1.7532909085427233,2.529708956791623
2024-01-29,2.861529448754589,2.903669773654269,2.1965469586863486,2.7845021942498405,2.414551645594196,1.7536408951394273,2.5205945969378027
2024-01-30,2.8416138444552885,2.903669773654269,2.1875609284335544,2.766424614136853,2.4156077521889596,1.7539909515993912,2.499001296363021
2024-01-31,2.8386013917368427,2.880949352890151,2.1839180877289732,2.7600119299720984,2.416664320716746,1.7543410779365602,2.505875806107712
2024-02-01,2.8450401684266997,2.871861184584504,2.1899293237047406,2.766951473647374,2.4176782900554823,1.7550316824572545,2.520170125825082
2024-02-02,2.8515822122572967,2.8809493528901515,2.1866568594101485,2.7765443422401272,2.4186926848293155,1.7557225588376286,2.494694601468894
2024-02-05,2.8503401264395514,2.944566531029682,2.2045975175632204,2.776737114706501,2.4197075052167474,1.7564137071847015,2.5027611218198715
2024-02-06,2.8828869196087137,2.9581987834881525,2.2265257474350526,2.805905597720479,2.4207227513963545,1.7571051276055343,2.5581310638905492
2024-02-07,2.8944871260386917,2.953654699335329,2.2291091430748144,2.8182581882217224,2.421738423546788,1.7577968202072298,2.5489823775835285
2024-02-08,2.8792161391986135,2.9491106151825055,2.2150721739217096,2.8051992961465735,2.422754521846773,1.7584887850969333,2.514989773659211
2024-02-09,2.87377011952271,2.940022446876858,2.2033991536808424,2.799936802139573,2.423771046475112,1.7591810223818327,2.5112389711557728
2024-02-14,2.8593098692123333,2.944566531029682,2.1981546381697115,2.7857080042694684,2.4247879976106814,1.7598735321691572,2.491478507030741
2024-02-15,2.8787077308931948,2.971831035946624,2.216027384464588,2.804391612848606,2.425805375432432,1.7605663145661787,2.506892849878256
2024-02-16,2.8839805101549736,2.9536546993353294,2.222744855486306,2.8088181855193524,2.42682318011939,1.7612593696802112,2.5249730831569086
2024-02-19,2.887705244752658,2.9536546993353294,2.225095855676337,2.8114223463831864,2.4278414118506575,1.7619526976186113,2.531051023036185
2024-02-20,2.8797420751501073,2.9400224468768585,2.2212508653655383,2.803468125116446,2.4288600708054107,1.7626462984887772,2.548319582810015
2024-02-21,2.878605301569499,2.912757941959917,2.2109100225282914,2.8033200582494002,2.4298791571629015,1.76334017239815,2.5505845402677703
2024-02-22,2.9162126638838375,2.9173020261127407,2.2235957289107136,2.8430647202501613,2.430898671102457,1.764034319454213,2.5546835110822426
2024-02-23,2.9067337108479268,2.9082138578070937,2.211970187250354,2.83444797192199,2.43191861280348,1.7647287397644915,2.538563416356924
2024-02-26,2.899844267977239,2.8854934370429755,2.1995281768516786,2.8273807468039114,2.4329389824454473,1.765423433436553,2.542296565255859
2024-02-27,2.925517855017438,2.8764052687373285,2.2159685439526764,2.850509488026263,2.433959780207912,1.7661184005780082,2.5831022836114292
2024-02-28,2.91678303345495,2.867317100431681,2.206637740926921,2.842502304453949,2.434981006270502,1.7668136412965092,2.553013872398566
2024-02-29,2.9084052139424976,2.867317100431681,2.200609704693112,2.8349904826852947,2.4360026608129215,1.7675091556997509,2.530742673410863
2024-03-01,2.924769948096101,2.871861184584505,2.2056975890564208,2.850701396068259,2.4370116843138434,1.7676436829231381,2.533887957279843
2024-03-04,2.9072497318095323,2.885493437042975,2.2001656917259518,2.834986209071688,2.4380211257652222,1.767778220385552,2.5174145943132995
2024-03-05,2.898119509346707,2.85368484797321,2.1923297040723866,2.8249374382545915,2.4390309853401786,1.7679127680877724,2.512659301713632
2024-03-06,2.9086937639693873,2.8673171004316806,2.1963984489733877,2.835281166724188,2.440041263211904,1.7680473260305782,2.528196827490346
2024-03-07,2.912769047848719,2.8718611845845046,2.1994895456414785,2.8411291643486103,2.4410519595536635,1.768181894214749,2.5173992945227304
2024-03-08,2.90792361946042,2.8400525955147393,2.1795668698871413,2.83512925229578,2.4420630745387917,1.768316472641064,2.492508300626758
2024-03-11,2.8956004251816423,2.86731710043168,2.1775396741074426,2.8229348445118276,2.4430746083406967,1.7684510613103035,2.473928274189505
2024-03-12,2.9257204821173324,2.871861184584504,2.1936972203072167,2.8536777315794546,2.4440865611328575,1.7685856602232464,2.5042195057029932
2024-03-13,2.9286944050582586,2.8627730162788567,2.189348653364437,2.8564828911465066,2.4450989330888255,1.7687202693806725,2.5108535341241196
2024-03-14,2.914560153517475,2.8627730162788567,2.1791239227226855,2.844070539359871,2.4461117243822232,1.768854888783362,2.50465358822261
2024-03-15,2.900766903409073,2.840052595514739,2.1666833614962986,2.828933239887718,2.447124935186746,1.768989518432094,2.48605531972737
2024-03-18,2.9138537796681474,2.826420343056268,2.1730096827091945,2.8437220029340695,2.4481385656761607,1.769124158327649,2.4902209819366314
2024-03-19,2.928713504235538,2.840052595514739,2.184520352013295,2.8588118487662073,2.4491526160243056,1.7692588084708063,2.5014932007142217
2024-03-20,2.951988813564783,2.8082440064449736,2.1933454628803104,2.8812013525890485,2.4501670864050924,1.769393468862346,2.532798533730836
2024-03-21,2.949635281881265,2.8127880905977976,2.1875007111031826,2.878139872521206,2.451181976992504,1.7695281395030484,2.5138452316339217
2024-03-22,2.931765103049362,2.785523585680856,2.174164160551363,2.862240563686191,2.4521972879605944,1.7696628203936933,2.49165131620371
2024-03-25,2.920924439210407,2.817332174750621,2.1792366571584267,2.8516586564205353,2.4532130194834916,1.7697975115350608,2.4897755226496687
2024-03-26,2.9186783012405213,2.794611753986503,2.1704548229586345,2.848942371280248,2.454229171735394,1.7699322129279313,2.488432867951623
2024-03-27,2.9382428840003487,2.785523585680856,2.1777960601937334,2.8677506466533265,2.455245744890574,1.7700669245730851,2.504666338048084
2024-03-28,2.952491513967506,2.7809795015280323,2.1846617575068192,2.8808640401048082,2.4562627391233742,1.7702016464713022,2.5128160264913872
2024-04-01,2.946292094443468,2.82446628028531,2.193805737037599,2.873943102156804,2.4572493594757527,1.7705213570676468,2.490932422198109
2024-04-02,2.936709796140059,2.791851196217351,2.1781395604810703,2.866375054963396,2.45823637612927,1.7708411254059246,2.5018790300481957
2024-04-03,2.9326125418004723,2.81359458559599,2.180966535925318,2.8624509906774103,2.4592237892431092,1.7711609514965645,2.497365003376738
2024-04-04,2.9263718272265455,2.7788051625901673,2.1687206742352463,2.857515253569887,2.46021159897652,1.7714808353499965,2.499505797149488
2024-04-05,2.932240135399669,2.844035330726085,2.191056847664659,2.8615596881204817,2.461199805488815,1.7718007769766533,2.487106689951113
2024-04-08,2.9520486454110144,2.8135945855959914,2.190949212669938,2.8823359197865153,2.4621884089393693,1.772120776386969,2.527548155600435
2024-04-09,2.9647139683275117,2.7853281794037614,2.1891303728438274,2.895236547578563,2.4631774094876238,1.7724408335913802,2.547814689721224
2024-04-10,2.940377242928279,2.8244662802853107,2.1874955549441633,2.8708378262663503,2.4641668072930827,1.7727609486003242,2.5117889790116257
2024-04-11,2.9436600795378856,2.8701273979804527,2.2015398725249127,2.872572060409478,2.465156602515315,1.7730811214242412,2.4988941978290344
2024-04-12,2.9010538063102476,2.84186099178822,2.1740148300258757,2.833149459263423,2.4661467953139526,1.7734013520735732,2.470447179532642
2024-04-15,2.8865473479487296,2.8222919413474443,2.1689526984736953,2.820883283947619,2.4671373858486927,1.7737216405587635,2.458438805447271
2024-04-16,2.8882090780923813,2.8853477705454975,2.1906768777831283,2.820868015564758,2.4681283742792957,1.7740419868902577,2.439897224637602
2024-04-17,2.8690494312394015,2.802722890906668,2.171350518189567,2.803680814402983,2.4691197607655866,1.7743623910785036,2.435631525336155
2024-04-18,2.8641945309144674,2.8201176024095793,2.1676740201703217,2.799238084195131,2.470111545467455,1.7746828531339502,2.436122491692504
2024-04-19,2.858350360390688,2.6505191652561937,2.137221093781869,2.796318800279336,2.4711037285448536,1.7750033730670487,2.4543276732608073
2024-04-22,2.8694677253969014,2.7027032997649285,2.1493748623645383,2.8063774919961384,2.472096310157801,1.7753239508882526,2.4631321142800164
2024-04-23,2.870015499449613,2.726621028081431,2.156252838708296,2.8053234897341577,2.4730892904663784,1.7756445866080162,2.454793924570852
2024-04-24,2.864888610893154,2.696180282951336,2.153569468667686,2.7999868258578786,2.474082669630732,1.775965280236797,2.4468031185680768
2024-04-25,2.855034999590512,2.6809599103862882,2.1517837605629486,2.790131851713298,2.4750764478110727,1.7762860317850533,2.4449375248744145
2024-04-26,2.884805795984934,2.700528960827065,2.1612067771165018,2.819938441097414,2.4760706251676754,1.776606841263246,2.4818274776000235
2024-04-29,2.901276406896598,2.69183160507561,2.163590987574461,2.834427517228791,2.477065201860879,1.7769277086818378,2.498020148254966
2024-04-30,2.877375271777565,2.694005944013473,2.152804051145307,2.8124313923931594,2.478060178051088,1.777248634051293,2.470017608489732
2024-05-02,2.889153815028936,2.676611232510562,2.1454199866228603,2.82398226383412,2.479038647171132,1.7776371090899694,2.4935176945020157
2024-05-03,2.925484741773771,2.7114006555163868,2.1607371785326723,2.858065211964681,2.4800175026424953,1.7780256690424012,2.52071248378565
2024-05-06,2.929393609910949,2.7701078068387126,2.176961594961341,2.8614904703316504,2.48099674461773,1.778414313927149,2.5198694260950436
2024-05-07,2.9311040090871225,2.761410451087257,2.1755358507015705,2.863958219409744,2.481976373249448,1.7788030437627775,2.5344785684260525
2024-05-08,2.936673200024326,2.7983742130309444,2.1857416113903825,2.8701618799400026,2.4829563886903214,1.7791918585678554,2.539782691974607
2024-05-09,2.9381822155457065,2.820117602409583,2.2047252607238024,2.8683175288946634,2.4839367910930834,1.7795807583609558,2.5144291736406528
2024-05-10,2.9304977318269034,2.837512313912494,2.2010272034090246,2.860848451373654,2.484917580610527,1.779969743160655,2.5028803817258467
2024-05-13,2.9395934718480174,2.8288149581610385,2.2038329116912427,2.8702463551832675,2.4858987573955047,1.7803588129855341,2.5137710864950074
2024-05-14,2.9509509433252896,2.8418609917882223,2.214475321513247,2.879735900809793,2.4868803216009314,1.7807479678541787,2.520846258877552
2024-05-15,2.968152554454273,2.904916820986276,2.2478458532475787,2.8952790138760376,2.4878622733797804,1.7811372077851773,2.511276043725227
2024-05-16,2.970109835099643,2.9005681431105486,2.237433409425492,2.897266727096669,2.4888446128850865,1.7815265327971228,2.516298101904054
2024-05-17,2.9636125068354118,2.874476075856182,2.2278663213301635,2.8915075359887368,2.4898273402699447,1.781915942908613,2.51369105682126
2024-05-20,2.967384600240512,2.909265498862005,2.233813262648639,2.8944612450595684,2.4908104556875097,1.7823054381382488,2.505849129549795
2024-05-21,2.9687411147678207,2.900568143110549,2.241529903794866,2.89604310721021,2.4917939592909977,1.7826950185046355,2.499192347593976
2024-05-22,2.9421694092401176,2.9353575661163704,2.2361987263737007,2.8695744157237852,2.492777851233685,1.7830846840263828,2.464639928255747
2024-05-23,2.9219000634461025,2.963623972308601,2.225140858281031,2.849976982895866,2.4937621316689085,1.7834744347221037,2.4465816639071423
2024-05-24,2.928760232035119,3.015808106817335,2.2382176020522744,2.855442273096539,2.494746800750066,1.783864270610416,2.4382681892442823
2024-05-27,2.940182720377589,3.0592948855746136,2.24894023285962,2.8641958254531463,2.4957318586306148,1.7842541917099413,2.4419972189688326
2024-05-28,2.9191880109237625,3.0701665802639324,2.2357260354092716,2.845617456529257,2.4967173054640734,1.7846441980393053,2.4279500497145072
2024-05-29,2.908992881708376,3.076689597077524,2.22952131437881,2.83525945285042,2.497703141404021,1.7850342896171374,2.406917545309443
2024-05-31,2.907034437925562,3.0288541404445173,2.236081009247475,2.8319671651749756,2.498689366604098,1.7854244664620718,2.394968212723576
2024-06-03,2.904010606935443,3.0527718687610204,2.239228278433551,2.829058971699489,2.499670591737601,1.7856028720615764,2.3936636113507928
2024-06-04,2.9060666121221987,3.1006073253940265,2.250118639879758,2.8310997463300884,2.5006522021942166,1.7857812954879668,2.3891615499001646
2024-06-05,2.917927199533688,3.191929560784311,2.274660285870564,2.8405848032349974,2.501634198125259,1.7859597367430247,2.3814188751162404
2024-06-06,2.9263969384646686,3.1723605103435366,2.261372400741731,2.8505480686163733,2.502616579682102,1.7861381958285307,2.4106742323477155
2024-06-07,2.9092566364886894,3.2071499333493585,2.2679770090028057,2.832602805694469,2.50359934701618,1.786316672746267,2.3688624546866257
2024-06-10,2.913238194980623,3.2462880342309086,2.2894770619256612,2.8358970705629996,2.5045825002789854,1.7864951674980154,2.3687118105948652
2024-06-11,2.929292599401306,3.254985389982365,2.289027777928699,2.8516093282452455,2.505566039622072,1.7866736800855578,2.385885825509023
2024-06-12,2.92686130313061,3.341958947496921,2.31748684324567,2.8465904136025837,2.506549965197051,1.7868522105106766,2.3525589586256355
2024-06-13,2.915074296619323,3.3267385749318734,2.299605271024261,2.8358532179487823,2.5075342771555937,1.7870307587751542,2.3453309844885584
2024-06-14,2.9170616772565725,3.350656303248376,2.304274337795946,2.8382166047182986,2.5085189756494324,1.787209324880773,2.3471914782520304
2024-06-17,2.9206516711646615,3.394143082005654,2.3203299485460085,2.8411856207916095,2.509504060830358,1.7873879088293159,2.336902957547589
2024-06-18,2.93086053660949,3.415886471384294,2.335216601279926,2.8517649318202043,2.5104895328502197,1.7875665106225656,2.3465649714433297
2024-06-19,2.9492410016050408,3.4593732501415735,2.346963224967606,2.8678263316338244,2.511475391860929,1.7877451302623055,2.3589401482000447
2024-06-20,2.948986111299538,3.4180608103221592,2.352966339422701,2.8699210434415634,2.5124616380144547,1.7879237677503188,2.362560510181321
2024-06-21,2.9575252592471033,3.3723996926270177,2.344734720771032,2.879536811809179,2.5134482714628263,1.7881024230883888,2.380120354429453
2024-06-24,2.9639000899677512,3.2702057625474144,2.3323154769450865,2.8872473860094923,2.5144352923581335,1.7882810962782993,2.405538210344264
2024-06-25,2.9774487053883703,3.3810970483784746,2.360689980945974,2.899297732538008,2.515422700852525,1.7884597873218342,2.399544419313119
2024-06-26,2.9921781492913255,3.4137121324464332,2.37860449987216,2.9126351108783837,2.5164104970982084,1.788638496220777,2.4056233399482014
2024-06-27,3.0186516878472274,3.418060810322163,2.3886950851882633,2.9386147090736405,2.517398681247453,1.7888172229769126,2.438312519406703
2024-06-28,3.0251964287985387,3.405014776694979,2.4026672081757465,2.9438247961490016,2.5183872534525866,1.7889959675920248,2.430441365612227
2024-07-01,3.048259291956518,3.5220608762436543,2.433040609968013,2.965172226443975,2.5193762138659976,1.7893191339923493,2.446359424641565
2024-07-02,3.0611340848681308,3.56354037117143,2.443877418579287,2.976664329543349,2.5203655626401336,1.7896423587698438,2.447713063804635
2024-07-03,3.0665790219556777,3.566415187651574,2.4349993178889133,2.9836007600993852,2.5213552999275017,1.7899656419350543,2.464872563532867
2024-07-04,3.0693390544595665,3.5319173898898604,2.4140544879876784,2.9859767939416013,2.5223454258806703,1.7902889834985274,2.474721117182858
2024-07-05,3.070824047490133,3.5520411052508605,2.413613811898794,2.9883646857462596,2.5233359406522666,1.7906123834708128,2.4767428472007924
2024-07-08,3.072814129278837,3.559433490485514,2.417552172435441,2.9904314142542985,2.5243268443949773,1.790935841862461,2.482260383212674
2024-07-09,3.0694582010298217,3.5282211972725346,2.401530051824497,2.9891794755348866,2.525318137261551,1.7912593586840253,2.4932424944229292
2024-07-10,3.0812788455279967,3.5503983529764946,2.407143552287679,2.999944156516636,2.5263098194047937,1.7915829339460605,2.49540054949786
2024-07-11,3.10195913386873,3.451011840377271,2.419211680535621,3.020458259740507,2.527301890977574,1.791906567659123,2.516494056914041
2024-07-12,3.1133565056343118,3.4411553267310677,2.429974690097628,3.0326827124165705,2.5282943521328187,1.792230259833772,2.5283292295241204
2024-07-15,3.1272237481591088,3.4625111062978435,2.4327693873216534,3.04540886644964,2.5292872030235154,1.7925540104805677,2.5366456464543985
2024-07-16,3.130213160367064,3.440333950593884,2.43451021878908,3.048577922160477,2.5302804438027118,1.792877819610073,2.532515095302981
2024-07-17,3.1279077296703592,3.361892529492843,2.428818908265405,3.049104043083611,2.5312740746235147,1.7932016872328518,2.5391830578749857
2024-07-18,3.1074097789176967,3.40871096931231,2.4327205050929948,3.0263725070959606,2.532268095639093,1.7935256133594706,2.5039099791707056
2024-07-19,3.101211363132654,3.383658997128208,2.4252350290309246,3.020880647412747,2.5332625070026737,1.7938495980004976,2.5032116810370253
2024-07-22,3.120290597036999,3.433352253427821,2.4380508320748833,3.0374177674334306,2.534257308867545,1.7941736411665028,2.5079814888226175
2024-07-23,3.099644955011036,3.4567614733375547,2.4305744660278465,3.016141585870266,2.535252501387056,1.7944977428680584,2.4830744105314313
2024-07-24,3.0745878473587016,3.295361062380961,2.4175879420685304,2.9958015802356583,2.5362480847146145,1.7948219031157384,2.4797965284775167
2024-07-25,3.0613858868702604,3.2793442277058786,2.401975688139139,2.9827195002992717,2.537244059003689,1.7951461219201184,2.4706041004615606
2024-07-26,3.0924231263520805,3.2965931265867376,2.423308533187957,3.013796423921676,2.538240424407809,1.7954703992917762,2.5007799950922953
2024-07-29,3.0770673598107456,3.3278054197997164,2.4127208437768446,2.9992784121745566,2.539237181080563,1.7957947352412915,2.490214705099476
2024-07-30,3.0560993055757297,3.240328861189654,2.3965677925001696,2.980318422180675,2.5402343291756018,1.796119129779246,2.474235250756699
2024-07-31,3.1053491106754763,3.379552116442289,2.4418936799407813,3.0248312299287075,2.541231868846634,1.796443582916223,2.503905075391676
2024-08-01,3.0961509707342145,3.336019181171554,2.440548240247535,3.0173471354110637,2.5422298002474313,1.7964265162356192,2.498869678933892
2024-08-02,3.054380759328121,3.226776154926123,2.4014993166068233,2.9781076372961857,2.543228123531823,1.7964094497171532,2.4686425888500976
2024-08-05,3.0132262586996568,3.1121941837889993,2.363174866199402,2.941218924791874,2.5442268388537013,1.7963923833608235,2.457176572725295
2024-08-06,3.022808384695331,3.1093193673088573,2.3547150203130878,2.9516386564629418,2.5452259463670175,1.7963753171666288,2.4767359819101524
2024-08-07,3.0271164725880473,3.0514123496374097,2.336601485768178,2.958758475043883,2.546225446225783,1.7963582511345673,2.5011995624259864
2024-08-08,3.063110694629182,3.1294430826698605,2.3664861075082633,2.9924889304366538,2.547225338584071,1.7963411852646376,2.523698100609458
2024-08-09,3.0861951944310397,3.1294430826698627,2.363976394593134,3.0164903743249623,2.548225623596014,1.796324119556838,2.562020349113756
2024-08-12,3.0881572479759716,3.1183545048178836,2.36335500138725,3.0196577624828347,2.549226301415805,1.7963070540111672,2.5718536029731776
2024-08-13,3.1098664470111252,3.1848859719297624,2.373115201183565,3.041233793398048,2.5502273721977,1.7962899886276233,2.5970015548902508
2024-08-14,3.12607465709062,3.196385237850335,2.3815224774552437,3.058055012318706,2.551228836096011,1.7962729234062051,2.6150413810297075
2024-08-15,3.1607309020945364,3.287147301009133,2.411624834362344,3.0890063813111004,2.552230693265115,1.7962558583469108,2.631434910473664
2024-08-16,3.1541217666766426,3.2928969339694185,2.4133740690324346,3.0827254474420096,2.553232943859447,1.796238793449739,2.6275085526810003
2024-08-19,3.1857526984657607,3.310556520918869,2.4139366103256865,3.1146010237099486,2.554235588033504,1.7962217287146884,2.663300843508835
2024-08-20,3.205329701157021,3.366820786315952,2.4249153704227635,3.1321467210369254,2.555238625941843,1.796204664141757,2.6693703488881817
2024-08-21,3.2176848469168737,3.369695602796096,2.4366126940647916,3.144199360734683,2.5562420577390816,1.7961875997309436,2.6767503401751465
2024-08-22,3.204521569490769,3.312199273193237,2.445723620555826,3.131067026556368,2.5572458835798986,1.7961705354822466,2.651441740457095
2024-08-23,3.2170868729572297,3.298235878861116,2.4387380133640915,3.1429972312660754,2.558250103619033,1.7961534713956642,2.6599758851762445
2024-08-26,3.223129430376921,3.2686663379225043,2.4402777363255495,3.151551156390174,2.5592547180112852,1.796136407471195,2.6850879414308277
2024-08-27,3.2226102164981327,3.2653808333737695,2.457494168130888,3.151123279518582,2.560259726911516,1.7961193437088376,2.6828753563330983
2024-08-28,3.2239535320578576,3.2497746867672794,2.463913304117374,3.1545924316699336,2.5612651304746477,1.7961022801085904,2.694017723042009
2024-08-29,3.220854872736912,3.2928969339694225,2.4815393767792298,3.149220067555708,2.5622709288556615,1.796085216670452,2.6684668766399415
2024-08-30,3.2334094062273033,3.3462863828863614,2.506393402438586,3.1594559253921664,2.563277122209602,1.7960681533944205,2.6677344482042216
2024-09-02,3.233440126105481,3.367231474384545,2.5074464282109803,3.156589196750171,2.5642929236820526,1.7964436544218159,2.6461982276173335
2024-09-03,3.188586029870381,3.23252578788642,2.4691845194777677,3.1186235696282063,2.56530912770662,1.7968192339545959,2.6353591106035545
2024-09-04,3.216403041088431,3.2362219805037493,2.4794659834247135,3.1479115816928993,2.566325734442832,1.797194892009174,2.669827773395974
2024-09-05,3.201963483610919,3.2415609253954436,2.4564517253287805,3.136413116442437,2.5673427440502783,1.7975706286019661,2.677512191285038
2024-09-06,3.1609307404028275,3.113836936063379,2.4321947709530582,3.097394057184001,2.568360156688614,1.7979464437493926,2.6396542325791734
2024-09-09,3.1685629902566586,3.154084366785379,2.4429863176068833,3.103841403937628,2.569377972517555,1.7983223374678763,2.642886019110218
2024-09-10,3.184530479883943,3.241971613464033,2.4599148419373273,3.1160858264256155,2.5703961916968834,1.7986983097738443,2.6346941581672683
2024-09-11,3.2045308315805605,3.3249306033195847,2.481433663868424,3.133298311654765,2.5714148143864413,1.7990743606837265,2.641700089189928
2024-09-12,3.2031600697894227,3.3528573919838296,2.482563747245964,3.1303353608617694,2.5724338407461365,1.7994504902139563,2.6290028322266106
2024-09-13,3.216742193771232,3.346697070954953,2.4747958522204687,3.143589652420268,2.5734532709359397,1.7998266983809712,2.6457251110166484
2024-09-16,3.2113268339428487,3.288790053283504,2.4680874965389084,3.1396128010484317,2.5744731051158842,1.8002029852012116,2.65035957450105
2024-09-17,3.2045060682004123,3.286736612940545,2.471963662110305,3.133184904050869,2.5754933434460683,1.8005793506911212,2.6472597977014565
2024-09-18,3.181719771454599,3.251006750973054,2.4607303393035203,3.11093777745188,2.576513986086652,1.8009557948671473,2.623476469412477
2024-09-19,3.1865062285145784,3.3425901902690334,2.4863989158353332,3.1129136242388125,2.5775350331978597,1.8013323177457408,2.611216629538516
2024-09-20,3.164120881372142,3.382016244853847,2.4918977181230106,3.0893491657415044,2.578556484939979,1.8017089193433558,2.5708638242140323
2024-09-23,3.164553468658722,3.3840696851968057,2.502851327404664,3.0868360778515056,2.5795783414733617,1.80208559967645,2.5611137384469367
2024-09-24,3.184609682214533,3.3512146397094598,2.530392165736731,3.107857294197197,2.580600602958422,1.8024623587614848,2.592250577616127
2024-09-25,3.1690919485936915,3.3586070249441122,2.5184765300200858,3.09322713208082,2.5816232695556383,1.8028391966149242,2.5810834958609115
2024-09-26,3.1923621660841284,3.332322988554236,2.549935972515085,3.1172207433040517,2.5826463414255527,1.8032161132532365,2.609002279080336
2024-09-27,3.190905296897522,3.2961824385181537,2.555647597460778,3.1145108728270157,2.5836698187287706,1.8035931086928931,2.603521423335588
2024-09-30,3.1853799447422704,3.323287851045215,2.5703209247292076,3.108241120498778,2.5846937016259615,1.803970182950369,2.585594776416113
2024-10-01,3.183150140630385,3.4704620273057887,2.571563904960917,3.109749241903101,2.5857319095383606,1.8044499141629011,2.59890794802543
2024-10-02,3.2053653636092263,3.6935970687331108,2.6066724543398645,3.1309758326942223,2.5867705344733523,1.8049297729507325,2.618911051136799
2024-10-03,3.17996056193582,3.6081410954205193,2.592096075803563,3.1011099655333445,2.587809576598445,1.8054097593477896,2.582751957637621
2024-10-04,3.190867452194303,3.7363250553894067,2.5942600535627967,3.109095968717076,2.588849036081213,1.8058898733880078,2.5851065561760205
2024-10-07,3.1950974689851277,3.9214796642333543,2.6143961461773406,3.1108749412198278,2.5898889130892995,1.8063701151053306,2.589545260801598
2024-10-08,3.2049911363686925,3.52743267618085,2.606694647840889,3.1172762108982583,2.590929207790413,1.806850484533712,2.5796178543848267
2024-10-09,3.1951875897448687,3.4847046895245546,2.5851258680724043,3.1003706018478647,2.591969920352332,1.8073309817071141,2.54922089739548
2024-10-10,3.1960860637706294,3.513190013962085,2.594841905380234,3.1034668893173927,2.5930110509428994,1.8078116066595082,2.5568864847730746
2024-10-11,3.203294726881926,3.5464228924725374,2.5971185389948728,3.1047511010947577,2.594052599730028,1.8082923594248748,2.549813862355625
2024-10-14,3.2236277856923676,3.4562193650870245,2.6525025606300727,3.126618934839229,2.5950945668816967,1.8087732400372032,2.569683190375093
2024-10-15,3.219412700480862,3.3137927428993725,2.6290459589973003,3.1248104419385037,2.5961369525659523,1.8092542485304919,2.5704289570897703
2024-10-16,3.237490361878604,3.3755109458473553,2.6240957617573732,3.1424824148669246,2.597179756950909,1.809735384938748,2.5842860558689447
2024-10-17,3.2233140346283995,3.275812310315999,2.600035663207188,3.126059702332846,2.5982229802047487,1.8102166492959886,2.5655279241773705
2024-10-18,3.2385803668659334,3.456219365087025,2.6111144380540336,3.13538591396562,2.599266622495721,1.8106980416362388,2.5597581377722545
2024-10-21,3.2324790694861383,3.399248716211964,2.5770312644967226,3.130375380554199,2.600310683992142,1.8111795619935336,2.557057136283271
2024-10-22,3.223462838068812,3.437229148795338,2.5847900566781576,3.1222087091860384,2.601355164862397,1.8116612104019165,2.549011211804214
2024-10-23,3.204231971185282,3.4229864865765727,2.585388505738106,3.104233513251148,2.6024000652749373,1.8121429868954402,2.5349224585037256
2024-10-24,3.2178305595674987,3.380258499920277,2.6033723337500785,3.119421896969903,2.6034453853982837,1.8126248915081666,2.551278326924742
2024-10-25,3.220264874122142,3.4087438243578077,2.5957596645864633,3.119246297781065,2.6044911254010232,1.8131069242741664,2.5478725543137606
2024-10-28,3.244975358580662,3.460966919159947,2.6185867531734806,3.144580365482313,2.605537285451811,1.8135890852275196,2.573749992399136
2024-10-29,3.2492920193425374,3.451471811014103,2.6044712621357045,3.1433297737548904,2.6065838657193705,1.8140713744023151,2.564282756606414
2024-10-30,3.24939046467905,3.4134913784307295,2.5895265648510692,3.144301553023191,2.6076308663724923,1.814553791832651,2.5625056270864297
2024-10-31,3.220114864960571,3.4134913784307295,2.578332759448719,3.1191327859166083,2.6086782875800347,1.8150363375526346,2.5443420295642896
2024-11-01,3.2075486110663514,3.484704689524555,2.536864550934359,3.106926754571416,2.609762566826357,1.815372770666093,2.513103387942465
2024-11-04,3.2438251009173014,3.4609669191599464,2.5546745928589534,3.138265788910924,2.610847296745914,1.8157092661404184,2.560062760525515
2024-11-05,3.2554035114419406,3.5226851221079287,2.556926896415164,3.147702075564154,2.611932477526026,1.8160458239871702,2.562925782873605
2024-11-06,3.2660037671931277,3.38975360806612,2.5439928370583065,3.154235439093208,2.61301810935409,1.8163824442179095,2.5566522802866656
2024-11-07,3.265812851500773,3.570160662837146,2.5469648952122834,3.149644375512227,2.6141041924175807,1.8167191268441998,2.5437216034415844
2024-11-08,3.2408590724666873,3.399248716211964,2.516859916921851,3.1205186185459706,2.615190726904051,1.8170558718776066,2.507396369908916
2024-11-11,3.2562749847738113,3.4087438243578077,2.565220038080139,3.134898075135197,2.6162777130011317,1.8173926793296975,2.508257473506348
2024-11-12,3.2416996097027364,3.299550080680608,2.544356268738901,3.1212744679202236,2.6173651508965317,1.8177295492120427,2.504817374442166
2024-11-13,3.243826115164952,3.313792742899373,2.5445593742654125,3.122076811115619,2.618453040778038,1.8180664815362138,2.5055148879712013
2024-11-14,3.237107761449607,3.290054972534764,2.521557116816658,3.118108724532148,2.6195413828335155,1.8184034763137853,2.506647072473337
2024-11-18,3.220783259440205,3.309045188826451,2.5394883123412795,3.1069599839779514,2.6206301772509075,1.8187405335563331,2.506187882605094
2024-11-19,3.2389864172283156,3.2948025266076866,2.554077124628842,3.1221240851807566,2.6217194242182345,1.8190776532754362,2.514603944325234
2024-11-21,3.2330356766663,3.3185402969722952,2.5555366926835976,3.11135326324779,2.622809123923596,1.8194148354826747,2.489591925162835
2024-11-22,3.2659887452698455,3.2378318777326256,2.546525002886873,3.1460231240711827,2.6238992765551696,1.8197520801896316,2.5328118720097934
2024-11-25,3.2798327502405784,3.2235892155138606,2.5519538389388194,3.1569863977578545,2.6249898823012114,1.8200893874078916,2.5310580844779853
2024-11-26,3.2994945754808276,3.2045989992221737,2.5856286534010873,3.1780571974288003,2.6260809413500548,1.8204267571490418,2.548442569588052
2024-11-27,3.282970047797167,3.3565207295556694,2.575045696490912,3.153127867718459,2.627172453890111,1.820764189424671,2.5042346093424
2024-11-28,3.255484028298959,3.4087438243578085,2.5471592460261014,3.1145714703835012,2.628264420109873,1.8211016842463714,2.444247661240663
2024-11-29,3.275070493216753,3.4277340406494954,2.5284550504105687,3.132800454764095,2.6293568401979073,1.821439241625736,2.4649890773225867
2024-12-02,3.279651322574606,3.470462027305791,2.5443400235326203,3.135256736643974,2.630518114144253,1.8218891320237887,2.4565096587773967
2024-12-03,3.2907910938576217,3.4514718110141036,2.543695487605071,3.1485524358891146,2.631679900975407,1.8223391335435113,2.4742350546055367
2024-12-04,3.291965426672126,3.41349137843073,2.4940351374531757,3.147405529951469,2.6328422009178882,1.8227892462123507,2.4732115378466757
2024-12-05,3.3104681336983455,3.4182389325036517,2.5119416071029894,3.171245204552349,2.634005014198316,1.8232394700577603,2.5079412778345813
2024-12-06,3.2995204143519397,3.4894522435974777,2.496540615185253,3.1525625907919466,2.6351683410434092,1.8236898051072004,2.470438941183874
2024-12-09,3.307057846481376,3.764810379826938,2.5155544594157204,3.162913743646633,2.6363321816799883,1.8241402513881384,2.495242647813136
2024-12-10,3.311237547714529,3.570160662837147,2.5335489881200783,3.1740027022528774,2.637496536334972,1.8245908089280476,2.5152167205526563
2024-12-11,3.3355121385326996,3.4894522435974773,2.5336789657987615,3.1994159671116256,2.6386614052353807,1.825041477754409,2.5419878233282147
2024-12-12,3.2789788805501026,3.5179375680350082,2.5067202694429995,3.13878228643871,2.639826788608334,1.8254922578947101,2.4723325844935804
2024-12-13,3.2648249597407513,3.498947351743321,2.4899491594850627,3.119482148149311,2.640992686681053,1.8259431493764449,2.444283164600832
2024-12-16,3.2673013017000248,3.494199797670399,2.48069725660275,3.114739547382522,2.6421590996808577,1.8263941522271145,2.4236449240296714
2024-12-17,3.2738959729599086,3.5321802302537733,2.4900837788779797,3.12576565701921,2.64332602783517,1.826845266474227,2.4459665338657888
2024-12-18,3.2048041000808714,3.541675338399617,2.456473179936417,3.050462350034901,2.644493471371511,1.8272964921452963,2.3689544495812043
2024-12-19,3.182070439622769,3.4894522435974777,2.4539805528252483,3.038346352112692,2.6456614305175026,1.8277478292678444,2.3771149263383706
2024-12-20,3.2012142659966525,3.484704689524556,2.4679275013235595,3.0564248685272566,2.646829905500868,1.8281992778693994,2.3950478500950023
2024-12-23,3.1989635244983403,3.551170446545461,2.4661669040705414,3.0458762063903073,2.64799889654943,1.8286508379774964,2.3688502933146354
2024-12-26,3.2038383103694805,3.5938984332017565,2.4544810681309905,3.0501089332367517,2.649168403891113,1.829102509619677,2.374949221368155
2024-12-27,3.1865162030034138,3.565413108764226,2.448034288471699,3.0332017205070056,2.650338427753941,1.8295542928234898,2.3590964806754786
2024-12-30,3.173223632816363,3.5226851221079305,2.4349315911181013,3.0239122224636477,2.651508968366039,1.8300061876164904,2.3593728576615334
